source_a,source_a_id,source_b,source_b_id,confidence,label,competing_candidates,abstention_reason,a_amount_paise,b_amount_paise,a_utr,b_utr,a_order_id,b_order_id
bank,bank_norm_banktxn_09p5roxgk36kr8al,merchant,merch_norm_led_ygx71q0ilybs,1.0,AUTO_MATCH,0,,67616,67616,RZWUZR7B389YMI2H,,,order_kcfajt2tc1pz
bank,bank_norm_banktxn_0fyzsxa4zydxjisx,merchant,merch_norm_led_6qsrpfh80yej,1.0,AUTO_MATCH,0,,420006,420006,25C3OGR79OV75QCD,,,order_m152nnzc556n
bank,bank_norm_banktxn_0ganmj9x0kfsqj8n,merchant,merch_norm_led_l1uzrzxsyp1b,1.0,AUTO_MATCH,0,,14778,14778,32OGGXZLIYULF67X,,,order_sypk8j58wlfu
bank,bank_norm_banktxn_0guvkubi02e3c5n4,merchant,merch_norm_led_xq5smzrb9jjt,1.0,AUTO_MATCH,0,,35873,35873,T9HA0QU3Z1LXMZ9H,,,order_rx4ij5rro66u
bank,bank_norm_banktxn_0lf7y1ijvi1k2k6l,merchant,merch_norm_led_h0q3flqat0o4,1.0,AUTO_MATCH,0,,97593,97593,DVHZPVZ8REVO8GP4,,,order_v1wmfwu1rg24
bank,bank_norm_banktxn_0odkqn69rggyrnhp,merchant,merch_norm_led_dqzzubnzzugj,1.0,AUTO_MATCH,0,,135435,135435,R8GUE5IYQGC00X7X,,,order_rxqn2xreuom6
bank,bank_norm_banktxn_0tiya4smjrgtjcou,merchant,merch_norm_led_6fomii1ph03v,1.0,AUTO_MATCH,0,,50070,50070,FXQBAB5OFV9ETGTG,,,order_saj12k3imnr9
bank,bank_norm_banktxn_0vz4zt62pxkrj8lt,merchant,merch_norm_led_3qz09rcf4ngb,1.0,AUTO_MATCH,0,,18938,18938,F5JD5K54GERUYQA6,,,order_6wc3xnw336yu
bank,bank_norm_banktxn_0yu80tezauuut77w,merchant,merch_norm_led_i8k8uwoc030s,1.0,AUTO_MATCH,0,,142295,142295,4N3AK8XNJR6F0YTC,,,order_ldatbuorzegk
bank,bank_norm_banktxn_1ba1esfmj2necg06,merchant,merch_norm_led_qhtyn3q2ecv4,1.0,AUTO_MATCH,0,,538246,538246,I313ALKXTW9KTC7D,,,order_yjhyvy1m96yi
bank,bank_norm_banktxn_1czmdub8txeb0ald,merchant,merch_norm_led_bjhxyy1vqrmt,1.0,AUTO_MATCH,0,,776309,776309,1GP23LB2JLOQYPM5,,,order_g8375vf42427
bank,bank_norm_banktxn_1dzmhuzsbqx6c79b,merchant,merch_norm_led_h5be8w0pbmfg,1.0,AUTO_MATCH,0,,390761,390761,T5O7XOAWOTGUQBDU,,,order_ux8pcyy0cah9
bank,bank_norm_banktxn_1pesnu6jl956zadv,merchant,merch_norm_led_f59puxe3vgqj,1.0,AUTO_MATCH,0,,356276,356276,ZHUIYWFO1VPNY6SE,,,order_htc6guoir5eq
bank,bank_norm_banktxn_1r1y68ms3p19xa9g,merchant,merch_norm_led_zs4ju3qvmpl2,1.0,AUTO_MATCH,0,,362824,362824,AWQZ7K6NQTJ1VG6S,,,order_ghhnw6pjhq6l
bank,bank_norm_banktxn_1xny6qu2hrzr445g,merchant,merch_norm_led_mupwf871a5bc,1.0,AUTO_MATCH,0,,182247,182247,BELVES76A881SVNR,,,order_94cuvf0obo2j
bank,bank_norm_banktxn_22mnvdcx0t8po0i0,merchant,merch_norm_led_jgtn16tk0lqp,1.0,AUTO_MATCH,0,,47001,47001,,,,order_3wv2nqzeelnm
bank,bank_norm_banktxn_26rmkrw7ocg2r0xy,merchant,merch_norm_led_cnr4lk7jwjqk,1.0,AUTO_MATCH,0,,41366,41366,CPLH4HMWPYL17GBG,,,order_6o2uectmjee1
bank,bank_norm_banktxn_275yie55c9oo66ly,merchant,merch_norm_led_hzlz3lapfb77,1.0,AUTO_MATCH,0,,63534,63534,CTJG1WW3RV2WZU2A,,,order_5oirddflq8c3
bank,bank_norm_banktxn_28gbzr4uyals7j28,merchant,merch_norm_led_l3fykvrbojw4,1.0,AUTO_MATCH,0,,75024,75024,DNRXK1HK1LQQEVLJ,,,order_ywr16ovigbdi
bank,bank_norm_banktxn_28ouj6b5pewagkob,merchant,merch_norm_led_aev9hygdr3o3,1.0,AUTO_MATCH,0,,252446,252446,8ADAFMJECVGKDRLP,,,order_t3s52o165e0e
bank,bank_norm_banktxn_2bceq1jhv1t1qr3m,merchant,merch_norm_led_vok8udzf46ak,1.0,AUTO_MATCH,0,,183987,183987,T20PB8K24SVL4TIY,,,order_ak155suwsk1j
bank,bank_norm_banktxn_2gzvtxwwsmdnwmbf,merchant,merch_norm_led_yp32c1hjfo5k,1.0,AUTO_MATCH,0,,134356,134356,8ZXF89168NP3ZCB2,,,order_4a3lftxv7dvk
bank,bank_norm_banktxn_2jh9dwq3b2l3yye1,merchant,merch_norm_led_h4dh0r4uvv8h,1.0,AUTO_MATCH,0,,156719,156719,XQYR1WEKU24S1FQC,,,order_bgjg4wui09cc
bank,bank_norm_banktxn_2puhlrzpnaj2o987,merchant,merch_norm_led_kmru8krbbb70,1.0,AUTO_MATCH,0,,881356,881356,AQ217DRN73EHIJG8,,,order_syirs3wu17xu
bank,bank_norm_banktxn_35k22xnzkh4iom4r,merchant,merch_norm_led_va79s4k9p5u7,1.0,AUTO_MATCH,0,,528689,528689,F1ZST99ORPSEHKXX,,,order_3www0s9h93ul
bank,bank_norm_banktxn_38mdfvu0yo3jftum,merchant,merch_norm_led_ztbnct5v827k,1.0,AUTO_MATCH,0,,130336,130336,0T0RFM6K44ULDF7S,,,order_9joo7gay2v0a
bank,bank_norm_banktxn_399j5f7zqexossjr,merchant,merch_norm_led_j36ddg5afbz4,1.0,AUTO_MATCH,0,,320599,320599,60IUUSLB3GU74PV4,,,order_bj0y8h23zi8v
bank,bank_norm_banktxn_3atn1x9qy103u9b1,merchant,merch_norm_led_zu5a7xhmbfkq,1.0,AUTO_MATCH,0,,165744,165744,3UDETSE68UCH5JXL,,,order_mb0zzc4zte1n
bank,bank_norm_banktxn_3c0t43y4raadtopa,merchant,merch_norm_led_7nh4m4z3s08t,1.0,AUTO_MATCH,0,,35248,35248,00F00LCTY9YPXUA9,,,order_q20z0ny17xzw
bank,bank_norm_banktxn_3gj3v66ergry3oyx,merchant,merch_norm_led_twky1c69tu2l,1.0,AUTO_MATCH,0,,113440,113440,WWNXIS21QZ7Z8EU4,,,order_93c6ic0p6jfb
bank,bank_norm_banktxn_3pktu8568s6px60x,merchant,merch_norm_led_6tqren85l9qu,1.0,AUTO_MATCH,0,,164000,164000,3GZ0YWR56ANW1JJE,,,order_cmwa5uboef1y
bank,bank_norm_banktxn_3ta9zwic9yzqowx0,merchant,merch_norm_led_61plbxmijc2k,1.0,AUTO_MATCH,0,,1089564,1089564,6PZKMK09OIN0MXDP,,,order_74glvb1mnkea
bank,bank_norm_banktxn_3ver4vjktg6u4whx,merchant,merch_norm_led_013105ef3a7h,1.0,AUTO_MATCH,0,,223619,223619,W5Z5OU5VS670EI2B,,,order_bsasswdi3vc8
bank,bank_norm_banktxn_3zk7gpqsnt6oki18,merchant,merch_norm_led_c6cibozcomt6,1.0,AUTO_MATCH,0,,722707,722707,WZL56YZ55OVYVCHW,,,order_xntj34li5n1p
bank,bank_norm_banktxn_42kiozq6vtc3u04w,merchant,merch_norm_led_hpsq4t1n752d,1.0,AUTO_MATCH,0,,156898,156898,UEE3W0FJKIJPWIFB,,,order_bjuyrcmsbdqa
bank,bank_norm_banktxn_43h37pgx7zx0ggbz,merchant,merch_norm_led_uvfxcocx4phf,1.0,AUTO_MATCH,0,,157486,157486,2Z2U3QDFQZTM1XB8,,,order_q9hwekn3njao
bank,bank_norm_banktxn_49gsh544udpt0dxr,merchant,merch_norm_led_9mptr66anzia,1.0,AUTO_MATCH,0,,68950,68950,J4Y0BKMVTETCMVKM,,,order_a7qbpp1d9ckw
bank,bank_norm_banktxn_4a0mu0vfu721iexw,merchant,merch_norm_led_a966jlsvmygv,1.0,AUTO_MATCH,0,,519025,519025,FAK4ABLT90URL1BG,,,order_dadmii06bwuj
bank,bank_norm_banktxn_4gsp6bql3xyvnlwk,merchant,merch_norm_led_cuuyw5rqw2pl,1.0,AUTO_MATCH,0,,352427,352427,L6VNC5SAR42YGKPC,,,order_fy2mygp2u0ge
bank,bank_norm_banktxn_4m5iwwy5he674n2y,merchant,merch_norm_led_clclgjhc8yg0,1.0,AUTO_MATCH,0,,454523,454523,LRSTRQNVKHO1BSEG,,,order_z585isxme2tw
bank,bank_norm_banktxn_4mavk0tdr5fb2j3p,merchant,merch_norm_led_faacobw6t565,1.0,AUTO_MATCH,0,,673573,673573,6WUU6V1YGZ5KAVS6,,,order_0xiosj2u8ix2
bank,bank_norm_banktxn_4n63i6fpvtuovnc8,merchant,merch_norm_led_8houdt5qukls,1.0,AUTO_MATCH,0,,32960,32960,LPOZV8F3ODQMSXCS,,,order_4a5chkls12ub
bank,bank_norm_banktxn_4sb6n3l90nelc5c7,merchant,merch_norm_led_whnq1lei9f98,1.0,AUTO_MATCH,0,,430799,430799,K9HBCL9LO20XKXJO,,,order_vvi2a4nv8d59
bank,bank_norm_banktxn_53hov1oos2edobry,merchant,merch_norm_led_3j2ym1lgd1lr,1.0,AUTO_MATCH,0,,56571,56571,D7N92FST71V2HHOJ,,,order_3mqvh5d8xejz
bank,bank_norm_banktxn_57xjrm69gb71oftz,merchant,merch_norm_led_5u1jzeogx65q,1.0,AUTO_MATCH,0,,308170,308170,P2HYME6BCGGDLXHZ,,,order_gddc0jnra2pp
bank,bank_norm_banktxn_5azzbqf71pytbnj2,merchant,merch_norm_led_svgyx4qw90hd,1.0,AUTO_MATCH,0,,186089,186089,Q81MQFEPG3SQ9YAS,,,
bank,bank_norm_banktxn_5fm1mejg4u7lvkmv,merchant,merch_norm_led_7prebw8hqf1r,1.0,AUTO_MATCH,0,,227673,227673,PJ45ANN58KEW2VX4,,,order_mkyv3h3h99jl
bank,bank_norm_banktxn_5rj8c6omhi7ctbtu,merchant,merch_norm_led_oxnuq2rdgib2,1.0,AUTO_MATCH,0,,594355,594355,CHR5SR9E7DCQ70GI,,,order_8pidxm00ketb
bank,bank_norm_banktxn_5sa6via881j5qtyb,merchant,merch_norm_led_7mfbpodu0pe8,1.0,AUTO_MATCH,0,,337075,337075,BE5KY8XOE2H18RPB,,,order_hans3fde9lim
bank,bank_norm_banktxn_5tfbcz6mill8tzur,merchant,merch_norm_led_ao0bdlri1e0y,1.0,AUTO_MATCH,0,,95381,95381,BPCLMHQ2DCOC52LS,,,order_257m6dbryjbc
bank,bank_norm_banktxn_5tv51q8in18oihte,merchant,merch_norm_led_ndh6if41dbf7,1.0,AUTO_MATCH,0,,14075,14075,ULEG7YDMLUZ2A8W1,,,order_q9tra8fqyf5b
bank,bank_norm_banktxn_5wrtlqou6sn8j2tm,merchant,merch_norm_led_xo6fehugn23j,1.0,AUTO_MATCH,0,,39422,39422,NGYDEWZ2RV66VIBN,,,order_ea6yf6nf2kwo
bank,bank_norm_banktxn_602iqyvum9523xiz,merchant,merch_norm_led_rkjbmlrxo9ba,1.0,AUTO_MATCH,0,,74258,74258,82DWYU0S4FR1I849,,,order_v3lign6gk940
bank,bank_norm_banktxn_61ulcn2bgphxi6ad,merchant,merch_norm_led_88bea2zufxku,1.0,AUTO_MATCH,0,,153437,153437,EX6R4895FK664FD3,,,order_vvepibvdtmt9
bank,bank_norm_banktxn_6nprs344wt7t70hl,merchant,merch_norm_led_a2u5xz19b5f6,1.0,AUTO_MATCH,0,,260257,260257,Q9PTBH0WOAZV35F9,,,order_ixkofgcrn3g6
bank,bank_norm_banktxn_6ozx23lfuyd4zo9w,merchant,merch_norm_led_ubwhlj36w8au,1.0,AUTO_MATCH,0,,103470,103470,R67WRDYNLZZ5KTUA,,,order_a6a4mx7xv0n6
bank,bank_norm_banktxn_6t06n26rvu818m48,merchant,merch_norm_led_27z9zm8fe9s0,1.0,AUTO_MATCH,0,,1702348,1702348,R35GLS9E8PV4HYLW,,,order_c0nwv9fzdpy0
bank,bank_norm_banktxn_6ta467ve4crlpk7y,merchant,merch_norm_led_8kd2bl47h9qa,1.0,AUTO_MATCH,0,,140349,140349,Y9E429V1U2F80B3J,,,order_s12l3l2p7dxt
bank,bank_norm_banktxn_6tk62bnyfzk0wdfa,merchant,merch_norm_led_u61jkdk5dkrc,1.0,AUTO_MATCH,0,,906402,906402,B96BJ86UCW51EGSD,,,order_6q9rc7vtuhh9
bank,bank_norm_banktxn_70jzx81qgmo911zc,merchant,merch_norm_led_bvcrn9dt8n83,1.0,AUTO_MATCH,0,,77929,77929,VQF1666MHD7RS35I,,,order_by5ifk7j7ty5
bank,bank_norm_banktxn_70z5icno5i3fzikf,merchant,merch_norm_led_5w3uhqz8ckjq,1.0,AUTO_MATCH,0,,69861,69861,B014XOTRO721WZUO,,,order_w3zda97270be
bank,bank_norm_banktxn_7532ok483s3jr463,merchant,merch_norm_led_z3iop6qe0tot,1.0,AUTO_MATCH,0,,362407,362407,1LGF6UFL3LXF4S6S,,,order_r4fcalj461ur
bank,bank_norm_banktxn_77ma8e9z9bbz9i0y,merchant,merch_norm_led_huk9xcmj20h5,1.0,AUTO_MATCH,0,,422483,422483,QQY3H6V8Y90UQACW,,,order_0owqbg2ws600
bank,bank_norm_banktxn_7f0c9q8jxqj1gppn,merchant,merch_norm_led_hvs1kepjhfgl,1.0,AUTO_MATCH,0,,81043,81043,XPBQQSXQ4PEEZPDY,,,order_bkpsujpf5uu4
bank,bank_norm_banktxn_7i59t1qo6zkeq2xv,merchant,merch_norm_led_y2s8081edzz6,1.0,AUTO_MATCH,0,,396700,396700,L125NMPSWC9DNCO0,,,order_gktuqp4fyyrl
bank,bank_norm_banktxn_7la1yk2trwqh1u1k,merchant,merch_norm_led_ook6v6dlvwla,1.0,AUTO_MATCH,0,,800243,800243,LO6RMMQM3FFFJ54J,,,order_vomik3128nm1
bank,bank_norm_banktxn_7sdzry6omb9fl2vf,merchant,merch_norm_led_uyven87x1oxg,1.0,AUTO_MATCH,0,,921075,921075,WCCXSRZWDZPXX9MW,,,order_xrh7tfoufecf
bank,bank_norm_banktxn_7ucqqkhsnwtzfu43,merchant,merch_norm_led_kc9m3rvt7zkc,1.0,AUTO_MATCH,0,,199125,199125,QXABZWLJ9TDHGV9N,,,order_q29f73rj2sva
bank,bank_norm_banktxn_7v09geupnjnrbyh6,merchant,merch_norm_led_ssa8mr0mc7ci,1.0,AUTO_MATCH,0,,56270,56270,60MBPM06RVC5XW9Q,,,order_jw2tv3m0tljm
bank,bank_norm_banktxn_80wehypywe2r8gpu,merchant,merch_norm_led_9xs4r145j4d7,1.0,AUTO_MATCH,0,,1803146,1803146,4S09ZL6O9AMFQHYY,,,order_ooyfgr1hswj9
bank,bank_norm_banktxn_85npcglbqdpaxzqb,merchant,merch_norm_led_dcnt2ihhnn7j,1.0,AUTO_MATCH,0,,184211,184211,EFJ0OA36QRCFH37G,,,order_f4zzqtpa9ufl
bank,bank_norm_banktxn_8626n60q3vwju1i9,merchant,merch_norm_led_2stprf623jlc,1.0,AUTO_MATCH,0,,191194,191194,W9FQ7R251V9ZDYA4,,,order_ndzxxe6a0jha
bank,bank_norm_banktxn_894i6wyx2l8o9aba,merchant,merch_norm_led_s2qnfsiseyfj,1.0,AUTO_MATCH,0,,71792,71792,L8X5RWN1NJBDLVCE,,,order_9l59mjp85jzo
bank,bank_norm_banktxn_895vmpaoo91xchv5,merchant,merch_norm_led_00me8mv88zt3,1.0,AUTO_MATCH,0,,1497549,1497549,OO513X8AG87PY9QW,,,order_qhl93qj561q6
bank,bank_norm_banktxn_8h4e1077d4irjjb5,merchant,merch_norm_led_iftuw1nl88uu,1.0,AUTO_MATCH,0,,88011,88011,JLVX7F6INO8NE3D3,,,order_194tbok6fg92
bank,bank_norm_banktxn_8t6lp3edxvyxm9wn,merchant,merch_norm_led_zwpw6ygftpf3,1.0,AUTO_MATCH,0,,397854,397854,HTR48WXE0VHO67FU,,,order_ab7dcoxo30wc
bank,bank_norm_banktxn_8u123hpqr6jl1473,merchant,merch_norm_led_svt7g21gfyz4,1.0,AUTO_MATCH,0,,348209,348209,LCCPASGRPR95M4XF,,,order_xmsrrgv1d7z0
bank,bank_norm_banktxn_8vctyt2o0yljy5zr,merchant,merch_norm_led_ugof231whefr,1.0,AUTO_MATCH,0,,72921,72921,700XX57G7P015O9F,,,order_0311zxofiptf
bank,bank_norm_banktxn_9am460wjxr52oq23,merchant,merch_norm_led_bo0iq16sglcw,1.0,AUTO_MATCH,0,,116019,116019,ORB9XHNKJ4I0YLTO,,,order_rfge2e636oqf
bank,bank_norm_banktxn_9f9jrqk4dqhiagfp,merchant,merch_norm_led_f79c1fjtvzrr,1.0,AUTO_MATCH,0,,139138,139138,ZB1XBVDTHYR3XCNT,,,order_jwjrykcqpgwt
bank,bank_norm_banktxn_9hzuvcom6xyh7yqp,merchant,merch_norm_led_5d9j1pfnubgt,1.0,AUTO_MATCH,0,,295366,295366,D2NDVH2RAG8O73FF,,,order_eu4y42msgrwe
bank,bank_norm_banktxn_9uctrf3utewfroq1,merchant,merch_norm_led_vvwkl03ihn2s,1.0,AUTO_MATCH,0,,434729,434729,,,,order_f3qlfcncnuky
bank,bank_norm_banktxn_9uq9ozgsewtc29nb,merchant,merch_norm_led_d3o3nqcq2s59,1.0,AUTO_MATCH,0,,64288,64288,5I6810VG2HN4LRDD,,,order_m0n7d7xh5w1m
bank,bank_norm_banktxn_a36ldcqzygijf63p,merchant,merch_norm_led_zv93n0r5iuc6,1.0,AUTO_MATCH,0,,595498,595498,G64LAOA4Z5LU1RAR,,,order_yo6ueas42i1k
bank,bank_norm_banktxn_a8w293agbxp1i5ds,merchant,merch_norm_led_uuaeq9bwgalt,1.0,AUTO_MATCH,0,,29687,29687,N7EQL7UUUDAQ1F28,,,order_w8sae4whd9ba
bank,bank_norm_banktxn_aiohwxjtnsaznvlm,merchant,merch_norm_led_x8x73b94sty4,1.0,AUTO_MATCH,0,,216288,216288,ZLUE1YELA65YQXII,,,order_8gorgl31273y
bank,bank_norm_banktxn_aiylmyts10rafgkh,merchant,merch_norm_led_aqh2vq1zkd35,1.0,AUTO_MATCH,0,,880855,880855,XPLO0JHWGRVEDBB4,,,order_6quzy4nqipte
bank,bank_norm_banktxn_aooi1f3sm0l1rh1x,merchant,merch_norm_led_73os736son61,1.0,AUTO_MATCH,0,,63378,63378,2420QKPY5YDCC5PU,,,order_2dhngyd1ih3x
bank,bank_norm_banktxn_aqkomoh6rkpoqt6l,merchant,merch_norm_led_t75782v16x1l,1.0,AUTO_MATCH,0,,132310,132310,86YNZDMWG3JU2NT5,,,order_c414s3orxofs
bank,bank_norm_banktxn_aw6shvum02cjl893,merchant,merch_norm_led_brbpe3d8ogma,1.0,AUTO_MATCH,0,,2759963,2759963,3UIHLPKS8RUPNH5W,,,order_wh9rvjysqbqm
bank,bank_norm_banktxn_az5kkjd49gqvg00i,merchant,merch_norm_led_0jfsz6i47nxt,1.0,AUTO_MATCH,0,,37508,37508,LSQZ70FB38AG06VE,,,order_dw82tm47fjzr
bank,bank_norm_banktxn_b000ywyxuqj6jfts,merchant,merch_norm_led_aabwnkrc5hem,1.0,AUTO_MATCH,0,,1113014,1113014,50HN8PMX84QLM5JR,,,order_gke8mpu854l4
bank,bank_norm_banktxn_b1vwffx406cp8h0w,merchant,merch_norm_led_c5l9ogpuigkq,1.0,AUTO_MATCH,0,,138172,138172,PQOSDBVYCO2VX2VY,,,order_i940vxxltq04
bank,bank_norm_banktxn_b5la23vi4oohd2zo,merchant,merch_norm_led_1i9zf6pv8d8j,1.0,AUTO_MATCH,0,,36862,36862,LQN81YF6C004O5XE,,,order_pqqhu41vembs
bank,bank_norm_banktxn_bb9u664tnvr7v6ra,merchant,merch_norm_led_3iayn7ihzpze,1.0,AUTO_MATCH,0,,45992,45992,R41FXG9BUDP8TDB3,,,order_kqs3uwtvlmga
bank,bank_norm_banktxn_beqssyn5hmlhjihj,merchant,merch_norm_led_9tev9rzcaedg,1.0,AUTO_MATCH,0,,240637,240637,MVNA8WWE91EVGZ21,,,order_w5w59i9h7are
bank,bank_norm_banktxn_bfpqip8sbwrl6y7i,merchant,merch_norm_led_82jezhk2gp96,1.0,AUTO_MATCH,0,,965038,965038,VMXVKLYL0L6JL2IS,,,order_l0ah7e13swyr
bank,bank_norm_banktxn_bnic6jkfql6cdxr7,merchant,merch_norm_led_eqtio5r6r0kh,1.0,AUTO_MATCH,0,,27982,27982,GLZ2BWJMT7ZQ6W5R,,,order_kj6vqy992py8
bank,bank_norm_banktxn_bomcdw2i64u5o3fc,merchant,merch_norm_led_e3wnii5xjfqr,1.0,AUTO_MATCH,0,,25314,25314,1PFDGQ44XVXVCS9X,,,order_q4j8ra1h3wm9
bank,bank_norm_banktxn_byimoywf98x4u52z,merchant,merch_norm_led_b9y7h3dcgutm,1.0,AUTO_MATCH,0,,41897,41897,6RJS3NGZZTLCH2UD,,,order_w5h1ok3ly0nd
bank,bank_norm_banktxn_byqykoidjso3xybd,merchant,merch_norm_led_1anysbxiptdp,1.0,AUTO_MATCH,0,,181730,181730,YONS6RWR85C9N3XQ,,,order_caw9ruckj0js
bank,bank_norm_banktxn_c3w6i5hbesmshlhn,merchant,merch_norm_led_7sec04qlgwtp,1.0,AUTO_MATCH,0,,893431,893431,S1D5UPY635DAHU3U,,,order_fn64flabkgin
bank,bank_norm_banktxn_c5n5c4cmr76s0avw,merchant,merch_norm_led_iucjjtcsabe7,1.0,AUTO_MATCH,0,,527050,527050,XP6JOAZXEPDLY3ND,,,order_ez6rbborhwj6
bank,bank_norm_banktxn_cmqjvaqxjvhqhnk2,merchant,merch_norm_led_t9xf607zm3xy,1.0,AUTO_MATCH,0,,91195,91195,C099ZBEFM9YSXV6N,,,order_a9enn8ykzv1r
bank,bank_norm_banktxn_cpc9fy12gfqgsnxj,merchant,merch_norm_led_qqhxruh6pev5,1.0,AUTO_MATCH,0,,71259,71259,D7Q1DJXAFRVYZDZV,,,order_9xky9nzlhmk7
bank,bank_norm_banktxn_d2hp7ofzx7qwuym5,merchant,merch_norm_led_xmq2m2olpzya,1.0,AUTO_MATCH,0,,384011,384011,625IQ63D9VWXWZ6Y,,,order_qst4jcdr1w22
bank,bank_norm_banktxn_d5f8j2aunibm24pn,merchant,merch_norm_led_snnkujxod9z4,1.0,AUTO_MATCH,0,,555448,555448,Z0WOKK70XQ6T0VWD,,,order_i0ew1jdvg5ar
bank,bank_norm_banktxn_db1kbb9dqa6rk4jf,merchant,merch_norm_led_zz9faknfydkz,1.0,AUTO_MATCH,0,,175977,175977,ZF6P3ZBS7UB4TDCS,,,order_hu8o92k95wto
bank,bank_norm_banktxn_db34pa0ucbw5yav7,merchant,merch_norm_led_z9qkdet5t0yr,1.0,AUTO_MATCH,0,,59870,59870,J887T3GZR4YPS1QP,,,order_qdjawwup1kk1
bank,bank_norm_banktxn_dbao91lnnmo9wjvn,merchant,merch_norm_led_omsyeefid41m,1.0,AUTO_MATCH,0,,50837,50837,AD6M3UZVF0LC12FH,,,order_ojegh8z1kg13
bank,bank_norm_banktxn_dlzj73fg54esc818,merchant,merch_norm_led_825teyb8r2py,1.0,AUTO_MATCH,0,,319198,319198,U5N5YEEEENPANL17,,,order_qgmoosms2mu6
bank,bank_norm_banktxn_dnop51o9t4kd6bdg,merchant,merch_norm_led_lm3rwzbr6vvr,1.0,AUTO_MATCH,0,,120509,120509,FVPRR2X678R12C3X,,,order_5g2i8xyq2n1l
bank,bank_norm_banktxn_dphigdaq5g9a03t9,merchant,merch_norm_led_aspwfkatw3ws,1.0,AUTO_MATCH,0,,84469,84469,55QBB2PK520HGCPG,,,order_779smfnkt5ib
bank,bank_norm_banktxn_dpk4akml511n52w7,merchant,merch_norm_led_jyg88rbd30dq,1.0,AUTO_MATCH,0,,136661,136661,804S1ZI8YUG4RAVR,,,order_asermiym9b0u
bank,bank_norm_banktxn_dulxbiy4d9y7w06b,merchant,merch_norm_led_nmwhhksckaog,1.0,AUTO_MATCH,0,,1424808,1424808,PR795SVIGJ6MONSI,,,order_bvt7tlpvxlzs
bank,bank_norm_banktxn_e0ye3ezxi16rutp9,merchant,merch_norm_led_471l0v6t2mvi,1.0,AUTO_MATCH,0,,520801,520801,L7Y7X2MBXD2LC0RV,,,order_gfx9kl90fbyq
bank,bank_norm_banktxn_e1ke4itqlyouz0ll,merchant,merch_norm_led_kms9tvdyaogp,1.0,AUTO_MATCH,0,,408504,408504,PBIH0QD1Q8HHTK6E,,,order_yf3nudrhbhw2
bank,bank_norm_banktxn_e2vxfsd6xfmj6afg,merchant,merch_norm_led_kbcbnx3bimkv,1.0,AUTO_MATCH,0,,76931,76931,38YJLNYSRKN6AQX5,,,order_21kc48q1nkvj
bank,bank_norm_banktxn_ebxt3zf7t8txzksw,merchant,merch_norm_led_rzsausgfhxvf,1.0,AUTO_MATCH,0,,48110,48110,12FU4TQCOVPF906R,,,order_ua5iwl5fjec9
bank,bank_norm_banktxn_eo8k5sz1bu6kb8sf,merchant,merch_norm_led_ua8qcxr7t7oz,1.0,AUTO_MATCH,0,,390455,390455,UEHMPM4E1UAOTJKF,,,order_0neivibd2y43
bank,bank_norm_banktxn_erabknvxi40f9884,merchant,merch_norm_led_7ewwr4zpr1u0,1.0,AUTO_MATCH,0,,602598,602598,66VT1LTSD61W3BV4,,,order_1gs27f0ctr0h
bank,bank_norm_banktxn_exm6l9fhrpk94vir,merchant,merch_norm_led_gkce6rhk0r2k,1.0,AUTO_MATCH,0,,463463,463463,HX98E3RI845RWGP3,,,order_hbj47gukipr9
bank,bank_norm_banktxn_f3f5r7t3jb7080av,merchant,merch_norm_led_mxxgan8h71lr,1.0,AUTO_MATCH,0,,178672,178672,YY9H5J5WD9YKP4JR,,,order_gd23pwiwqrp5
bank,bank_norm_banktxn_f41db0h63ev8w439,merchant,merch_norm_led_tblskm79rdt3,1.0,AUTO_MATCH,0,,50511,50511,6ZT0C8A6STL38MGX,,,order_jjjzjv90sh3n
bank,bank_norm_banktxn_fd0lwszawx0aamlv,merchant,merch_norm_led_pd3wxydv2s40,1.0,AUTO_MATCH,0,,296646,296646,S3SFYNGP0N95TD84,,,order_fhti5brvzwpl
bank,bank_norm_banktxn_fsgo685kunrarg6b,merchant,merch_norm_led_r1wgx7wspa03,1.0,AUTO_MATCH,0,,62131,62131,JMMKET2Q8UBY6QTC,,,order_il5gr25ek65u
bank,bank_norm_banktxn_g1wesz572vi85rj2,merchant,merch_norm_led_3pxcp8ckehyh,1.0,AUTO_MATCH,0,,49926,49926,UZRWQ8DTO30WXHJT,,,order_7ky5arypiyqg
bank,bank_norm_banktxn_g3kpju2fcrhaikc9,merchant,merch_norm_led_1rkhe8q4iej3,1.0,AUTO_MATCH,0,,42347,42347,673NMQBJ49RQSQW1,,,order_2zo88t0bl8ng
bank,bank_norm_banktxn_g3lymrmn5ugfm2gi,merchant,merch_norm_led_j81nhknh5bxd,1.0,AUTO_MATCH,0,,170956,170956,73B3WL92NPGLX0CG,,,order_cyjd18qtwwcd
bank,bank_norm_banktxn_gcvt2aqt2l0dkqaf,merchant,merch_norm_led_sbhphkp0iym5,1.0,AUTO_MATCH,0,,71780,71780,O4O2JUO439RNGI52,,,order_nkj8tfcu387j
bank,bank_norm_banktxn_gd0tzjltwgg3ae3u,merchant,merch_norm_led_u7jol29zr044,1.0,AUTO_MATCH,0,,23629,23629,PWHS3D5NVRL6BFGG,,,order_fydqwykq1qhk
bank,bank_norm_banktxn_gd26olmr8ewzvxww,merchant,merch_norm_led_somrf4do3q88,1.0,AUTO_MATCH,0,,87542,87542,MJUGSPL21G5WWLRP,,,order_p1o2iz1bbg0q
bank,bank_norm_banktxn_gevs5h1cihkhlmqr,merchant,merch_norm_led_10e055q89v9e,1.0,AUTO_MATCH,0,,65543,65543,AP1LLLHOMGBPWFOW,,,order_yo76jo1co45x
bank,bank_norm_banktxn_gf0t1niufq37lv75,merchant,merch_norm_led_l2624p9q01w2,1.0,AUTO_MATCH,0,,425860,425860,11N9AI8ONCTCB854,,,order_pptqi2oxfcih
bank,bank_norm_banktxn_gib2kg3n5nkquh0b,merchant,merch_norm_led_37pvkf214eg5,1.0,AUTO_MATCH,0,,615742,615742,KK0Y6QYGHKRKSY5S,,,order_s781sa2muz1e
bank,bank_norm_banktxn_gj4p9vvqm09iam35,merchant,merch_norm_led_987ncnctkau4,1.0,AUTO_MATCH,0,,416994,416994,5021DAQPQ5TZ0WWP,,,order_rkdgvs52119y
bank,bank_norm_banktxn_h09o0zohooqx47yb,merchant,merch_norm_led_89f8hozv8b3e,1.0,AUTO_MATCH,0,,34736,34736,S5JGODLF5KLRPJ9C,,,order_kx5zusjhajox
bank,bank_norm_banktxn_hayn9v3isehjjodi,merchant,merch_norm_led_ogugrl7f6504,1.0,AUTO_MATCH,0,,159773,159773,5JMM0TFDC2XU2EWA,,,order_qxiw49ofx8sj
bank,bank_norm_banktxn_hpnf7p3vu03i0f0j,merchant,merch_norm_led_kj7yh1fy9b5y,1.0,AUTO_MATCH,0,,500450,500450,CG24ZMW0MMY56KSG,,,order_zm5ufaym5hmo
bank,bank_norm_banktxn_hqos45pwhntvk05t,merchant,merch_norm_led_m4ypdrdvhkil,1.0,AUTO_MATCH,0,,258083,258083,HW68Q3H88F9KFPV9,,,order_8dd3myhyakii
bank,bank_norm_banktxn_hr5p7l34yq1l0fk2,merchant,merch_norm_led_0vyp46g1trs1,1.0,AUTO_MATCH,0,,169236,169236,W97TRR3EYFGVXR9Q,,,order_63y2ssynwk5b
bank,bank_norm_banktxn_hsm5lafxlzs9m1ot,merchant,merch_norm_led_4e98es11f6fj,1.0,AUTO_MATCH,0,,441723,441723,I4TFFO7AEDCZ5ZGL,,,order_9x10beu3q1c4
bank,bank_norm_banktxn_ht4ompcyqk4b1lg7,merchant,merch_norm_led_m8w1uwqjtu07,1.0,AUTO_MATCH,0,,1541597,1541597,2ZRUC9KXPWHX41OA,,,order_j2qz7btmp50i
bank,bank_norm_banktxn_hx67t99l7bkujx7m,merchant,merch_norm_led_dbjr3oew6x0x,1.0,AUTO_MATCH,0,,17372,17372,O6CGOZEF8UPP5ODW,,,order_ftlbpqwnume4
bank,bank_norm_banktxn_i42eg5h5c4x67z6j,merchant,merch_norm_led_0l5eak7s0jjs,1.0,AUTO_MATCH,0,,59389,59389,GT5W768KO9JVQZZD,,,order_9oo7g7fq0o51
bank,bank_norm_banktxn_i98nef8dz5jed7q4,merchant,merch_norm_led_rpujjqv2v77x,1.0,AUTO_MATCH,0,,48043,48043,S76IVK3MB82649U0,,,order_iosaspcdqw12
bank,bank_norm_banktxn_ibh8kzgpnxdcflu5,merchant,merch_norm_led_srzncwhh1xhs,1.0,AUTO_MATCH,0,,390801,390801,PX7KKKR6CR3JUK70,,,order_nrfzdxjp3si4
bank,bank_norm_banktxn_igsg5vmnmxsa2o9y,merchant,merch_norm_led_drmidlwzh5wd,1.0,AUTO_MATCH,0,,370612,370612,C8J3OIBH8KQECHCB,,,order_5bk1a0dnt5fj
bank,bank_norm_banktxn_imu44ruci94g956h,merchant,merch_norm_led_1tz4eroj80v3,1.0,AUTO_MATCH,0,,127608,127608,D4XZV2R3JHO91DSI,,,order_xoi9p7vbht8v
bank,bank_norm_banktxn_ioia36w618da06om,merchant,merch_norm_led_6xz0p17vm2tl,1.0,AUTO_MATCH,0,,524460,524460,5JRXF7HPN01EGNNW,,,order_101zj6p9ovn2
bank,bank_norm_banktxn_iwxw1e6nfzwxbhl8,merchant,merch_norm_led_t3l2i3ifdddm,1.0,AUTO_MATCH,0,,523292,523292,BPENLYBIC15UOJQH,,,order_g5t2oioamni2
bank,bank_norm_banktxn_j54kudd3322h2qnp,merchant,merch_norm_led_mw9figlfxlrn,1.0,AUTO_MATCH,0,,147124,147124,ZUI1G91UQTM5JSMC,,,order_8mcstg1fuotq
bank,bank_norm_banktxn_j7wbuahinb2so4m9,merchant,merch_norm_led_yd55tvwm6rpm,1.0,AUTO_MATCH,0,,45540,45540,UWF1V785ANVYR439,,,order_oce8ie0xvajg
bank,bank_norm_banktxn_j7ws93bw54d00xhf,merchant,merch_norm_led_d7i5z74sqfc1,1.0,AUTO_MATCH,0,,234476,234476,GWOLTHC1P91OX4JZ,,,order_p0zib8oql6jg
bank,bank_norm_banktxn_jba6dyidd85fe233,merchant,merch_norm_led_ialo0c18c0lw,1.0,AUTO_MATCH,0,,897032,897032,ZMOHMX5S4D2EA9ZI,,,order_l540bfg0qmqt
bank,bank_norm_banktxn_jbmgiorli85umr8u,merchant,merch_norm_led_law007q4sdhj,1.0,AUTO_MATCH,0,,1244192,1244192,HXGZHCUT20QBVLL7,,,order_5qn2y74cqg1f
bank,bank_norm_banktxn_jbzcodbhv20jankh,merchant,merch_norm_led_u7a32se5oz2y,1.0,AUTO_MATCH,0,,41168,41168,TP2G4BY5UV7V5OIH,,,order_ils7lnhrygua
bank,bank_norm_banktxn_ji8bn95p09lbdh59,merchant,merch_norm_led_1hjsubo1dbqm,1.0,AUTO_MATCH,0,,33163,33163,7V7AZ4U0TGJFQ39E,,,order_u4ov9b71gkhq
bank,bank_norm_banktxn_jkdft99253796s89,merchant,merch_norm_led_4ilkfurq7zjd,1.0,AUTO_MATCH,0,,871243,871243,VEI2PLAUSMWJIPQF,,,order_hix4i84tgaw6
bank,bank_norm_banktxn_jlsy8d8yc8jx8r9a,merchant,merch_norm_led_k4zy7bk91kqq,1.0,AUTO_MATCH,0,,1349079,1349079,1ZHE9LP85OXEQF9R,,,order_a1mmmjfwh3go
bank,bank_norm_banktxn_jo3zpu8cd43ggx7v,merchant,merch_norm_led_tfqnkq4884xz,1.0,AUTO_MATCH,0,,1234620,1234620,CZGGW585E03ZW8CX,,,order_035735kr4q4t
bank,bank_norm_banktxn_jocmy3rwxbwn2d6t,merchant,merch_norm_led_bek4dvd02od7,1.0,AUTO_MATCH,0,,1222354,1222354,JVI3X2C5JYBK3Y13,,,order_pro5v1v6kzuo
bank,bank_norm_banktxn_jqlft09dwuxfbeaf,merchant,merch_norm_led_oss1zndj9m4v,1.0,AUTO_MATCH,0,,60110,60110,IKLWB01G48HGM7O6,,,order_4ib51o77g42o
bank,bank_norm_banktxn_ju8qvbdj2ryysv9u,merchant,merch_norm_led_lczqozv3sdj8,1.0,AUTO_MATCH,0,,1555733,1555733,T4CIQZ2O1OMP497V,,,order_wjyeojl3f33o
bank,bank_norm_banktxn_k3nywa2aggpiduib,merchant,merch_norm_led_9kvvwe0j86hk,1.0,AUTO_MATCH,0,,946671,946671,J0D2R0SU4YTBV3CG,,,order_of2061sehzzf
bank,bank_norm_banktxn_k5zt0ncijftnvcyf,merchant,merch_norm_led_90q1eym0l0oj,1.0,AUTO_MATCH,0,,507698,507698,KH4N7W3BEX2P4TIJ,,,order_uno9b2zqekfq
bank,bank_norm_banktxn_k7t1zt7qk3x7t3ds,merchant,merch_norm_led_p4dkai9z6rhl,1.0,AUTO_MATCH,0,,183098,183098,359GOTMKUODFU74C,,,order_whxavsnjsbat
bank,bank_norm_banktxn_k8e58hhuc5mzitvr,merchant,merch_norm_led_wpcgbchp6jad,1.0,AUTO_MATCH,0,,66575,66575,AXG7C1Y1XW9DN7D1,,,order_abj0b27lmuy0
bank,bank_norm_banktxn_ka2zx7gujcn3d7fr,merchant,merch_norm_led_k0ah7pf02u9n,1.0,AUTO_MATCH,0,,197522,197522,O07FOSF2CT6XDUOJ,,,order_l593hp4yubcg
bank,bank_norm_banktxn_kcivvg55q0awnmcz,merchant,merch_norm_led_yvlmzvkb3g4m,1.0,AUTO_MATCH,0,,384943,384943,QHB9TQGFJJQL8RM3,,,order_p47v5dg09m21
bank,bank_norm_banktxn_ke8zrnv77ai68wd0,merchant,merch_norm_led_1rbfy7wdahn7,1.0,AUTO_MATCH,0,,419528,419528,U1Z6A1N36ODF9FP8,,,order_t532j6brhfxg
bank,bank_norm_banktxn_ke9k8r3245y6bf1u,merchant,merch_norm_led_dxxz349a58gc,1.0,AUTO_MATCH,0,,151237,151237,STBBMTXCREQX68E1,,,order_z3e4m6aarkx5
bank,bank_norm_banktxn_khnd2msyoo8rbdfl,merchant,merch_norm_led_f028mmclbnpd,1.0,AUTO_MATCH,0,,177289,177289,MI1H97107JP77USX,,,order_wuajltzybbil
bank,bank_norm_banktxn_kum0habjpg3ogwq7,merchant,merch_norm_led_vlg6xavv67jz,1.0,AUTO_MATCH,0,,129362,129362,9UPCHVVRQ3KGWLO9,,,order_2jl35kf47kq3
bank,bank_norm_banktxn_kx0pbfn3h1noolt2,merchant,merch_norm_led_17ahyblnhgbx,1.0,AUTO_MATCH,0,,488322,488322,IMVFHQRJGVDEYSZ3,,,order_ucyb1sho44tv
bank,bank_norm_banktxn_kyeeura9dfhl27lh,merchant,merch_norm_led_7uvpntyqr523,1.0,AUTO_MATCH,0,,113882,113882,SGCSWHV61UFWBCB9,,,order_q7hawj01007d
bank,bank_norm_banktxn_l5ycyo3ppbjznq54,merchant,merch_norm_led_2c0ysmxodz1g,1.0,AUTO_MATCH,0,,985962,985962,1V0EF7MPQU0LCF2Y,,,order_jx41luw4zfdx
bank,bank_norm_banktxn_l95v867zby4f1k41,merchant,merch_norm_led_9t51mx5gtq3l,1.0,AUTO_MATCH,0,,304332,304332,4OEBAXKMQEERQ0BE,,,order_vvfm2f7wxjti
bank,bank_norm_banktxn_lew57z1z7zommxdi,merchant,merch_norm_led_ilppaan97vv3,1.0,AUTO_MATCH,0,,1146022,1146022,28TMVIKGH82KIZII,,,order_tntne7bp23yr
bank,bank_norm_banktxn_ljk8arvkbzmeboji,merchant,merch_norm_led_8b0p2bke6v9l,1.0,AUTO_MATCH,0,,252051,252051,C8LBK31997XN4NP6,,,order_bv253ee1xu0l
bank,bank_norm_banktxn_ljucy928cqzgzmns,merchant,merch_norm_led_7r4uqxw1ah8i,1.0,AUTO_MATCH,0,,51216,51216,NFHDO56872CCS64Y,,,order_nlj760z8lnnx
bank,bank_norm_banktxn_lobr9ijou2gqbapx,merchant,merch_norm_led_6t5m6p0ak8wo,1.0,AUTO_MATCH,0,,2124547,2124547,NNLW0P4E8VC2DJR5,,,order_kirpy4mv1ebf
bank,bank_norm_banktxn_lvgl70jyhy2jsd7y,merchant,merch_norm_led_5mo1liau3tnj,1.0,AUTO_MATCH,0,,95629,95629,HEJKTE5UF2EEBGQS,,,order_zg7ztpttr30o
bank,bank_norm_banktxn_lz16l6vqj9qax08i,merchant,merch_norm_led_67m0k1qq6c7l,1.0,AUTO_MATCH,0,,529390,529390,NHG41O6RPGT01YII,,,order_7rrozuj0fd0g
bank,bank_norm_banktxn_lzrq3kwqsyshja8v,merchant,merch_norm_led_lwlhylrnkibw,1.0,AUTO_MATCH,0,,112329,112329,Z38U0HN8FWXZMPA8,,,order_6i52mbtox7xu
bank,bank_norm_banktxn_m126s2oth2vyrbxk,merchant,merch_norm_led_k6p97nfzrspf,1.0,AUTO_MATCH,0,,1036614,1036614,XDVINP27T1CO614T,,,order_6gvvfi7zmkl2
bank,bank_norm_banktxn_m30aq35k7ldbmgsl,merchant,merch_norm_led_2si2v6sc8tz3,1.0,AUTO_MATCH,0,,125140,125140,BA1PNEKH5B058BSK,,,order_6two619liso3
bank,bank_norm_banktxn_mbn3z7nl1jf6l1s4,merchant,merch_norm_led_vg4rhuuoc62e,1.0,AUTO_MATCH,0,,188114,188114,SR35CX2UL55W7A6O,,,order_anq1iz9ipr8k
bank,bank_norm_banktxn_md9qsd5687omrk8f,merchant,merch_norm_led_h5fzi1jdxwcp,1.0,AUTO_MATCH,0,,7023,7023,O566KNJ8O894X0AS,,,order_exs00l7r8u4e
bank,bank_norm_banktxn_mfwl5g2npyimdg36,merchant,merch_norm_led_3tnbzsua8luk,1.0,AUTO_MATCH,0,,41297,41297,X7J6OV6ZIK490WHR,,,order_ah3dum5dvqyg
bank,bank_norm_banktxn_mi0jq6shnkqcvz27,merchant,merch_norm_led_xv6k5e00pci2,1.0,AUTO_MATCH,0,,52305,52305,62TDWN4KDIDNRUI4,,,order_h3y5ptafdpfn
bank,bank_norm_banktxn_mjn8sxlbj17e89ej,merchant,merch_norm_led_8d85r741ur2c,1.0,AUTO_MATCH,0,,675012,675012,9WECZXYZ7QT4781U,,,order_908xinvqla6d
bank,bank_norm_banktxn_mv3jdyxccbcxg17b,merchant,merch_norm_led_p4tpgznssias,1.0,AUTO_MATCH,0,,66859,66859,JIOR5QK5UNZRPQBP,,,order_rg2az08z19ab
bank,bank_norm_banktxn_mw4jts23ni45wotz,merchant,merch_norm_led_2sckuw93s6l5,1.0,AUTO_MATCH,0,,996405,996405,94BVTSKK9S4USJH3,,,order_xwcmm9f69gcb
bank,bank_norm_banktxn_mx9xx3ynyexana6a,merchant,merch_norm_led_e9yrch3pioxq,1.0,AUTO_MATCH,0,,158651,158651,8MJSRZ5WBPWC9E1C,,,order_nr1y86et77zi
bank,bank_norm_banktxn_n1owb780enw7fsl5,merchant,merch_norm_led_rbgn9g2nnwtb,1.0,AUTO_MATCH,0,,244654,244654,EPL7WDU1JT2ACT7A,,,order_byn7a6ujjsnr
bank,bank_norm_banktxn_n319mko7wiiga5y9,merchant,merch_norm_led_yuivx49biw2k,1.0,AUTO_MATCH,0,,199241,199241,1201115KA55CU6SY,,,order_x9s4ry5ktahl
bank,bank_norm_banktxn_n5u5hsgl01u3rhg3,merchant,merch_norm_led_u4bkeiq66kll,1.0,AUTO_MATCH,0,,1259034,1259034,HQ30FI50NZZBXS1F,,,order_ykbbwwuo7sat
bank,bank_norm_banktxn_nf2d4fzuzd2kpx8w,merchant,merch_norm_led_unefllbra38h,1.0,AUTO_MATCH,0,,694248,694248,25C3OGR79OV75QCD,,,order_zjdyfnou7bm9
bank,bank_norm_banktxn_ng9o2taeo19iirnh,merchant,merch_norm_led_rtt92m4s61td,1.0,AUTO_MATCH,0,,73294,73294,K78Y4SVL68ENVW6L,,,order_qg9vwr7kufzl
bank,bank_norm_banktxn_nmdh4ayfatohzek3,merchant,merch_norm_led_e2kph4dkdvpt,1.0,AUTO_MATCH,0,,60786,60786,ZINC42EI5E6OHTNA,,,order_5o6mmg2ty7o5
bank,bank_norm_banktxn_no816247dgyjde6c,merchant,merch_norm_led_ebnbxo7dafgl,1.0,AUTO_MATCH,0,,146833,146833,FDX9888H22KE8BB3,,,
bank,bank_norm_banktxn_nq7wcu27ltujj5qr,merchant,merch_norm_led_97ikwjxhu5re,1.0,AUTO_MATCH,0,,33021,33021,980A4EK81UQGFLD9,,,order_hmpjl2g2ui9m
bank,bank_norm_banktxn_nqfrzyphol1ikoo0,merchant,merch_norm_led_qaxmeovjaz4x,1.0,AUTO_MATCH,0,,72636,72636,HC5MA75V7UXQBMP5,,,order_au7ua2yi1as2
bank,bank_norm_banktxn_nt2dq9oevtbs453s,merchant,merch_norm_led_fm78zqbb2qya,1.0,AUTO_MATCH,0,,1444,1444,ROBQ4DX8QZU2SSTS,,,order_lh1d0wgoxmq0
bank,bank_norm_banktxn_nt85g8o3u4ec5hey,merchant,merch_norm_led_8spip78dmkgn,1.0,AUTO_MATCH,0,,72675,72675,IHTJYJXMPJJL5GB7,,,order_wgty7za9adhh
bank,bank_norm_banktxn_ntu06j575mx6o9d4,merchant,merch_norm_led_mfhaz47mytpl,1.0,AUTO_MATCH,0,,110574,110574,NUNJ90EZ07CETP44,,,order_jlfdmoqwa8xq
bank,bank_norm_banktxn_nyzkdtxb7ifdlbvn,merchant,merch_norm_led_fpuhtyl9g4g7,1.0,AUTO_MATCH,0,,23633,23633,KFCMJCLXQHGRC8IX,,,order_vlyx4ghhiwek
bank,bank_norm_banktxn_o1ifnqr2l2efshrw,merchant,merch_norm_led_fd1pusd1pu7z,1.0,AUTO_MATCH,0,,169284,169284,NX239SUA70XJL2TZ,,,order_qt8oepz4nj5x
bank,bank_norm_banktxn_o1tlxyuyqmfdjc75,merchant,merch_norm_led_oljc1wlbe792,1.0,AUTO_MATCH,0,,551779,551779,TP2XUD4ARVUE5B8S,,,order_6859j4cfrpty
bank,bank_norm_banktxn_o273t8eu9z9ozeeh,merchant,merch_norm_led_wrjt2fk2qvkt,1.0,AUTO_MATCH,0,,30766,30766,L5ZY69YXO6W81V0P,,,order_91up59fp6b71
bank,bank_norm_banktxn_o9knr5hh69ys343c,merchant,merch_norm_led_87l9g6vr776j,1.0,AUTO_MATCH,0,,107384,107384,WMJ68CGW60IKAKKF,,,order_34z6fo4v202h
bank,bank_norm_banktxn_og576yai9bg59jqa,merchant,merch_norm_led_3kb13jo6k9qk,1.0,AUTO_MATCH,0,,1138055,1138055,FS5YKP2V1LRBQ1XK,,,order_3xcuw17yb1hd
bank,bank_norm_banktxn_otjtiozu4l8uc9c0,merchant,merch_norm_led_0wnvpqpnovj4,1.0,AUTO_MATCH,0,,32005,32005,SRWR9U1OR5JY9ZBG,,,order_jischu5npoau
bank,bank_norm_banktxn_p664uz31px56g95o,merchant,merch_norm_led_jefis88xa12m,1.0,AUTO_MATCH,0,,136657,136657,PHSNXSQAB18FG5DA,,,order_lqp45alekkih
bank,bank_norm_banktxn_pbpt6frzj604c9wa,merchant,merch_norm_led_ce96ywembt4x,1.0,AUTO_MATCH,0,,85882,85882,FEBZDWODDUQ5WL7Y,,,order_aqa33spyratr
bank,bank_norm_banktxn_pcjceqm0joatc8ao,merchant,merch_norm_led_8r75i9gdq8lz,1.0,AUTO_MATCH,0,,1617590,1617590,EP95WPNN3JIGJ2SR,,,order_0w3npznqpt2o
bank,bank_norm_banktxn_pglz85j7n5uqfwq5,merchant,merch_norm_led_z1zmj0e3c9me,1.0,AUTO_MATCH,0,,564029,564029,FG5YX7NSRN5N396W,,,order_xdavg0c7riuh
bank,bank_norm_banktxn_pmz468hn3uszerek,merchant,merch_norm_led_2qw3689t7qqa,1.0,AUTO_MATCH,0,,116236,116236,POPVM9GJB0F6KUV0,,,order_an97qmfztd3t
bank,bank_norm_banktxn_po9r1bb93snl1p6t,merchant,merch_norm_led_2rt14l6b23dd,1.0,AUTO_MATCH,0,,494398,494398,YJDE8VQC3GQ21XBF,,,order_ll38qdlr0vvv
bank,bank_norm_banktxn_ps5hxmt9ltynbck9,merchant,merch_norm_led_w31ci4esfglh,1.0,AUTO_MATCH,0,,460880,460880,W8BJTB8GVPZRS2T6,,,order_7rajpyxrupb4
bank,bank_norm_banktxn_puunmmsfki60ksu8,merchant,merch_norm_led_m0i2blywz41y,1.0,AUTO_MATCH,0,,68933,68933,GWDRX7RSACYPRLQ2,,,order_f0rc2xnxd2qz
bank,bank_norm_banktxn_pv5wt37lezth1mh4,merchant,merch_norm_led_4jyk77uiao5j,1.0,AUTO_MATCH,0,,85271,85271,XSC80T4Y56PGG7Z9,,,order_e55pwqsggsxr
bank,bank_norm_banktxn_pvwl5m3rpxw4mmt7,merchant,merch_norm_led_knqq5qqzj2fq,1.0,AUTO_MATCH,0,,85764,85764,85OHMUKBVMIBWC8Z,,,order_fhr2f6q6ej0v
bank,bank_norm_banktxn_pxe9wsoz5r2m56u0,merchant,merch_norm_led_ahbfrfsgdtfy,1.0,AUTO_MATCH,0,,17730,17730,2C52KQPK6G4EJC1S,,,order_aobqeaudagev
bank,bank_norm_banktxn_pxu8v5zmm4et3dms,merchant,merch_norm_led_ty1zvwi6twqu,1.0,AUTO_MATCH,0,,83601,83601,I8FEM96KP39DAJVJ,,,order_7q8qz4tljz5i
bank,bank_norm_banktxn_q1skj27m2ypfb5y6,merchant,merch_norm_led_89vrhmtfxt24,1.0,AUTO_MATCH,0,,472263,472263,7VTN3NGRLI1YHBIM,,,order_90lgcwtr3ti2
bank,bank_norm_banktxn_q1ve0b6sdtdfu250,merchant,merch_norm_led_6iaqa4zaag00,1.0,AUTO_MATCH,0,,772746,772746,NPSE5EU324THC5SN,,,order_15dnd4517kwj
bank,bank_norm_banktxn_q6r1zw7u98coguv7,merchant,merch_norm_led_ycvle2sqz60b,1.0,AUTO_MATCH,0,,21336,21336,71UAZXSX0U8T3ET7,,,order_ln074dslelxa
bank,bank_norm_banktxn_q92ni8155xqpwbua,merchant,merch_norm_led_pej25wy5issg,1.0,AUTO_MATCH,0,,158475,158475,K9ODAD52SXLUUWZI,,,order_wmfg19p737lx
bank,bank_norm_banktxn_qcl7tkvdk4wn6vpo,merchant,merch_norm_led_mnqkq02eesk9,1.0,AUTO_MATCH,0,,173994,173994,FIHQDEBIOMQXI4LI,,,order_ipnzq7uazjt1
bank,bank_norm_banktxn_qd61jesqwpy12zk9,merchant,merch_norm_led_ho395vsi4tgc,1.0,AUTO_MATCH,0,,555965,555965,,,,order_cgkpoe54eyzn
bank,bank_norm_banktxn_qku9ucx36qlzjnqc,merchant,merch_norm_led_bgmi0ner0pkr,1.0,AUTO_MATCH,0,,635694,635694,Q49J937ZJEKUE0X3,,,order_w3b0bd5ka6y0
bank,bank_norm_banktxn_ql3qgpc03mesttmp,merchant,merch_norm_led_6ye841a5q4uj,1.0,AUTO_MATCH,0,,237748,237748,9E88SVM86FNC28W5,,,order_4qnc08082d3h
bank,bank_norm_banktxn_qmr3ijm6wd9ue6mz,merchant,merch_norm_led_n7herzz1h1bh,1.0,AUTO_MATCH,0,,57055,57055,9U4555R6N8Z3ZZL7,,,order_eqltpq6krkgn
bank,bank_norm_banktxn_qp0gl3nrcb4ui21e,merchant,merch_norm_led_435efncyb8aj,1.0,AUTO_MATCH,0,,162463,162463,5AAFH5IB00QPAS28,,,order_mpajsbzqcgb0
bank,bank_norm_banktxn_qp62m6jo5y3owpaw,merchant,merch_norm_led_zoxxuahgg1fn,1.0,AUTO_MATCH,0,,125465,125465,VFJQYAU3HTBCFGGR,,,order_rauboo9d9ksa
bank,bank_norm_banktxn_qs4oizgfm7imip8o,merchant,merch_norm_led_2klewnmmywl6,1.0,AUTO_MATCH,0,,169139,169139,DJURHKBC9KCUUIBA,,,order_jbe9sajjm2ew
bank,bank_norm_banktxn_qte3o2vavvacqnsq,merchant,merch_norm_led_4gtrqmu7qg1a,1.0,AUTO_MATCH,0,,248316,248316,8YRPB9V695TEQOLR,,,order_xnspjr1docai
bank,bank_norm_banktxn_r0vw5fwitl4fg2th,merchant,merch_norm_led_5wk1ny8g3mkh,1.0,AUTO_MATCH,0,,57930,57930,4WBW7JDLDLGBLR8Y,,,order_83eyhqtbrgj3
bank,bank_norm_banktxn_r2optxqi48njvb83,merchant,merch_norm_led_gbxobaq80oqp,1.0,AUTO_MATCH,0,,1283324,1283324,Y97MSVFXNHPQ9C8E,,,order_gw5ysnh1fphw
bank,bank_norm_banktxn_r491tl2543bgz4eg,merchant,merch_norm_led_qosprk1o7y04,1.0,AUTO_MATCH,0,,87164,87164,CKW56AYY04DDR6DY,,,order_gyi1xnwwsv2i
bank,bank_norm_banktxn_r5rgmehnguaaexxc,merchant,merch_norm_led_2on3e5a5z3g5,1.0,AUTO_MATCH,0,,402342,402342,EOU1F4S1OMNO1VRS,,,order_4oapddkmphfi
bank,bank_norm_banktxn_rh4sm7w10smony9l,merchant,merch_norm_led_kgwfwrzo59cl,1.0,AUTO_MATCH,0,,528043,528043,NECR31UIX6CCNFDF,,,order_iq780lzhzigs
bank,bank_norm_banktxn_ro5pb5eafbn07uo5,merchant,merch_norm_led_2c86plw0zt9o,1.0,AUTO_MATCH,0,,243649,243649,Z9GSJ0TJDJJI7TNO,,,order_fgvzcixz4hp0
bank,bank_norm_banktxn_rqzciz9oypaot0xe,merchant,merch_norm_led_yrzzx7uxv4n1,1.0,AUTO_MATCH,0,,270315,270315,EI0SYK6PHU2X0NZC,,,order_rorh540pnj55
bank,bank_norm_banktxn_rxca30tdzplies06,merchant,merch_norm_led_78pbxt88gsq5,1.0,AUTO_MATCH,0,,284068,284068,WTS6VKROFKV0CW4Y,,,order_hjdh3bxxlk53
bank,bank_norm_banktxn_rxq5buscfeflrj91,merchant,merch_norm_led_5zhgkspo5qbn,1.0,AUTO_MATCH,0,,300323,300323,DC5K8J0H7KTKWH9T,,,order_k1impxrq225a
bank,bank_norm_banktxn_s381u36o35rpbsmj,merchant,merch_norm_led_lcy5t85t6tjt,1.0,AUTO_MATCH,0,,38073,38073,W6DYMZKH9IFA4JLY,,,order_hyks7h9ah70z
bank,bank_norm_banktxn_sbadc82r5rc9gk45,merchant,merch_norm_led_ozpzkhxt0xq7,1.0,AUTO_MATCH,0,,113361,113361,3OXQYUFUJ5P2WX97,,,order_geh3965myqez
bank,bank_norm_banktxn_shkgd1cpioyt5783,merchant,merch_norm_led_ey7zup83xbye,1.0,AUTO_MATCH,0,,418686,418686,6REAHXZXLSAYDSRB,,,order_n2ybq65ad49q
bank,bank_norm_banktxn_sk0le0zcdo26irv7,merchant,merch_norm_led_m45yzxzbv3fa,1.0,AUTO_MATCH,0,,144908,144908,RNDSOT1FBUJ5JEYF,,,order_v92rvfyroum4
bank,bank_norm_banktxn_slbi31fd2n41v9it,merchant,merch_norm_led_8mhbrmi4rydb,1.0,AUTO_MATCH,0,,513131,513131,J8CYVRPUJ3YVV842,,,order_fgafyrs2suo1
bank,bank_norm_banktxn_sr6mzg9m55yuibaf,merchant,merch_norm_led_7zlwd5daumv1,1.0,AUTO_MATCH,0,,346587,346587,B8PECS22M74D5B99,,,order_4b3fxbrk69gs
bank,bank_norm_banktxn_swiraahin71jq8k0,merchant,merch_norm_led_q8qkoyl793q8,1.0,AUTO_MATCH,0,,559529,559529,VBHKMEFVNPKOUQGX,,,order_marpibrsen49
bank,bank_norm_banktxn_t48pl9iiy4wmawfw,merchant,merch_norm_led_wa04k7htsvqh,1.0,AUTO_MATCH,0,,125936,125936,8SLQS6L3F3NPWTZ3,,,order_1evndmc6c9gl
bank,bank_norm_banktxn_tetnlcgg187qrpv3,merchant,merch_norm_led_x3wn1r2wkyvi,1.0,AUTO_MATCH,0,,155611,155611,FKYGZXI184KNSDBK,,,order_u84kq99jcz5s
bank,bank_norm_banktxn_tfldgt8jxqxwcaal,merchant,merch_norm_led_el1bbssgp0ce,1.0,AUTO_MATCH,0,,144339,144339,DHICV61XGALSMHBX,,,order_2psvj940zc0q
bank,bank_norm_banktxn_th6ixx7m7ihrq5lg,merchant,merch_norm_led_7t520qnq9ppr,1.0,AUTO_MATCH,0,,46198,46198,KUN35KHEYLTY6Z3U,,,order_2lz223nzmdy7
bank,bank_norm_banktxn_tklohqg5u1y3me42,merchant,merch_norm_led_1fc19f8u7dtg,1.0,AUTO_MATCH,0,,704452,704452,T8Y1P15R8TB3GOKD,,,order_yevehrv1olpa
bank,bank_norm_banktxn_triqv2n3qy0ycwd4,merchant,merch_norm_led_egrk3bvkwr3f,1.0,AUTO_MATCH,0,,497676,497676,37XN667KRUFEYM4K,,,order_mbmsjjxy9k8q
bank,bank_norm_banktxn_u49pcdj2bdvx6f9q,merchant,merch_norm_led_uasff9q8ssrs,1.0,AUTO_MATCH,0,,379581,379581,9UL0NPYW3WHXB0SA,,,order_dyg7nm40mh8n
bank,bank_norm_banktxn_u4lhkhgjc9xf3pk8,merchant,merch_norm_led_1vigqpo2cley,1.0,AUTO_MATCH,0,,173423,173423,MTGDTJXP60WNZIJ6,,,order_10u8b0egjhro
bank,bank_norm_banktxn_u6lsj5a6zb2v1bc4,merchant,merch_norm_led_oideix4t3nx0,1.0,AUTO_MATCH,0,,23815,23815,YJK1289LPODP4YOC,,,order_n88j0vmleqrp
bank,bank_norm_banktxn_uaq4vcrb9ikyustc,merchant,merch_norm_led_ybjcw94hraaa,1.0,AUTO_MATCH,0,,1059316,1059316,C0T23PFFO38VC7LR,,,order_i3yttndo4h0z
bank,bank_norm_banktxn_udxoj1gt1h92yrpj,merchant,merch_norm_led_vxqcnhf0498o,1.0,AUTO_MATCH,0,,187605,187605,BH3I0DJ6UQ0V7CVU,,,order_pr1a8pe4qm37
bank,bank_norm_banktxn_ufez963b3267hx87,merchant,merch_norm_led_ozm1whtcxeog,1.0,AUTO_MATCH,0,,501282,501282,KM1TP7G0GWRWT7R3,,,order_w2idy530pd60
bank,bank_norm_banktxn_ur1db76qkw2ogdwn,merchant,merch_norm_led_l48wrpf7x1kw,1.0,AUTO_MATCH,0,,82980,82980,8F9K8WVHJ187CD89,,,order_0xi1vicxfg5q
bank,bank_norm_banktxn_usajlu9f3yhy7126,merchant,merch_norm_led_yi6wq90e1ero,1.0,AUTO_MATCH,0,,378134,378134,7028F5H9006YL5C8,,,order_rftp6x806oo1
bank,bank_norm_banktxn_usbttgnsl3a6xxmb,merchant,merch_norm_led_56ixjr2eocxe,1.0,AUTO_MATCH,0,,324702,324702,UMECI98KDE88G8NV,,,order_wgftzbp15ysu
bank,bank_norm_banktxn_vagaa5fe8j0p4xpi,merchant,merch_norm_led_p1mp9sgn1nqm,1.0,AUTO_MATCH,0,,421530,421530,1WXBF9GCQRJSVD9F,,,order_8hotye5johal
bank,bank_norm_banktxn_vb32fs8jv3g7m5c3,merchant,merch_norm_led_vjkn920cma1n,1.0,AUTO_MATCH,0,,14161,14161,2I6I7XNQ8FFDYF7P,,,order_rkkwzw8e4q9u
bank,bank_norm_banktxn_vdu8o3ua06hyruz1,merchant,merch_norm_led_z8ohd787ipcj,1.0,AUTO_MATCH,0,,8840,8840,4Q6MEW56PWCT51F1,,,order_rf1q6py9iufy
bank,bank_norm_banktxn_viugicppvek96p1x,merchant,merch_norm_led_fj2awth0ddhp,1.0,AUTO_MATCH,0,,154476,154476,XD1GAYPD9F43BPMK,,,order_v7b6ipf3v33l
bank,bank_norm_banktxn_vm4kpa87ct24pzxi,merchant,merch_norm_led_0jupfe0ju6j6,1.0,AUTO_MATCH,0,,578179,578179,IZSXI2J6JV6G0WXT,,,order_w53gwn6m1mga
bank,bank_norm_banktxn_vpy3xqp9z5dsa7ge,merchant,merch_norm_led_f3z13eu22ee9,1.0,AUTO_MATCH,0,,161476,161476,44896XAF5NML5QL4,,,order_kpbk2ik2w38v
bank,bank_norm_banktxn_w5d80t9c75ygpln3,merchant,merch_norm_led_qdrwl4otqnm4,1.0,AUTO_MATCH,0,,14198,14198,6ECRR0LTK9PPJU45,,,order_65pl4r0ypbik
bank,bank_norm_banktxn_wmtmrtqqt1z1q58j,merchant,merch_norm_led_fwn8yi3p8p0t,1.0,AUTO_MATCH,0,,7635,7635,ZCJJ5JTYBOR68XSK,,,order_6gjjbrk8cg8q
bank,bank_norm_banktxn_wob1nfk4yocxvz9i,merchant,merch_norm_led_kqk76x428b2c,1.0,AUTO_MATCH,0,,180708,180708,MKTHZA4X9SIGYNT0,,,order_8g2vsziyvcby
bank,bank_norm_banktxn_wt5flmprrfdymyrg,merchant,merch_norm_led_4ty9ko277r8g,1.0,AUTO_MATCH,0,,106440,106440,L4HCQTGMTXDK4SYC,,,order_klxvkn8im9p6
bank,bank_norm_banktxn_wvg35rh20l8gaszr,merchant,merch_norm_led_z0749y2nz9r8,1.0,AUTO_MATCH,0,,259397,259397,0ZJ68G76Z9HIDLDG,,,order_g8m4fniasyjx
bank,bank_norm_banktxn_wvugvyo53i1soaoo,merchant,merch_norm_led_kbi6kve4w391,1.0,AUTO_MATCH,0,,163169,163169,T9PZTVFWXH5AXRSA,,,order_2lmcars9hjwf
bank,bank_norm_banktxn_wwxcad1uy7h78lt1,merchant,merch_norm_led_qs3tvbjgljuk,1.0,AUTO_MATCH,0,,862793,862793,4RHLQY98HD5859MN,,,order_gfsruf3mzlyb
bank,bank_norm_banktxn_x3y3dxw2ig43i3hf,merchant,merch_norm_led_4mpowl4dlcx6,1.0,AUTO_MATCH,0,,3216962,3216962,9GN5DN3046LIP7UM,,,order_gir81znqh37c
bank,bank_norm_banktxn_x40hadzkbgspkmim,merchant,merch_norm_led_2wkkgyxlw2o3,1.0,AUTO_MATCH,0,,215560,215560,7LOPUZLS6DH4789Y,,,order_3qmka762ld5p
bank,bank_norm_banktxn_xbl84axyor2khoxj,merchant,merch_norm_led_bywayis2l92f,1.0,AUTO_MATCH,0,,626116,626116,MWLWPOEMRKI5X1AZ,,,order_vybzvy3pq4kj
bank,bank_norm_banktxn_xn3wa4jwp8x1bcc3,merchant,merch_norm_led_f2t3nchntwp7,1.0,AUTO_MATCH,0,,382457,382457,HV6E8JSKHQ5CSDQV,,,order_2plf3uhn1ljj
bank,bank_norm_banktxn_xya8622t80h1jv47,merchant,merch_norm_led_bip6snvy0h61,1.0,AUTO_MATCH,0,,74647,74647,3MMMLEKHI2SXQTTW,,,order_t083t4mctzhb
bank,bank_norm_banktxn_y1su3ip2npwsr769,merchant,merch_norm_led_g7anql9fudg6,1.0,AUTO_MATCH,0,,236888,236888,LAFT402QXUO4QGY7,,,order_41dttfsfbtw7
bank,bank_norm_banktxn_y242d1ab68dln6b6,merchant,merch_norm_led_qwe8c9zmg6g8,1.0,AUTO_MATCH,0,,336558,336558,IOQ1RY9GU6MUKQ61,,,order_d2clflb4m4vc
bank,bank_norm_banktxn_ya8dp5q7wy2x60gz,merchant,merch_norm_led_aelv7knzpxpe,1.0,AUTO_MATCH,0,,11200,11200,NR5G8LMTSYA2LW9L,,,order_mqbpntmi9vyq
bank,bank_norm_banktxn_ybz4mbuyuc0izrbk,merchant,merch_norm_led_4kb7sjqkdkeu,1.0,AUTO_MATCH,0,,117086,117086,C7XDQ54CFXBR2WUW,,,order_cgid2levwy1e
bank,bank_norm_banktxn_yfmzkkzkabjam8k6,merchant,merch_norm_led_p7wkvn5s43l3,1.0,AUTO_MATCH,0,,409858,409858,0FP8B54UF9TVARHY,,,order_k0v58ilmd6a3
bank,bank_norm_banktxn_yn0vrrkegjo2jb9s,merchant,merch_norm_led_qejo165lf0nv,1.0,AUTO_MATCH,0,,19345,19345,X9T515BC8R4M581G,,,order_be3grq1358zf
bank,bank_norm_banktxn_yonkrf2cyi9kf3h8,merchant,merch_norm_led_wvd5u4awownv,1.0,AUTO_MATCH,0,,880183,880183,LDJTFNNAXR4798CC,,,order_zfbc1bg618o7
bank,bank_norm_banktxn_yp37vewmknnm3m6y,merchant,merch_norm_led_5to5jaoq8ije,1.0,AUTO_MATCH,0,,84015,84015,NXIQ912DBE2A078O,,,order_ifkdvbnx05le
bank,bank_norm_banktxn_ypeqrw2bknhylslb,merchant,merch_norm_led_qmv23mq8xiic,1.0,AUTO_MATCH,0,,1575500,1575500,OH6CV9Z668AD4JGZ,,,order_11gk9o1l6wni
bank,bank_norm_banktxn_yv3dbbk3w5ce9aug,merchant,merch_norm_led_ingmiiuasxvb,1.0,AUTO_MATCH,0,,328272,328272,5012UUYF7XAQDUG4,,,order_85vuco1kf0y4
bank,bank_norm_banktxn_yytbc3slmuzq6okz,merchant,merch_norm_led_g6c02daa1qip,1.0,AUTO_MATCH,0,,109317,109317,T02TG6ZZQZ8ZVMV6,,,order_k4qjdfx8xyfo
bank,bank_norm_banktxn_z357n0bt65kbr52n,merchant,merch_norm_led_es38c22t4rk0,1.0,AUTO_MATCH,0,,554629,554629,AGSF58Q4OYN0U43M,,,order_wazkh035vxxb
bank,bank_norm_banktxn_z5e6h90evnpj4jf4,merchant,merch_norm_led_j16fxzuzjanf,1.0,AUTO_MATCH,0,,132200,132200,F02VOEBK8TFSOVGZ,,,order_jevf0memq8vq
bank,bank_norm_banktxn_z5vuo3a4g1pxyg4c,merchant,merch_norm_led_ccte58kmacmp,1.0,AUTO_MATCH,0,,539056,539056,1VSSIPA3S8PQ88M1,,,order_qbxcsq93nehh
bank,bank_norm_banktxn_z8f9y06u42pcvx47,merchant,merch_norm_led_yrxfydlgchlv,1.0,AUTO_MATCH,0,,1059713,1059713,TAS0UNDEMBIACZJG,,,order_kkmf3g1uhcdx
bank,bank_norm_banktxn_zc27jznuw6pnr0xx,merchant,merch_norm_led_3g4w28iipbzx,1.0,AUTO_MATCH,0,,67714,67714,6PWYKBPPEU10YXHE,,,order_emj7hkmqjsc4
bank,bank_norm_banktxn_zemzraqvdrpjxkf9,merchant,merch_norm_led_1tunxu0wifaq,1.0,AUTO_MATCH,0,,99916,99916,GL4HORZYQMWCHWCI,,,order_vg3oyvdnjgne
bank,bank_norm_banktxn_zgu9d0jq6xh8q6w7,merchant,merch_norm_led_i76vccgxcmqi,1.0,AUTO_MATCH,0,,336618,336618,7N2OGY336137QSO7,,,order_mcap1ee8d1wa
bank,bank_norm_banktxn_ziibwaf4og878w8r,merchant,merch_norm_led_mwmu3bix40ln,1.0,AUTO_MATCH,0,,641160,641160,GPHU9WDI60QS412S,,,order_jmtxrvi3iut8
bank,bank_norm_banktxn_zka95rmp5c3sfws5,merchant,merch_norm_led_iwikhjc10til,1.0,AUTO_MATCH,0,,123842,123842,1AO86X2P0FQFAEN7,,,order_qifd655koykj
bank,bank_norm_banktxn_zpue3c6osbx6ywny,merchant,merch_norm_led_g2tfie51zmsd,1.0,AUTO_MATCH,0,,80696,80696,DY734XSFDBIU6LAL,,,order_a1iw8g17m94s
bank,bank_norm_banktxn_zw2kagdw5lxwfa9n,merchant,merch_norm_led_v3a76qyop2ay,1.0,AUTO_MATCH,0,,808535,808535,N8I3L23HK51POQ0N,,,order_en4a1jnyqezm
bank,bank_norm_banktxn_zw61o6pz3im1ma54,merchant,merch_norm_led_93dr0x7ph6z0,1.0,AUTO_MATCH,0,,143821,143821,C3BKMWV83R9E7ILR,,,order_77zr34y578ee
razorpay,rzp_norm_pay_02gt1543fjnq45,bank,bank_norm_banktxn_qpoz91n8npln1x4h,1.0,AUTO_MATCH,0,,49567,48105,PR4JJUSR5WQWV0HT,PR4JJUSR5WQWV0HT,order_wpk55z6kwdsh,
razorpay,rzp_norm_pay_02gt1543fjnq45,merchant,merch_norm_led_aee0bbvri1kh,1.0,AUTO_MATCH,0,,49567,49567,PR4JJUSR5WQWV0HT,,order_wpk55z6kwdsh,order_wpk55z6kwdsh
razorpay,rzp_norm_pay_02ylk62vj16e65,bank,bank_norm_banktxn_m30aq35k7ldbmgsl,1.0,AUTO_MATCH,0,,125140,125140,BA1PNEKH5B058BSK,BA1PNEKH5B058BSK,order_6two619liso3,
razorpay,rzp_norm_pay_02ylk62vj16e65,merchant,merch_norm_led_2si2v6sc8tz3,1.0,AUTO_MATCH,0,,125140,125140,BA1PNEKH5B058BSK,,order_6two619liso3,order_6two619liso3
razorpay,rzp_norm_pay_04vdokg8pbi6ty,bank,bank_norm_banktxn_5opse80iltlzyskb,1.0,AUTO_MATCH,0,,527830,516619,22Q2MF0YZQWGF097,22Q2MF0YZQWGF097,order_gb3b9eejl640,
razorpay,rzp_norm_pay_04vdokg8pbi6ty,merchant,merch_norm_led_5arjap2efqb0,1.0,AUTO_MATCH,0,,527830,527830,22Q2MF0YZQWGF097,,order_gb3b9eejl640,order_gb3b9eejl640
razorpay,rzp_norm_pay_067dcbm159hmma,merchant,merch_norm_led_7oitjsezqirc,1.0,AUTO_MATCH,0,,186216,186216,06DWUNBS6BMORDWE,,order_wfw460xdciay,order_wfw460xdciay
razorpay,rzp_norm_pay_089gpbpu5fa08k,bank,bank_norm_banktxn_slbi31fd2n41v9it,1.0,AUTO_MATCH,0,,513131,513131,J8CYVRPUJ3YVV842,J8CYVRPUJ3YVV842,order_fgafyrs2suo1,
razorpay,rzp_norm_pay_089gpbpu5fa08k,merchant,merch_norm_led_8mhbrmi4rydb,1.0,AUTO_MATCH,0,,513131,513131,J8CYVRPUJ3YVV842,,order_fgafyrs2suo1,order_fgafyrs2suo1
razorpay,rzp_norm_pay_09z2fes5g97dui,merchant,merch_norm_led_bs9hjl8bung8,1.0,AUTO_MATCH,0,,87503,87503,VQ8FFPWD9J1UBW5M,,order_sbveb9qwhkga,order_sbveb9qwhkga
razorpay,rzp_norm_pay_0bqzvpy54y1s7m,merchant,merch_norm_led_hc1ygzt0r3kr,1.0,AUTO_MATCH,0,,222645,222645,1HMC5JEEVN2HVD0C,,order_omob07tncs0e,order_omob07tncs0e
razorpay,rzp_norm_pay_0cz9w3u4339gkx,bank,bank_norm_banktxn_7sdzry6omb9fl2vf,1.0,AUTO_MATCH,0,,921075,921075,WCCXSRZWDZPXX9MW,WCCXSRZWDZPXX9MW,order_xrh7tfoufecf,
razorpay,rzp_norm_pay_0cz9w3u4339gkx,merchant,merch_norm_led_uyven87x1oxg,1.0,AUTO_MATCH,0,,921075,921075,WCCXSRZWDZPXX9MW,,order_xrh7tfoufecf,order_xrh7tfoufecf
razorpay,rzp_norm_pay_0d3vwev4qg9hp6,bank,bank_norm_banktxn_0i3atq4tvy6awff8,1.0,AUTO_MATCH,0,,25333,24735,3YBNPF55I1A6MD3W,3YBNPF55I1A6MD3W,order_9mvy7acc7q1c,
razorpay,rzp_norm_pay_0d3vwev4qg9hp6,merchant,merch_norm_led_ehng89d5uvx7,1.0,AUTO_MATCH,0,,25333,25333,3YBNPF55I1A6MD3W,,order_9mvy7acc7q1c,order_9mvy7acc7q1c
razorpay,rzp_norm_pay_0dv5t3nzqn3hx2,merchant,merch_norm_led_zgnssp02i1x8,1.0,AUTO_MATCH,0,,115332,115332,XFBZZQ6MTR6ABZPW,,order_4j4dx66eyocc,order_4j4dx66eyocc
razorpay,rzp_norm_pay_0e590vdlqjvnt2,bank,bank_norm_banktxn_ka2zx7gujcn3d7fr,1.0,AUTO_MATCH,0,,197522,197522,O07FOSF2CT6XDUOJ,O07FOSF2CT6XDUOJ,order_l593hp4yubcg,
razorpay,rzp_norm_pay_0e590vdlqjvnt2,merchant,merch_norm_led_k0ah7pf02u9n,1.0,AUTO_MATCH,0,,197522,197522,O07FOSF2CT6XDUOJ,,order_l593hp4yubcg,order_l593hp4yubcg
razorpay,rzp_norm_pay_0gugjve0w671sz,bank,bank_norm_banktxn_5dpduk1q1k3efn67,1.0,AUTO_MATCH,0,,144764,141689,CFMTWJET244W2CCP,CFMTWJET244W2CCP,order_0zvqouxjldci,
razorpay,rzp_norm_pay_0gugjve0w671sz,merchant,merch_norm_led_pfuzimsfqamf,1.0,AUTO_MATCH,0,,144764,144764,CFMTWJET244W2CCP,,order_0zvqouxjldci,order_0zvqouxjldci
razorpay,rzp_norm_pay_0h3vpfj7mdntt7,bank,bank_norm_banktxn_hvj6pylntdk9f9yn,1.0,AUTO_MATCH,0,,259258,253140,4GYU8BMNTWLPG6EL,4GYU8BMNTWLPG6EL,order_3377lgtteigf,
razorpay,rzp_norm_pay_0h3vpfj7mdntt7,merchant,merch_norm_led_nmz1mvjvnw6q,1.0,AUTO_MATCH,0,,259258,259258,4GYU8BMNTWLPG6EL,,order_3377lgtteigf,order_3377lgtteigf
razorpay,rzp_norm_pay_0jdxqwam1xklbl,bank,bank_norm_banktxn_qp62m6jo5y3owpaw,1.0,AUTO_MATCH,0,,125465,125465,VFJQYAU3HTBCFGGR,VFJQYAU3HTBCFGGR,order_rauboo9d9ksa,
razorpay,rzp_norm_pay_0jdxqwam1xklbl,merchant,merch_norm_led_zoxxuahgg1fn,1.0,AUTO_MATCH,0,,125465,125465,VFJQYAU3HTBCFGGR,,order_rauboo9d9ksa,order_rauboo9d9ksa
razorpay,rzp_norm_pay_0jhzm7lt5t575b,bank,bank_norm_banktxn_igsg5vmnmxsa2o9y,1.0,AUTO_MATCH,0,,370612,370612,C8J3OIBH8KQECHCB,C8J3OIBH8KQECHCB,order_5bk1a0dnt5fj,
razorpay,rzp_norm_pay_0jhzm7lt5t575b,merchant,merch_norm_led_drmidlwzh5wd,1.0,AUTO_MATCH,0,,370612,370612,C8J3OIBH8KQECHCB,,order_5bk1a0dnt5fj,order_5bk1a0dnt5fj
razorpay,rzp_norm_pay_0l1f5quy4bxwfs,bank,bank_norm_banktxn_65lrae3ovz14hov2,1.0,AUTO_MATCH,0,,163920,159084,RMFKFQX9FB2SAJWQ,RMFKFQX9FB2SAJWQ,order_eyle3z9bsx6h,
razorpay,rzp_norm_pay_0l1f5quy4bxwfs,merchant,merch_norm_led_5h49z0gis6a2,1.0,AUTO_MATCH,0,,163920,163920,RMFKFQX9FB2SAJWQ,,order_eyle3z9bsx6h,order_eyle3z9bsx6h
razorpay,rzp_norm_pay_0m2za94q8nebbh,bank,bank_norm_banktxn_ur1db76qkw2ogdwn,1.0,AUTO_MATCH,0,,82980,82980,8F9K8WVHJ187CD89,8F9K8WVHJ187CD89,order_0xi1vicxfg5q,
razorpay,rzp_norm_pay_0m2za94q8nebbh,merchant,merch_norm_led_l48wrpf7x1kw,1.0,AUTO_MATCH,0,,82980,82980,8F9K8WVHJ187CD89,,order_0xi1vicxfg5q,order_0xi1vicxfg5q
razorpay,rzp_norm_pay_0nk8oqnybu4140,bank,bank_norm_banktxn_f3f5r7t3jb7080av,1.0,AUTO_MATCH,0,,178672,178672,YY9H5J5WD9YKP4JR,YY9H5J5WD9YKP4JR,order_gd23pwiwqrp5,
razorpay,rzp_norm_pay_0nk8oqnybu4140,merchant,merch_norm_led_mxxgan8h71lr,1.0,AUTO_MATCH,0,,178672,178672,YY9H5J5WD9YKP4JR,,order_gd23pwiwqrp5,order_gd23pwiwqrp5
razorpay,rzp_norm_pay_0nydncjykzibll,bank,bank_norm_banktxn_3gbk1g04fkzw5wif,1.0,AUTO_MATCH,0,,198288,194077,XCBMUW7OMEN9GQCR,XCBMUW7OMEN9GQCR,order_p4h4sxjdso16,
razorpay,rzp_norm_pay_0nydncjykzibll,merchant,merch_norm_led_bhjnvjejbkm4,1.0,AUTO_MATCH,0,,198288,198288,XCBMUW7OMEN9GQCR,,order_p4h4sxjdso16,order_p4h4sxjdso16
razorpay,rzp_norm_pay_0odte4hn24dqjv,merchant,merch_norm_led_k2xqi1ellfdy,1.0,AUTO_MATCH,0,,149007,149007,4L1SOWEW0E17JFRF,,order_6yag6ko8lbku,order_6yag6ko8lbku
razorpay,rzp_norm_pay_0qx1bnnawxtctz,merchant,merch_norm_led_ihv7mom3du6k,1.0,AUTO_MATCH,0,,36843,36843,VS8CVSE20LEC37AL,,order_g1s0g71bh7q6,order_g1s0g71bh7q6
razorpay,rzp_norm_pay_0t8zjewmx01wrr,bank,bank_norm_banktxn_t99a9rjo5kff209v,1.0,AUTO_MATCH,0,,47715,46589,MVNHEIKFOIP63VVS,MVNHEIKFOIP63VVS,order_ahk1k4h1jwte,
razorpay,rzp_norm_pay_0t8zjewmx01wrr,merchant,merch_norm_led_08tn3uqurfy2,1.0,AUTO_MATCH,0,,47715,47715,MVNHEIKFOIP63VVS,,order_ahk1k4h1jwte,order_ahk1k4h1jwte
razorpay,rzp_norm_pay_0tr4k2i93kzowm,bank,bank_norm_banktxn_d2hp7ofzx7qwuym5,1.0,AUTO_MATCH,0,,384011,384011,625IQ63D9VWXWZ6Y,625IQ63D9VWXWZ6Y,order_qst4jcdr1w22,
razorpay,rzp_norm_pay_0tr4k2i93kzowm,merchant,merch_norm_led_xmq2m2olpzya,1.0,AUTO_MATCH,0,,384011,384011,625IQ63D9VWXWZ6Y,,order_qst4jcdr1w22,order_qst4jcdr1w22
razorpay,rzp_norm_pay_0vsf6ad6kll2ks,merchant,merch_norm_led_9ejhmrwigqui,1.0,AUTO_MATCH,0,,208253,208253,JNWYD64J4JU369EK,,order_2m85xuexhhg2,order_2m85xuexhhg2
razorpay,rzp_norm_pay_0w6v94jfpjdy6c,bank,bank_norm_banktxn_km1guoy6rmv1o2v5,1.0,AUTO_MATCH,0,,37052,36265,RMP0JLONDJRU2V2V,RMP0JLONDJRU2V2V,order_111i7db44gs7,
razorpay,rzp_norm_pay_0w6v94jfpjdy6c,merchant,merch_norm_led_ugy55f6tolfu,1.0,AUTO_MATCH,0,,37052,37052,RMP0JLONDJRU2V2V,,order_111i7db44gs7,order_111i7db44gs7
razorpay,rzp_norm_pay_0xu24jo7wu3aue,bank,bank_norm_banktxn_vagaa5fe8j0p4xpi,1.0,AUTO_MATCH,0,,421530,421530,1WXBF9GCQRJSVD9F,1WXBF9GCQRJSVD9F,order_8hotye5johal,
razorpay,rzp_norm_pay_0xu24jo7wu3aue,merchant,merch_norm_led_p1mp9sgn1nqm,1.0,AUTO_MATCH,0,,421530,421530,1WXBF9GCQRJSVD9F,,order_8hotye5johal,order_8hotye5johal
razorpay,rzp_norm_pay_0zy29mv24pa3pf,bank,bank_norm_banktxn_vc939bkhn2z1oh1s,1.0,AUTO_MATCH,0,,104750,102526,4RQ9PMYPCO38NFOW,4RQ9PMYPCO38NFOW,order_t3enlm6k7pso,
razorpay,rzp_norm_pay_0zy29mv24pa3pf,merchant,merch_norm_led_ztdzv6yci733,1.0,AUTO_MATCH,0,,104750,104750,4RQ9PMYPCO38NFOW,,order_t3enlm6k7pso,order_t3enlm6k7pso
razorpay,rzp_norm_pay_14bimt6y5nz3o5,merchant,merch_norm_led_2g23du4uvnxz,1.0,AUTO_MATCH,0,,64188,64188,YS5WRV4U0Y0J9DAZ,,order_i7cpn2ml76eq,order_i7cpn2ml76eq
razorpay,rzp_norm_pay_14st1d5pcs2l02,merchant,merch_norm_led_em3jr38rqspl,1.0,AUTO_MATCH,0,,484445,484445,SAHSRFZ0YE2PKG3A,,order_icdbqtbghoe7,order_icdbqtbghoe7
razorpay,rzp_norm_pay_155zgz1xs07u0w,bank,bank_norm_banktxn_45203u36vzn1b0n3,1.0,AUTO_MATCH,0,,76539,74732,3IEERZNSOS9IQ53K,3IEERZNSOS9IQ53K,order_pv6na2ut63ui,
razorpay,rzp_norm_pay_155zgz1xs07u0w,merchant,merch_norm_led_9miuaeb250bu,1.0,AUTO_MATCH,0,,76539,76539,3IEERZNSOS9IQ53K,,order_pv6na2ut63ui,order_pv6na2ut63ui
razorpay,rzp_norm_pay_15xdoqtlanjk53,merchant,merch_norm_led_m4p2r1t4krpq,1.0,AUTO_MATCH,0,,124308,124308,W7MR7IVXJ2EP30DJ,,order_9a35hsrvsqhd,order_9a35hsrvsqhd
razorpay,rzp_norm_pay_171er04h0z4t33,bank,bank_norm_banktxn_1vsckno7a92m7dnp,1.0,AUTO_MATCH,0,,1316779,1277935,V35HT8OW866LRPJR,V35HT8OW866LRPJR,order_c8vpax1mxttv,
razorpay,rzp_norm_pay_171er04h0z4t33,merchant,merch_norm_led_ftixbm23vm6r,1.0,AUTO_MATCH,0,,1316779,1316779,V35HT8OW866LRPJR,,order_c8vpax1mxttv,order_c8vpax1mxttv
razorpay,rzp_norm_pay_180s75maez0bcr,bank,bank_norm_banktxn_6ozx23lfuyd4zo9w,1.0,AUTO_MATCH,0,,103470,103470,R67WRDYNLZZ5KTUA,R67WRDYNLZZ5KTUA,order_a6a4mx7xv0n6,
razorpay,rzp_norm_pay_180s75maez0bcr,merchant,merch_norm_led_ubwhlj36w8au,1.0,AUTO_MATCH,0,,103470,103470,R67WRDYNLZZ5KTUA,,order_a6a4mx7xv0n6,order_a6a4mx7xv0n6
razorpay,rzp_norm_pay_19am15jcuhwc3c,bank,bank_norm_banktxn_68b272s8lxsfcd2i,1.0,AUTO_MATCH,0,,412327,412327,97DA7TQT837577OP,97DA7TQT837577OP,order_0qu5dv579p39,
razorpay,rzp_norm_pay_19am15jcuhwc3c,merchant,merch_norm_led_croldy0btjx6,1.0,AUTO_MATCH,0,,412327,412327,97DA7TQT837577OP,,order_0qu5dv579p39,order_0qu5dv579p39
razorpay,rzp_norm_pay_1cac0zxy3r0i4t,bank,bank_norm_banktxn_bfpqip8sbwrl6y7i,1.0,AUTO_MATCH,0,,965038,965038,VMXVKLYL0L6JL2IS,VMXVKLYL0L6JL2IS,order_l0ah7e13swyr,
razorpay,rzp_norm_pay_1cac0zxy3r0i4t,merchant,merch_norm_led_82jezhk2gp96,1.0,AUTO_MATCH,0,,965038,965038,VMXVKLYL0L6JL2IS,,order_l0ah7e13swyr,order_l0ah7e13swyr
razorpay,rzp_norm_pay_1ez5v6uhui1ubf,bank,bank_norm_banktxn_xr9nemodgyvib8gd,1.0,AUTO_MATCH,0,,85207,82694,SP93TAOQF7YNWLB6,SP93TAOQF7YNWLB6,order_9xncfufp9c1l,
razorpay,rzp_norm_pay_1ez5v6uhui1ubf,merchant,merch_norm_led_i3cg9oaqejgj,1.0,AUTO_MATCH,0,,85207,85207,SP93TAOQF7YNWLB6,,order_9xncfufp9c1l,order_9xncfufp9c1l
razorpay,rzp_norm_pay_1fd462s3f2psey,bank,bank_norm_banktxn_q9jobyufej9t3zqq,1.0,AUTO_MATCH,0,,116768,116768,EQJH3ZBRZV3MOXKQ,EQJH3ZBRZV3MOXKQ,order_d38wiekkfj9x,
razorpay,rzp_norm_pay_1fd462s3f2psey,merchant,merch_norm_led_zx8ofgdl5sn5,1.0,AUTO_MATCH,0,,116768,116768,EQJH3ZBRZV3MOXKQ,,order_d38wiekkfj9x,order_d38wiekkfj9x
razorpay,rzp_norm_pay_1iqgmgtoxdiysm,bank,bank_norm_banktxn_mbn3z7nl1jf6l1s4,1.0,AUTO_MATCH,0,,188114,188114,SR35CX2UL55W7A6O,SR35CX2UL55W7A6O,order_anq1iz9ipr8k,
razorpay,rzp_norm_pay_1iqgmgtoxdiysm,merchant,merch_norm_led_vg4rhuuoc62e,1.0,AUTO_MATCH,0,,188114,188114,SR35CX2UL55W7A6O,,order_anq1iz9ipr8k,order_anq1iz9ipr8k
razorpay,rzp_norm_pay_1j5luex1ototeo,bank,bank_norm_banktxn_avt077lj6tvdbq0r,1.0,AUTO_MATCH,0,,60511,59083,EB3NWOSAHNU6NNSC,EB3NWOSAHNU6NNSC,order_sb2p72bctbrj,
razorpay,rzp_norm_pay_1j5luex1ototeo,merchant,merch_norm_led_wlqwzyzq42xl,1.0,AUTO_MATCH,0,,60511,60511,EB3NWOSAHNU6NNSC,,order_sb2p72bctbrj,order_sb2p72bctbrj
razorpay,rzp_norm_pay_1jopc4f6j72myr,bank,bank_norm_banktxn_ol1vkbvdmglhhz0x,1.0,AUTO_MATCH,0,,434102,434102,RBXHYUTRHKF5HSFT,RBXHYUTRHKF5HSFT,order_n4wl0qv6rnt9,
razorpay,rzp_norm_pay_1jopc4f6j72myr,merchant,merch_norm_led_c5fqvzfuvs15,1.0,AUTO_MATCH,0,,434102,434102,RBXHYUTRHKF5HSFT,,order_n4wl0qv6rnt9,order_n4wl0qv6rnt9
razorpay,rzp_norm_pay_1lrq0lc94thpnp,merchant,merch_norm_led_9b1wom83tvix,1.0,AUTO_MATCH,0,,119528,119528,QY5EW7182YVJ2BYE,,order_dx9nq2axsp5s,order_dx9nq2axsp5s
razorpay,rzp_norm_pay_1m9jk0cktydnjb,bank,bank_norm_banktxn_rml2pnf0b01rypma,1.0,AUTO_MATCH,0,,204488,200144,LTVZJE5LAAV570TJ,LTVZJE5LAAV570TJ,order_47clup5jgi13,
razorpay,rzp_norm_pay_1m9jk0cktydnjb,merchant,merch_norm_led_ca3j81ia9ht0,1.0,AUTO_MATCH,0,,204488,204488,LTVZJE5LAAV570TJ,,order_47clup5jgi13,order_47clup5jgi13
razorpay,rzp_norm_pay_1noiiqzmf0gnnk,bank,bank_norm_banktxn_po9r1bb93snl1p6t,1.0,AUTO_MATCH,0,,494398,494398,YJDE8VQC3GQ21XBF,YJDE8VQC3GQ21XBF,order_ll38qdlr0vvv,
razorpay,rzp_norm_pay_1noiiqzmf0gnnk,merchant,merch_norm_led_2rt14l6b23dd,1.0,AUTO_MATCH,0,,494398,494398,YJDE8VQC3GQ21XBF,,order_ll38qdlr0vvv,order_ll38qdlr0vvv
razorpay,rzp_norm_pay_1q5pmy5981na9i,bank,bank_norm_banktxn_l6cd6ey22hyea45b,1.0,AUTO_MATCH,0,,179718,175477,FT9QBIB2RO4LGW1Z,FT9QBIB2RO4LGW1Z,order_74kqd29kkper,
razorpay,rzp_norm_pay_1q5pmy5981na9i,merchant,merch_norm_led_96b4niw7ny9r,1.0,AUTO_MATCH,0,,179718,179718,FT9QBIB2RO4LGW1Z,,order_74kqd29kkper,order_74kqd29kkper
razorpay,rzp_norm_pay_1q97t8ol4sdaw7,merchant,merch_norm_led_xfzvz2djm3ak,1.0,AUTO_MATCH,0,,409032,409032,P4KSDTRU71M8WSV0,,order_r953wve9a6zf,order_r953wve9a6zf
razorpay,rzp_norm_pay_1sbdjzexeknfx8,bank,bank_norm_banktxn_zur69cxkl7gchpy9,1.0,AUTO_MATCH,0,,1226011,1197077,9PMY9RH5ZOOMQ4D0,9PMY9RH5ZOOMQ4D0,order_z1i0mq79rl1z,
razorpay,rzp_norm_pay_1sbdjzexeknfx8,merchant,merch_norm_led_fjwh21aue00w,1.0,AUTO_MATCH,0,,1226011,1226011,9PMY9RH5ZOOMQ4D0,,order_z1i0mq79rl1z,order_z1i0mq79rl1z
razorpay,rzp_norm_pay_1ue5893rosrpki,bank,bank_norm_banktxn_b7eoszzoimln8q7k,1.0,AUTO_MATCH,0,,278484,278484,AWR4TZ0NZ4FX2LSE,AWR4TZ0NZ4FX2LSE,order_0kebha7qhele,
razorpay,rzp_norm_pay_1ue5893rosrpki,merchant,merch_norm_led_71s0mnv0nan2,1.0,AUTO_MATCH,0,,278484,278484,AWR4TZ0NZ4FX2LSE,,order_0kebha7qhele,order_0kebha7qhele
razorpay,rzp_norm_pay_1uetd3h5m0odbg,bank,bank_norm_banktxn_ug7l93i4351bvr2u,1.0,AUTO_MATCH,0,,49209,48048,DCIPTHRHPR2FD8VC,DCIPTHRHPR2FD8VC,order_1k629qnxeysr,
razorpay,rzp_norm_pay_1uetd3h5m0odbg,merchant,merch_norm_led_y7k7pjxgtuuc,1.0,AUTO_MATCH,0,,49209,49209,DCIPTHRHPR2FD8VC,,order_1k629qnxeysr,order_1k629qnxeysr
razorpay,rzp_norm_pay_1vr05tm7y00suz,bank,bank_norm_banktxn_97nasbnvyecrth3x,1.0,AUTO_MATCH,0,,313001,306353,U2RRV85ABZEJ7GD0,U2RRV85ABZEJ7GD0,order_gbwinntr6xru,
razorpay,rzp_norm_pay_1vr05tm7y00suz,merchant,merch_norm_led_6a2mhitpyy15,1.0,AUTO_MATCH,0,,313001,313001,U2RRV85ABZEJ7GD0,,order_gbwinntr6xru,order_gbwinntr6xru
razorpay,rzp_norm_pay_1vtlkz85aobqgd,bank,bank_norm_banktxn_ld6rhybxfxluhssr,1.0,AUTO_MATCH,0,,3823563,3742351,L56W4TUNN49HJ6JA,L56W4TUNN49HJ6JA,order_npuwhip0sz1u,
razorpay,rzp_norm_pay_1vtlkz85aobqgd,merchant,merch_norm_led_mok2u1nkjgdj,1.0,AUTO_MATCH,0,,3823563,3823563,L56W4TUNN49HJ6JA,,order_npuwhip0sz1u,order_npuwhip0sz1u
razorpay,rzp_norm_pay_1wswwrldwl2oud,bank,bank_norm_banktxn_db34pa0ucbw5yav7,1.0,AUTO_MATCH,0,,59870,59870,J887T3GZR4YPS1QP,J887T3GZR4YPS1QP,order_qdjawwup1kk1,
razorpay,rzp_norm_pay_1wswwrldwl2oud,merchant,merch_norm_led_z9qkdet5t0yr,1.0,AUTO_MATCH,0,,59870,59870,J887T3GZR4YPS1QP,,order_qdjawwup1kk1,order_qdjawwup1kk1
razorpay,rzp_norm_pay_1x6wcqfads0boo,bank,bank_norm_banktxn_8zz82e39xsksh2mw,1.0,AUTO_MATCH,0,,225581,220257,7EE64UWQ3LSSPSV4,7EE64UWQ3LSSPSV4,order_fwa0u7mjz5zk,
razorpay,rzp_norm_pay_1x6wcqfads0boo,merchant,merch_norm_led_bf0dq0osvxu7,1.0,AUTO_MATCH,0,,225581,225581,7EE64UWQ3LSSPSV4,,order_fwa0u7mjz5zk,order_fwa0u7mjz5zk
razorpay,rzp_norm_pay_1x9ucq5ksrg0kc,bank,bank_norm_banktxn_bb9u664tnvr7v6ra,1.0,AUTO_MATCH,0,,45992,45992,R41FXG9BUDP8TDB3,R41FXG9BUDP8TDB3,order_kqs3uwtvlmga,
razorpay,rzp_norm_pay_1x9ucq5ksrg0kc,merchant,merch_norm_led_3iayn7ihzpze,1.0,AUTO_MATCH,0,,45992,45992,R41FXG9BUDP8TDB3,,order_kqs3uwtvlmga,order_kqs3uwtvlmga
razorpay,rzp_norm_pay_1yk6bdt0xn575g,bank,bank_norm_banktxn_p68posye1nnvdt6c,1.0,AUTO_MATCH,0,,171260,171260,BTRV5FSS7WWQ9RFM,BTRV5FSS7WWQ9RFM,order_jngnqu9pmlo7,
razorpay,rzp_norm_pay_1yk6bdt0xn575g,merchant,merch_norm_led_yxui2a8dio4j,1.0,AUTO_MATCH,0,,171260,171260,BTRV5FSS7WWQ9RFM,,order_jngnqu9pmlo7,order_jngnqu9pmlo7
razorpay,rzp_norm_pay_1znyvut0um16cd,bank,bank_norm_banktxn_7f0c9q8jxqj1gppn,1.0,AUTO_MATCH,0,,81043,81043,XPBQQSXQ4PEEZPDY,XPBQQSXQ4PEEZPDY,order_bkpsujpf5uu4,
razorpay,rzp_norm_pay_1znyvut0um16cd,merchant,merch_norm_led_hvs1kepjhfgl,1.0,AUTO_MATCH,0,,81043,81043,XPBQQSXQ4PEEZPDY,,order_bkpsujpf5uu4,order_bkpsujpf5uu4
razorpay,rzp_norm_pay_20223rd8lwrusl,bank,bank_norm_banktxn_qcl7tkvdk4wn6vpo,1.0,AUTO_MATCH,0,,173994,173994,FIHQDEBIOMQXI4LI,FIHQDEBIOMQXI4LI,order_ipnzq7uazjt1,
razorpay,rzp_norm_pay_20223rd8lwrusl,merchant,merch_norm_led_mnqkq02eesk9,1.0,AUTO_MATCH,0,,173994,173994,FIHQDEBIOMQXI4LI,,order_ipnzq7uazjt1,order_ipnzq7uazjt1
razorpay,rzp_norm_pay_20agic8dpba7p2,bank,bank_norm_banktxn_u0dcn2xgaid7ye8i,1.0,AUTO_MATCH,0,,637906,622852,4R7FN95K37QJ9O40,4R7FN95K37QJ9O40,order_oozmtgpu1osm,
razorpay,rzp_norm_pay_20agic8dpba7p2,merchant,merch_norm_led_yiw4e10j6r40,1.0,AUTO_MATCH,0,,637906,637906,4R7FN95K37QJ9O40,,order_oozmtgpu1osm,order_oozmtgpu1osm
razorpay,rzp_norm_pay_20xwyjc5chtf71,bank,bank_norm_banktxn_8626n60q3vwju1i9,1.0,AUTO_MATCH,0,,191194,191194,W9FQ7R251V9ZDYA4,W9FQ7R251V9ZDYA4,order_ndzxxe6a0jha,
razorpay,rzp_norm_pay_20xwyjc5chtf71,merchant,merch_norm_led_2stprf623jlc,1.0,AUTO_MATCH,0,,191194,191194,W9FQ7R251V9ZDYA4,,order_ndzxxe6a0jha,order_ndzxxe6a0jha
razorpay,rzp_norm_pay_229jnee4f87kk4,bank,bank_norm_banktxn_908nwanid4xdby68,1.0,AUTO_MATCH,0,,556696,540274,IJIXXOOV9VERSSIQ,IJIXXOOV9VERSSIQ,order_d0klu2xdrzb6,
razorpay,rzp_norm_pay_229jnee4f87kk4,merchant,merch_norm_led_c48c90j53o05,1.0,AUTO_MATCH,0,,556696,556696,IJIXXOOV9VERSSIQ,,order_d0klu2xdrzb6,order_d0klu2xdrzb6
razorpay,rzp_norm_pay_27a3f19n81glac,bank,bank_norm_banktxn_lew57z1z7zommxdi,1.0,AUTO_MATCH,0,,1146022,1146022,28TMVIKGH82KIZII,28TMVIKGH82KIZII,order_tntne7bp23yr,
razorpay,rzp_norm_pay_27a3f19n81glac,merchant,merch_norm_led_ilppaan97vv3,1.0,AUTO_MATCH,0,,1146022,1146022,28TMVIKGH82KIZII,,order_tntne7bp23yr,order_tntne7bp23yr
razorpay,rzp_norm_pay_29llliqxest2i6,bank,bank_norm_banktxn_aiylmyts10rafgkh,1.0,AUTO_MATCH,0,,880855,880855,XPLO0JHWGRVEDBB4,XPLO0JHWGRVEDBB4,order_6quzy4nqipte,
razorpay,rzp_norm_pay_29llliqxest2i6,merchant,merch_norm_led_aqh2vq1zkd35,1.0,AUTO_MATCH,0,,880855,880855,XPLO0JHWGRVEDBB4,,order_6quzy4nqipte,order_6quzy4nqipte
razorpay,rzp_norm_pay_29x1mtln113gjh,merchant,merch_norm_led_unqvuhooykdb,1.0,AUTO_MATCH,0,,746801,746801,9B1A7SKYBZD1KCT1,,order_4mrof2nsavnr,order_4mrof2nsavnr
razorpay,rzp_norm_pay_2ajl62520capv6,bank,bank_norm_banktxn_jkdft99253796s89,1.0,AUTO_MATCH,0,,871243,871243,VEI2PLAUSMWJIPQF,VEI2PLAUSMWJIPQF,order_hix4i84tgaw6,
razorpay,rzp_norm_pay_2ajl62520capv6,merchant,merch_norm_led_4ilkfurq7zjd,1.0,AUTO_MATCH,0,,871243,871243,VEI2PLAUSMWJIPQF,,order_hix4i84tgaw6,order_hix4i84tgaw6
razorpay,rzp_norm_pay_2bzautjqhyblik,bank,bank_norm_banktxn_neka4v3lu8ovtzc2,1.0,AUTO_MATCH,0,,126177,123199,VOWFNAX4FV8GB2IQ,VOWFNAX4FV8GB2IQ,order_tofiisza236c,
razorpay,rzp_norm_pay_2bzautjqhyblik,merchant,merch_norm_led_393c2hcc3vt1,1.0,AUTO_MATCH,0,,126177,126177,VOWFNAX4FV8GB2IQ,,order_tofiisza236c,order_tofiisza236c
razorpay,rzp_norm_pay_2decsfpdjroang,bank,bank_norm_banktxn_4m5iwwy5he674n2y,1.0,AUTO_MATCH,0,,454523,454523,LRSTRQNVKHO1BSEG,LRSTRQNVKHO1BSEG,order_z585isxme2tw,
razorpay,rzp_norm_pay_2decsfpdjroang,merchant,merch_norm_led_clclgjhc8yg0,1.0,AUTO_MATCH,0,,454523,454523,LRSTRQNVKHO1BSEG,,order_z585isxme2tw,order_z585isxme2tw
razorpay,rzp_norm_pay_2if58sif5bqrqm,bank,bank_norm_banktxn_9tk700mrzv2r0kt4,1.0,AUTO_MATCH,0,,57880,56650,Q9GTKLL9QT83FPU3,Q9GTKLL9QT83FPU3,order_p2becp5qmlw1,
razorpay,rzp_norm_pay_2if58sif5bqrqm,merchant,merch_norm_led_4b5x5otcbfnc,1.0,AUTO_MATCH,0,,57880,57880,Q9GTKLL9QT83FPU3,,order_p2becp5qmlw1,order_p2becp5qmlw1
razorpay,rzp_norm_pay_2k3ue8h4eif3fa,merchant,merch_norm_led_hwv6l1k7z8dt,1.0,AUTO_MATCH,0,,202079,202079,I3EUPMGDH9ZMX1CE,,order_n2avgp9fzewi,order_n2avgp9fzewi
razorpay,rzp_norm_pay_2k4p38f8k61v5n,bank,bank_norm_banktxn_5fm1mejg4u7lvkmv,1.0,AUTO_MATCH,0,,227673,227673,PJ45ANN58KEW2VX4,PJ45ANN58KEW2VX4,order_mkyv3h3h99jl,
razorpay,rzp_norm_pay_2k4p38f8k61v5n,merchant,merch_norm_led_7prebw8hqf1r,1.0,AUTO_MATCH,0,,227673,227673,PJ45ANN58KEW2VX4,,order_mkyv3h3h99jl,order_mkyv3h3h99jl
razorpay,rzp_norm_pay_2m4q5zu8h262vw,merchant,merch_norm_led_38sbi2kmfi8p,1.0,AUTO_MATCH,0,,260254,260254,1ZU3OO8RRZ87S7NM,,order_emruje131cyo,order_emruje131cyo
razorpay,rzp_norm_pay_2pf8wtsklgwi20,bank,bank_norm_banktxn_b1vwffx406cp8h0w,1.0,AUTO_MATCH,0,,138172,138172,PQOSDBVYCO2VX2VY,PQOSDBVYCO2VX2VY,order_i940vxxltq04,
razorpay,rzp_norm_pay_2pf8wtsklgwi20,merchant,merch_norm_led_c5l9ogpuigkq,1.0,AUTO_MATCH,0,,138172,138172,PQOSDBVYCO2VX2VY,,order_i940vxxltq04,order_i940vxxltq04
razorpay,rzp_norm_pay_2tdmovjw0kveg1,bank,bank_norm_banktxn_tuiyrtnn7j4wrhxa,1.0,AUTO_MATCH,0,,51228,50019,5MX8LXH1TCJ92E6S,5MX8LXH1TCJ92E6S,order_lz28r0agh92e,
razorpay,rzp_norm_pay_2tdmovjw0kveg1,merchant,merch_norm_led_c0wx8kxpwh6q,1.0,AUTO_MATCH,0,,51228,51228,5MX8LXH1TCJ92E6S,,order_lz28r0agh92e,order_lz28r0agh92e
razorpay,rzp_norm_pay_2v3t88yydh5dem,bank,bank_norm_banktxn_enrnz9o1wblbqfug,1.0,AUTO_MATCH,0,,174455,170750,ERPEKUQS4HX1C03T,ERPEKUQS4HX1C03T,order_6c04hc3tjavj,
razorpay,rzp_norm_pay_2v3t88yydh5dem,merchant,merch_norm_led_49wxor6588ca,1.0,AUTO_MATCH,0,,174455,174455,ERPEKUQS4HX1C03T,,order_6c04hc3tjavj,order_6c04hc3tjavj
razorpay,rzp_norm_pay_2wzvvgvnhifiwl,bank,bank_norm_banktxn_j54kudd3322h2qnp,1.0,AUTO_MATCH,0,,147124,147124,ZUI1G91UQTM5JSMC,ZUI1G91UQTM5JSMC,order_8mcstg1fuotq,
razorpay,rzp_norm_pay_2wzvvgvnhifiwl,merchant,merch_norm_led_mw9figlfxlrn,1.0,AUTO_MATCH,0,,147124,147124,ZUI1G91UQTM5JSMC,,order_8mcstg1fuotq,order_8mcstg1fuotq
razorpay,rzp_norm_pay_2yx2l14u6qjhkm,bank,bank_norm_banktxn_3g273j4gloha8t78,1.0,AUTO_MATCH,0,,211474,206982,61E3086KREA5CNY0,61E3086KREA5CNY0,order_p5zkv3pjtv7n,
razorpay,rzp_norm_pay_2yx2l14u6qjhkm,merchant,merch_norm_led_k9qs7xxfuvhk,1.0,AUTO_MATCH,0,,211474,211474,61E3086KREA5CNY0,,order_p5zkv3pjtv7n,order_p5zkv3pjtv7n
razorpay,rzp_norm_pay_2zfhrkghm1p0lw,bank,bank_norm_banktxn_cyitpo5mc26piv8x,1.0,AUTO_MATCH,0,,2424354,2372861,2VG9H5J91IMTSRBK,2VG9H5J91IMTSRBK,order_2q8tglprzeym,
razorpay,rzp_norm_pay_2zfhrkghm1p0lw,merchant,merch_norm_led_p7uioxk08o8s,1.0,AUTO_MATCH,0,,2424354,2424354,2VG9H5J91IMTSRBK,,order_2q8tglprzeym,order_2q8tglprzeym
razorpay,rzp_norm_pay_30iumzt268x1zt,bank,bank_norm_banktxn_wyqczi5o8yj6ggsi,1.0,AUTO_MATCH,0,,102932,102932,0XC36NCL8SZ12KQ2,0XC36NCL8SZ12KQ2,order_2ch67pcyq425,
razorpay,rzp_norm_pay_30iumzt268x1zt,merchant,merch_norm_led_o1nvafa4ycku,1.0,AUTO_MATCH,0,,102932,102932,0XC36NCL8SZ12KQ2,,order_2ch67pcyq425,order_2ch67pcyq425
razorpay,rzp_norm_pay_30pidj0d70hm82,bank,bank_norm_banktxn_01prz34yosug2fuw,1.0,AUTO_MATCH,0,,242101,236959,BYMMFNL92NO423QV,BYMMFNL92NO423QV,order_dr2wi44yj6el,
razorpay,rzp_norm_pay_30pidj0d70hm82,merchant,merch_norm_led_h8dcijne10pv,1.0,AUTO_MATCH,0,,242101,242101,BYMMFNL92NO423QV,,order_dr2wi44yj6el,order_dr2wi44yj6el
razorpay,rzp_norm_pay_32qfhtj5w0g829,merchant,merch_norm_led_33blmgpglffi,1.0,AUTO_MATCH,0,,199228,199228,WUOMSNMM8LWQZKOY,,order_ac0kumtfdrzb,order_ac0kumtfdrzb
razorpay,rzp_norm_pay_32sdxwkgpsejvi,merchant,merch_norm_led_8fzysqtor2oa,1.0,AUTO_MATCH,0,,44787,44787,V4XE96C0MI8YGBM4,,order_fpe2zh6d6xko,order_fpe2zh6d6xko
razorpay,rzp_norm_pay_36yzv3qyc99h35,bank,bank_norm_banktxn_lrnneh139rv5q4t8,1.0,AUTO_MATCH,0,,416703,406869,X6TN2TV94WZ1RQM3,X6TN2TV94WZ1RQM3,order_7obw15qy2tfa,
razorpay,rzp_norm_pay_36yzv3qyc99h35,merchant,merch_norm_led_tskelgd5r64y,1.0,AUTO_MATCH,0,,416703,416703,X6TN2TV94WZ1RQM3,,order_7obw15qy2tfa,order_7obw15qy2tfa
razorpay,rzp_norm_pay_376hlqvptsq4l8,bank,bank_norm_banktxn_st8kc93mbyhxzufn,1.0,AUTO_MATCH,0,,199081,194382,4UT289DZ0GMEJSWA,4UT289DZ0GMEJSWA,order_hp16u296srjl,
razorpay,rzp_norm_pay_376hlqvptsq4l8,merchant,merch_norm_led_wvbtacdlu1ag,1.0,AUTO_MATCH,0,,199081,199081,4UT289DZ0GMEJSWA,,order_hp16u296srjl,order_hp16u296srjl
razorpay,rzp_norm_pay_3f0bsu85td4pam,bank,bank_norm_banktxn_wvugvyo53i1soaoo,1.0,AUTO_MATCH,0,,163169,163169,T9PZTVFWXH5AXRSA,T9PZTVFWXH5AXRSA,order_2lmcars9hjwf,
razorpay,rzp_norm_pay_3f0bsu85td4pam,merchant,merch_norm_led_kbi6kve4w391,1.0,AUTO_MATCH,0,,163169,163169,T9PZTVFWXH5AXRSA,,order_2lmcars9hjwf,order_2lmcars9hjwf
razorpay,rzp_norm_pay_3fjgsrl2ht5lz2,bank,bank_norm_banktxn_5kw7186f4bn49f54,1.0,AUTO_MATCH,0,,74929,73337,LNWRQL8MGZCVIH5S,LNWRQL8MGZCVIH5S,order_801jocuoo2ho,
razorpay,rzp_norm_pay_3fjgsrl2ht5lz2,merchant,merch_norm_led_00l49tl6738c,1.0,AUTO_MATCH,0,,74929,74929,LNWRQL8MGZCVIH5S,,order_801jocuoo2ho,order_801jocuoo2ho
razorpay,rzp_norm_pay_3g7xvbsia2ilr7,bank,bank_norm_banktxn_1xny6qu2hrzr445g,1.0,AUTO_MATCH,0,,182247,182247,BELVES76A881SVNR,BELVES76A881SVNR,order_94cuvf0obo2j,
razorpay,rzp_norm_pay_3g7xvbsia2ilr7,merchant,merch_norm_led_mupwf871a5bc,1.0,AUTO_MATCH,0,,182247,182247,BELVES76A881SVNR,,order_94cuvf0obo2j,order_94cuvf0obo2j
razorpay,rzp_norm_pay_3l5kmc9dj4nksu,merchant,merch_norm_led_jp97cki5mv1q,1.0,AUTO_MATCH,0,,433135,433135,QAZZUHF79S628OUO,,order_lbij6za9aq7y,order_lbij6za9aq7y
razorpay,rzp_norm_pay_3l9de3bvpja1zp,bank,bank_norm_banktxn_0n69ora36mub37wl,1.0,AUTO_MATCH,0,,408432,396383,P68K3JTA8SUI9DDC,P68K3JTA8SUI9DDC,order_lrumpp4xiicz,
razorpay,rzp_norm_pay_3l9de3bvpja1zp,merchant,merch_norm_led_r9pf27fpvjbo,1.0,AUTO_MATCH,0,,408432,408432,P68K3JTA8SUI9DDC,,order_lrumpp4xiicz,order_lrumpp4xiicz
razorpay,rzp_norm_pay_3mbecjul04uzcm,bank,bank_norm_banktxn_43o62ib2f1udmezo,1.0,AUTO_MATCH,0,,116669,113916,YNMSU5U1SSNURR8T,YNMSU5U1SSNURR8T,order_qcoh2nxlwz46,
razorpay,rzp_norm_pay_3mbecjul04uzcm,merchant,merch_norm_led_x9w4kty10tzo,1.0,AUTO_MATCH,0,,116669,116669,YNMSU5U1SSNURR8T,,order_qcoh2nxlwz46,order_qcoh2nxlwz46
razorpay,rzp_norm_pay_3musu6r7u6onrm,bank,bank_norm_banktxn_gf0t1niufq37lv75,1.0,AUTO_MATCH,0,,425860,425860,11N9AI8ONCTCB854,11N9AI8ONCTCB854,order_pptqi2oxfcih,
razorpay,rzp_norm_pay_3musu6r7u6onrm,merchant,merch_norm_led_l2624p9q01w2,1.0,AUTO_MATCH,0,,425860,425860,11N9AI8ONCTCB854,,order_pptqi2oxfcih,order_pptqi2oxfcih
razorpay,rzp_norm_pay_3n3sqgyt6uvkgq,bank,bank_norm_banktxn_fvfcs4b685537xtw,1.0,AUTO_MATCH,0,,29173,28554,9LW4B9K2LOPYIGW9,9LW4B9K2LOPYIGW9,order_6bg3onyeys9u,
razorpay,rzp_norm_pay_3n3sqgyt6uvkgq,merchant,merch_norm_led_2fmzq34t3vi2,1.0,AUTO_MATCH,0,,29173,29173,9LW4B9K2LOPYIGW9,,order_6bg3onyeys9u,order_6bg3onyeys9u
razorpay,rzp_norm_pay_3ool3ggbs4vcpb,merchant,merch_norm_led_5nyl5ticbz2o,1.0,AUTO_MATCH,0,,810885,810885,4GS1V902OH9LP0WV,,order_v69yrd6sg624,order_v69yrd6sg624
razorpay,rzp_norm_pay_3oyegyrwv6ripa,bank,bank_norm_banktxn_yv3dbbk3w5ce9aug,1.0,AUTO_MATCH,0,,328272,328272,5012UUYF7XAQDUG4,5012UUYF7XAQDUG4,order_85vuco1kf0y4,
razorpay,rzp_norm_pay_3oyegyrwv6ripa,merchant,merch_norm_led_ingmiiuasxvb,1.0,AUTO_MATCH,0,,328272,328272,5012UUYF7XAQDUG4,,order_85vuco1kf0y4,order_85vuco1kf0y4
razorpay,rzp_norm_pay_3oyj0qh9eznkn2,bank,bank_norm_banktxn_h6n67w8bai7ean34,1.0,AUTO_MATCH,0,,1537658,1501369,2O60WNKV3H7CQG0O,2O60WNKV3H7CQG0O,order_scb02x88jh7e,
razorpay,rzp_norm_pay_3oyj0qh9eznkn2,merchant,merch_norm_led_18fbca7d8ykw,1.0,AUTO_MATCH,0,,1537658,1537658,2O60WNKV3H7CQG0O,,order_scb02x88jh7e,order_scb02x88jh7e
razorpay,rzp_norm_pay_3q9riplwyzvbhh,merchant,merch_norm_led_svun432dbar1,1.0,AUTO_MATCH,0,,582593,582593,F2X55982B4L68WM5,,order_jof59xh82btj,order_jof59xh82btj
razorpay,rzp_norm_pay_3rjtq4jj9swvfk,merchant,merch_norm_led_fd3berj6b9iu,1.0,AUTO_MATCH,0,,147662,147662,SNHECJEP1HKDBMBW,,order_kg3ibf7pv93r,order_kg3ibf7pv93r
razorpay,rzp_norm_pay_3rrv8lbscighm7,merchant,merch_norm_led_el1bbssgp0ce,1.0,AUTO_MATCH,0,,144339,144339,DHICV61XGALSMHBE,,order_2psvj940zc0q,order_2psvj940zc0q
razorpay,rzp_norm_pay_3rulrji1d5hwbb,bank,bank_norm_banktxn_3ta9zwic9yzqowx0,1.0,AUTO_MATCH,0,,1089564,1089564,6PZKMK09OIN0MXDP,6PZKMK09OIN0MXDP,order_74glvb1mnkea,
razorpay,rzp_norm_pay_3rulrji1d5hwbb,merchant,merch_norm_led_61plbxmijc2k,1.0,AUTO_MATCH,0,,1089564,1089564,6PZKMK09OIN0MXDP,,order_74glvb1mnkea,order_74glvb1mnkea
razorpay,rzp_norm_pay_3slpk8379fvpc4,bank,bank_norm_banktxn_rhuk9wpgo691r7se,1.0,AUTO_MATCH,0,,95810,93549,DSL68BPS4E6UNEP8,DSL68BPS4E6UNEP8,order_utjnha40obh5,
razorpay,rzp_norm_pay_3slpk8379fvpc4,merchant,merch_norm_led_10ayhk8h3ca6,1.0,AUTO_MATCH,0,,95810,95810,DSL68BPS4E6UNEP8,,order_utjnha40obh5,order_utjnha40obh5
razorpay,rzp_norm_pay_3vca6qpnp62s3y,merchant,merch_norm_led_yvlmzvkb3g4m,1.0,AUTO_MATCH,0,,384943,384943,QHB9TQGFJJQL8RM3,,order_p47v5dg09m21,order_p47v5dg09m21
razorpay,rzp_norm_pay_3x4qnclyn4nc93,merchant,merch_norm_led_2kjsphaihj9z,1.0,AUTO_MATCH,0,,216468,216468,AY03QGXQ7KSTDBHP,,order_azenfh9hl05k,order_azenfh9hl05k
razorpay,rzp_norm_pay_3x6jjiz391xi8t,bank,bank_norm_banktxn_rn9489mp9gietq99,1.0,AUTO_MATCH,0,,860552,835165,AR5A0K9WS1273OAI,AR5A0K9WS1273OAI,order_em685kuwrghx,
razorpay,rzp_norm_pay_3x6jjiz391xi8t,merchant,merch_norm_led_2rqmgnqqv3cs,1.0,AUTO_MATCH,0,,860552,860552,AR5A0K9WS1273OAI,,order_em685kuwrghx,order_em685kuwrghx
razorpay,rzp_norm_pay_42fsusf560akct,bank,bank_norm_banktxn_3so2knkyt2g9nest,1.0,AUTO_MATCH,0,,932418,910413,1VGRU8ETXY56XW96,1VGRU8ETXY56XW96,order_kedlyk7m4ih2,
razorpay,rzp_norm_pay_42fsusf560akct,merchant,merch_norm_led_qquf8nhpo1v0,1.0,AUTO_MATCH,0,,932418,932418,1VGRU8ETXY56XW96,,order_kedlyk7m4ih2,order_kedlyk7m4ih2
razorpay,rzp_norm_pay_44v3d0dtocv6ld,bank,bank_norm_banktxn_1tbh1uxsmg7z5mrd,1.0,AUTO_MATCH,0,,354249,345889,SWCPC4HRAJ69T67F,SWCPC4HRAJ69T67F,order_xwkjt9w68eno,
razorpay,rzp_norm_pay_44v3d0dtocv6ld,merchant,merch_norm_led_9pwrwl3shn63,1.0,AUTO_MATCH,0,,354249,354249,SWCPC4HRAJ69T67F,,order_xwkjt9w68eno,order_xwkjt9w68eno
razorpay,rzp_norm_pay_47e10hnx8unach,merchant,merch_norm_led_jgtn16tk0lqp,1.0,AUTO_MATCH,0,,47001,47001,PFWNZ4X9ZGDSJXOZ,,order_3wv2nqzeelnm,order_3wv2nqzeelnm
razorpay,rzp_norm_pay_481az5kuz3q439,bank,bank_norm_banktxn_wnqev55i9jc121ft,1.0,AUTO_MATCH,0,,109375,107052,DLF89CV7YM948OXI,DLF89CV7YM948OXI,order_8f47puzs1our,
razorpay,rzp_norm_pay_481az5kuz3q439,merchant,merch_norm_led_lfy9f4d9grmw,1.0,AUTO_MATCH,0,,109375,109375,DLF89CV7YM948OXI,,order_8f47puzs1our,order_8f47puzs1our
razorpay,rzp_norm_pay_49f01zltwm7ne9,bank,bank_norm_banktxn_yhss1v2r21vho6hf,1.0,AUTO_MATCH,0,,344539,334376,DQ2D1CH4FPLC8WKR,DQ2D1CH4FPLC8WKR,order_jbloo10y0lvy,
razorpay,rzp_norm_pay_49f01zltwm7ne9,merchant,merch_norm_led_fs23h5vjicoz,1.0,AUTO_MATCH,0,,344539,344539,DQ2D1CH4FPLC8WKR,,order_jbloo10y0lvy,order_jbloo10y0lvy
razorpay,rzp_norm_pay_4acrzxqo2wzbe9,bank,bank_norm_banktxn_c3w6i5hbesmshlhn,1.0,AUTO_MATCH,0,,893431,893431,S1D5UPY635DAHU3U,S1D5UPY635DAHU3U,order_fn64flabkgin,
razorpay,rzp_norm_pay_4acrzxqo2wzbe9,merchant,merch_norm_led_7sec04qlgwtp,1.0,AUTO_MATCH,0,,893431,893431,S1D5UPY635DAHU3U,,order_fn64flabkgin,order_fn64flabkgin
razorpay,rzp_norm_pay_4b5jnviik93d28,bank,bank_norm_banktxn_b5z2namuk31iug58,1.0,AUTO_MATCH,0,,329028,322039,NFB5AII0BCREI1G5,NFB5AII0BCREI1G5,order_uogtc1wz9j3c,
razorpay,rzp_norm_pay_4b5jnviik93d28,merchant,merch_norm_led_f9kjq05z57dj,1.0,AUTO_MATCH,0,,329028,329028,NFB5AII0BCREI1G5,,order_uogtc1wz9j3c,order_uogtc1wz9j3c
razorpay,rzp_norm_pay_4bw1q52ugppqvh,merchant,merch_norm_led_bo5gdpf6pbsl,1.0,AUTO_MATCH,0,,56164,56164,F3D9MCON9NKYSOVD,,order_u95t7aienorw,order_u95t7aienorw
razorpay,rzp_norm_pay_4ct2kj8jk53wbo,bank,bank_norm_banktxn_4yc1ej8h9i0orbwc,1.0,AUTO_MATCH,0,,95294,92483,FUOORRBAMEEYO5G5,FUOORRBAMEEYO5G5,order_441ckokhbb2b,
razorpay,rzp_norm_pay_4ct2kj8jk53wbo,merchant,merch_norm_led_hqccjxyefgdu,1.0,AUTO_MATCH,0,,95294,95294,FUOORRBAMEEYO5G5,,order_441ckokhbb2b,order_441ckokhbb2b
razorpay,rzp_norm_pay_4ct55pbi46ah79,bank,bank_norm_banktxn_tj8jageuni39mita,1.0,AUTO_MATCH,0,,263365,257150,S1IC41EXLQLKVXZS,S1IC41EXLQLKVXZS,order_v9dx1iqy8umq,
razorpay,rzp_norm_pay_4ct55pbi46ah79,merchant,merch_norm_led_ayibb9af72k8,1.0,AUTO_MATCH,0,,263365,263365,S1IC41EXLQLKVXZS,,order_v9dx1iqy8umq,order_v9dx1iqy8umq
razorpay,rzp_norm_pay_4ftft4jn2e47y2,bank,bank_norm_banktxn_i42eg5h5c4x67z6j,1.0,AUTO_MATCH,0,,59389,59389,GT5W768KO9JVQZZD,GT5W768KO9JVQZZD,order_9oo7g7fq0o51,
razorpay,rzp_norm_pay_4ftft4jn2e47y2,merchant,merch_norm_led_0l5eak7s0jjs,1.0,AUTO_MATCH,0,,59389,59389,GT5W768KO9JVQZZD,,order_9oo7g7fq0o51,order_9oo7g7fq0o51
razorpay,rzp_norm_pay_4g5fpc9mkxr6fd,bank,bank_norm_banktxn_x1zd3wuded24cx5z,1.0,AUTO_MATCH,0,,253120,245653,8DQU3WB7DNB94746,8DQU3WB7DNB94746,order_cd0mr6e647fv,
razorpay,rzp_norm_pay_4g5fpc9mkxr6fd,merchant,merch_norm_led_r1a1w9zqw7y7,1.0,AUTO_MATCH,0,,253120,253120,8DQU3WB7DNB94746,,order_cd0mr6e647fv,order_cd0mr6e647fv
razorpay,rzp_norm_pay_4h1yvwegctuy9j,bank,bank_norm_banktxn_nwusim8qdjwxy9cv,1.0,AUTO_MATCH,0,,95734,93701,5W602O9JAQMTXRDL,5W602O9JAQMTXRDL,order_2967rx9e5dvx,
razorpay,rzp_norm_pay_4h1yvwegctuy9j,merchant,merch_norm_led_9kjib8kck74t,1.0,AUTO_MATCH,0,,95734,95734,5W602O9JAQMTXRDL,,order_2967rx9e5dvx,order_2967rx9e5dvx
razorpay,rzp_norm_pay_4hq0rqo71oqfsj,bank,bank_norm_banktxn_3buazyqwe87b3zp5,1.0,AUTO_MATCH,0,,226656,221842,S5M066AK08C5Q20G,S5M066AK08C5Q20G,order_694xv2ol0r4h,
razorpay,rzp_norm_pay_4hq0rqo71oqfsj,merchant,merch_norm_led_gzi9n2tposwg,1.0,AUTO_MATCH,0,,226656,226656,S5M066AK08C5Q20G,,order_694xv2ol0r4h,order_694xv2ol0r4h
razorpay,rzp_norm_pay_4ipkgy6dba1p4m,bank,bank_norm_banktxn_2bceq1jhv1t1qr3m,1.0,AUTO_MATCH,0,,183987,183987,T20PB8K24SVL4TIY,T20PB8K24SVL4TIY,order_ak155suwsk1j,
razorpay,rzp_norm_pay_4ipkgy6dba1p4m,merchant,merch_norm_led_vok8udzf46ak,1.0,AUTO_MATCH,0,,183987,183987,T20PB8K24SVL4TIY,,order_ak155suwsk1j,order_ak155suwsk1j
razorpay,rzp_norm_pay_4j428hgdbmj0mr,bank,bank_norm_banktxn_imu44ruci94g956h,1.0,AUTO_MATCH,0,,127608,127608,D4XZV2R3JHO91DSI,D4XZV2R3JHO91DSI,order_xoi9p7vbht8v,
razorpay,rzp_norm_pay_4j428hgdbmj0mr,merchant,merch_norm_led_1tz4eroj80v3,1.0,AUTO_MATCH,0,,127608,127608,D4XZV2R3JHO91DSI,,order_xoi9p7vbht8v,order_xoi9p7vbht8v
razorpay,rzp_norm_pay_4kb2gw2jvpxve4,bank,bank_norm_banktxn_i7s04gar81dt3wty,1.0,AUTO_MATCH,0,,738482,721053,9DVI3VUHFEBKRBDW,9DVI3VUHFEBKRBDW,order_cts7qozi6qo6,
razorpay,rzp_norm_pay_4kb2gw2jvpxve4,merchant,merch_norm_led_a65q3a1g6y5f,1.0,AUTO_MATCH,0,,738482,738482,9DVI3VUHFEBKRBDW,,order_cts7qozi6qo6,order_cts7qozi6qo6
razorpay,rzp_norm_pay_4lqyf1nf4banap,bank,bank_norm_banktxn_ix0npj867wuj11hg,1.0,AUTO_MATCH,0,,94601,92591,AWQE2T1TX524268I,AWQE2T1TX524268I,order_hsiszt3rsoii,
razorpay,rzp_norm_pay_4lqyf1nf4banap,merchant,merch_norm_led_433sac4ib1id,1.0,AUTO_MATCH,0,,94601,94601,AWQE2T1TX524268I,,order_hsiszt3rsoii,order_hsiszt3rsoii
razorpay,rzp_norm_pay_4lyhrrzvd0c09w,bank,bank_norm_banktxn_0yu80tezauuut77w,1.0,AUTO_MATCH,0,,142295,142295,4N3AK8XNJR6F0YTC,4N3AK8XNJR6F0YTC,order_ldatbuorzegk,
razorpay,rzp_norm_pay_4lyhrrzvd0c09w,merchant,merch_norm_led_i8k8uwoc030s,1.0,AUTO_MATCH,0,,142295,142295,4N3AK8XNJR6F0YTC,,order_ldatbuorzegk,order_ldatbuorzegk
razorpay,rzp_norm_pay_4mg603osqaqvom,bank,bank_norm_banktxn_a36ldcqzygijf63p,1.0,AUTO_MATCH,0,,595498,595498,G64LAOA4Z5LU1RAR,G64LAOA4Z5LU1RAR,order_yo6ueas42i1k,
razorpay,rzp_norm_pay_4mg603osqaqvom,merchant,merch_norm_led_zv93n0r5iuc6,1.0,AUTO_MATCH,0,,595498,595498,G64LAOA4Z5LU1RAR,,order_yo6ueas42i1k,order_yo6ueas42i1k
razorpay,rzp_norm_pay_4ngfvct68j0plo,bank,bank_norm_banktxn_dsi4qv8jfg9ro4su,1.0,AUTO_MATCH,0,,178092,178092,KIVFKOHPN7CYBZ1T,KIVFKOHPN7CYBZ1T,order_lslr8jkcukbp,
razorpay,rzp_norm_pay_4ngfvct68j0plo,merchant,merch_norm_led_pywqy2ny56fm,1.0,AUTO_MATCH,0,,178092,178092,KIVFKOHPN7CYBZ1T,,order_lslr8jkcukbp,order_lslr8jkcukbp
razorpay,rzp_norm_pay_4od8djruajcwth,bank,bank_norm_banktxn_p2fahyi4dvqz7n46,1.0,AUTO_MATCH,0,,145434,142345,25ITMJPBQFBRTOB6,25ITMJPBQFBRTOB6,order_c09s4pfxlvtt,
razorpay,rzp_norm_pay_4od8djruajcwth,merchant,merch_norm_led_wkqsagdw2t14,1.0,AUTO_MATCH,0,,145434,145434,25ITMJPBQFBRTOB6,,order_c09s4pfxlvtt,order_c09s4pfxlvtt
razorpay,rzp_norm_pay_4oecmgs5mgdfwa,bank,bank_norm_banktxn_bnic6jkfql6cdxr7,1.0,AUTO_MATCH,0,,27982,27982,GLZ2BWJMT7ZQ6W5R,GLZ2BWJMT7ZQ6W5R,order_kj6vqy992py8,
razorpay,rzp_norm_pay_4oecmgs5mgdfwa,merchant,merch_norm_led_eqtio5r6r0kh,1.0,AUTO_MATCH,0,,27982,27982,GLZ2BWJMT7ZQ6W5R,,order_kj6vqy992py8,order_kj6vqy992py8
razorpay,rzp_norm_pay_4pelqh3tad8hub,bank,bank_norm_banktxn_z357n0bt65kbr52n,1.0,AUTO_MATCH,0,,554629,554629,AGSF58Q4OYN0U43M,AGSF58Q4OYN0U43M,order_wazkh035vxxb,
razorpay,rzp_norm_pay_4pelqh3tad8hub,merchant,merch_norm_led_es38c22t4rk0,1.0,AUTO_MATCH,0,,554629,554629,AGSF58Q4OYN0U43M,,order_wazkh035vxxb,order_wazkh035vxxb
razorpay,rzp_norm_pay_4rv3jl2ly98qse,bank,bank_norm_banktxn_fg8unnsotb47li1i,1.0,AUTO_MATCH,0,,263018,263018,5I939NFPJN29ZBF6,5I939NFPJN29ZBF6,order_6bdhexzx2jwm,
razorpay,rzp_norm_pay_4rv3jl2ly98qse,merchant,merch_norm_led_gc5xcjfrne52,1.0,AUTO_MATCH,0,,263018,263018,5I939NFPJN29ZBF6,,order_6bdhexzx2jwm,order_6bdhexzx2jwm
razorpay,rzp_norm_pay_4tk9gz4flfvoha,bank,bank_norm_banktxn_hvcst2h2qty4jnol,1.0,AUTO_MATCH,0,,567923,555860,YMCBZTFI155GVJTL,YMCBZTFI155GVJTL,order_wee0dmfn8p2x,
razorpay,rzp_norm_pay_4tk9gz4flfvoha,merchant,merch_norm_led_useo62cg1lud,1.0,AUTO_MATCH,0,,567923,567923,YMCBZTFI155GVJTL,,order_wee0dmfn8p2x,order_wee0dmfn8p2x
razorpay,rzp_norm_pay_4vwlxd9242zx40,bank,bank_norm_banktxn_hj5vwlzguv29d8wc,1.0,AUTO_MATCH,0,,248229,242370,JH70WYDJHG9LFVI8,JH70WYDJHG9LFVI8,order_uae99vjsxf25,
razorpay,rzp_norm_pay_4vwlxd9242zx40,merchant,merch_norm_led_534ns450ifsb,1.0,AUTO_MATCH,0,,248229,248229,JH70WYDJHG9LFVI8,,order_uae99vjsxf25,order_uae99vjsxf25
razorpay,rzp_norm_pay_4xhbn4mq5urnlz,bank,bank_norm_banktxn_cmqjvaqxjvhqhnk2,1.0,AUTO_MATCH,0,,91195,91195,C099ZBEFM9YSXV6N,C099ZBEFM9YSXV6N,order_a9enn8ykzv1r,
razorpay,rzp_norm_pay_4xhbn4mq5urnlz,merchant,merch_norm_led_t9xf607zm3xy,1.0,AUTO_MATCH,0,,91195,91195,C099ZBEFM9YSXV6N,,order_a9enn8ykzv1r,order_a9enn8ykzv1r
razorpay,rzp_norm_pay_4xot14yvydm1kj,bank,bank_norm_banktxn_zo8hcqz7c5ileiz0,1.0,AUTO_MATCH,0,,718064,702813,0VCG6FM1LH0SQGU7,0VCG6FM1LH0SQGU7,order_inc6z6e69mis,
razorpay,rzp_norm_pay_4xot14yvydm1kj,merchant,merch_norm_led_t81sygmxhlyj,1.0,AUTO_MATCH,0,,718064,718064,0VCG6FM1LH0SQGU7,,order_inc6z6e69mis,order_inc6z6e69mis
razorpay,rzp_norm_pay_4z7l5s50s1rtur,bank,bank_norm_banktxn_psk4imsu2e6u0nry,1.0,AUTO_MATCH,0,,778903,760521,IAMK0ENFFB526ALJ,IAMK0ENFFB526ALJ,order_c7d6pjkfzccp,
razorpay,rzp_norm_pay_4z7l5s50s1rtur,merchant,merch_norm_led_8nzcb24hdljn,1.0,AUTO_MATCH,0,,778903,778903,IAMK0ENFFB526ALJ,,order_c7d6pjkfzccp,order_c7d6pjkfzccp
razorpay,rzp_norm_pay_513ja29xzqq7py,bank,bank_norm_banktxn_o35ku65v7d86j18j,1.0,AUTO_MATCH,0,,44412,43469,ZG93DKC4R3U6V6DY,ZG93DKC4R3U6V6DY,order_242fi97cgwlj,
razorpay,rzp_norm_pay_513ja29xzqq7py,merchant,merch_norm_led_t0axz5i578yt,1.0,AUTO_MATCH,0,,44412,44412,ZG93DKC4R3U6V6DY,,order_242fi97cgwlj,order_242fi97cgwlj
razorpay,rzp_norm_pay_52vj7o7iaf97mi,bank,bank_norm_banktxn_v4tyhxxmroiwe31n,1.0,AUTO_MATCH,0,,86240,84205,4QZGMLAKBVJ408NI,4QZGMLAKBVJ408NI,order_34f5ldl3qrbo,
razorpay,rzp_norm_pay_52vj7o7iaf97mi,merchant,merch_norm_led_6lrsmpdnnwi9,1.0,AUTO_MATCH,0,,86240,86240,4QZGMLAKBVJ408NI,,order_34f5ldl3qrbo,order_34f5ldl3qrbo
razorpay,rzp_norm_pay_56lg7owbitt0mg,bank,bank_norm_banktxn_dejkrl6ly99d3jvp,1.0,AUTO_MATCH,0,,137731,133668,RUH1TMEM6CWFGNQA,RUH1TMEM6CWFGNQA,order_74g2rnhvpm6b,
razorpay,rzp_norm_pay_56lg7owbitt0mg,merchant,merch_norm_led_2lrsqnr5ahzd,1.0,AUTO_MATCH,0,,137731,137731,RUH1TMEM6CWFGNQA,,order_74g2rnhvpm6b,order_74g2rnhvpm6b
razorpay,rzp_norm_pay_56txt7y3cf5cvd,bank,bank_norm_banktxn_7z8x0foluvgi7q0d,1.0,AUTO_MATCH,0,,48897,48897,O6TWQZX00BD116LQ,O6TWQZX00BD116LQ,order_8pke2q245wvk,
razorpay,rzp_norm_pay_56txt7y3cf5cvd,merchant,merch_norm_led_pnm834j47xi6,1.0,AUTO_MATCH,0,,48897,48897,O6TWQZX00BD116LQ,,order_8pke2q245wvk,order_8pke2q245wvk
razorpay,rzp_norm_pay_56u99fek7fdnd5,bank,bank_norm_banktxn_iioza6pco8v0dxri,1.0,AUTO_MATCH,0,,176852,172678,1G6HSV5RZAYYB4Y8,1G6HSV5RZAYYB4Y8,order_nfmrayt8jm1h,
razorpay,rzp_norm_pay_56u99fek7fdnd5,merchant,merch_norm_led_se9ad88garcs,1.0,AUTO_MATCH,0,,176852,176852,1G6HSV5RZAYYB4Y8,,order_nfmrayt8jm1h,order_nfmrayt8jm1h
razorpay,rzp_norm_pay_57eeukadc6hfah,bank,bank_norm_banktxn_ifk7vwz6qgmu72i9,1.0,AUTO_MATCH,0,,285740,279671,WV2W4CBB3W9B3JIX,WV2W4CBB3W9B3JIX,order_5s0t69vwvqff,
razorpay,rzp_norm_pay_57eeukadc6hfah,merchant,merch_norm_led_l10bwia8h6v2,1.0,AUTO_MATCH,0,,285740,285740,WV2W4CBB3W9B3JIX,,order_5s0t69vwvqff,order_5s0t69vwvqff
razorpay,rzp_norm_pay_5bcwtz12fxjlvp,bank,bank_norm_banktxn_jlsy8d8yc8jx8r9a,1.0,AUTO_MATCH,0,,1349079,1349079,1ZHE9LP85OXEQF9R,1ZHE9LP85OXEQF9R,order_a1mmmjfwh3go,
razorpay,rzp_norm_pay_5bcwtz12fxjlvp,merchant,merch_norm_led_k4zy7bk91kqq,1.0,AUTO_MATCH,0,,1349079,1349079,1ZHE9LP85OXEQF9R,,order_a1mmmjfwh3go,order_a1mmmjfwh3go
razorpay,rzp_norm_pay_5cs89cx0jl0e0x,bank,bank_norm_banktxn_dbnwyf2b5cpv4q3f,1.0,AUTO_MATCH,0,,152483,149244,ZQZ6DEU8AVZ6Z4NM,ZQZ6DEU8AVZ6Z4NM,order_eh75pivqgbuc,
razorpay,rzp_norm_pay_5cs89cx0jl0e0x,merchant,merch_norm_led_fwj4uxtp09wv,1.0,AUTO_MATCH,0,,152483,152483,ZQZ6DEU8AVZ6Z4NM,,order_eh75pivqgbuc,order_eh75pivqgbuc
razorpay,rzp_norm_pay_5f9hl68f4i5ha5,bank,bank_norm_banktxn_8ycii9xfm8s3q0su,1.0,AUTO_MATCH,0,,901809,880527,9M33XO82M43CG4NJ,9M33XO82M43CG4NJ,order_mx9lgl7gejdy,
razorpay,rzp_norm_pay_5f9hl68f4i5ha5,merchant,merch_norm_led_4hupi9ep6v2f,1.0,AUTO_MATCH,0,,901809,901809,9M33XO82M43CG4NJ,,order_mx9lgl7gejdy,order_mx9lgl7gejdy
razorpay,rzp_norm_pay_5fsyu0x1lfwbyz,bank,bank_norm_banktxn_8o7dx3s4zo2rcgl4,1.0,AUTO_MATCH,0,,885106,866306,IL7AKO9A90YDHQGH,IL7AKO9A90YDHQGH,order_4b9eolsncvoh,
razorpay,rzp_norm_pay_5fsyu0x1lfwbyz,merchant,merch_norm_led_2oxcx994o9xo,1.0,AUTO_MATCH,0,,885106,885106,IL7AKO9A90YDHQGH,,order_4b9eolsncvoh,order_4b9eolsncvoh
razorpay,rzp_norm_pay_5fxvc4i1d47prq,bank,bank_norm_banktxn_ps5hxmt9ltynbck9,1.0,AUTO_MATCH,0,,460880,460880,W8BJTB8GVPZRS2T6,W8BJTB8GVPZRS2T6,order_7rajpyxrupb4,
razorpay,rzp_norm_pay_5fxvc4i1d47prq,merchant,merch_norm_led_w31ci4esfglh,1.0,AUTO_MATCH,0,,460880,460880,W8BJTB8GVPZRS2T6,,order_7rajpyxrupb4,order_7rajpyxrupb4
razorpay,rzp_norm_pay_5g414cs85l72t3,merchant,merch_norm_led_1ke1h3uxmea6,1.0,AUTO_MATCH,0,,380363,380363,HS92FIVQZU35HO8Q,,order_arpv1orbmdbh,order_arpv1orbmdbh
razorpay,rzp_norm_pay_5gf9miwkawb0pr,bank,bank_norm_banktxn_gj4p9vvqm09iam35,1.0,AUTO_MATCH,0,,416994,416994,5021DAQPQ5TZ0WWP,5021DAQPQ5TZ0WWP,order_rkdgvs52119y,
razorpay,rzp_norm_pay_5gf9miwkawb0pr,merchant,merch_norm_led_987ncnctkau4,1.0,AUTO_MATCH,0,,416994,416994,5021DAQPQ5TZ0WWP,,order_rkdgvs52119y,order_rkdgvs52119y
razorpay,rzp_norm_pay_5gglz8b2rvd8e5,bank,bank_norm_banktxn_n319mko7wiiga5y9,1.0,AUTO_MATCH,0,,199241,199241,1201115KA55CU6SY,1201115KA55CU6SY,order_x9s4ry5ktahl,
razorpay,rzp_norm_pay_5gglz8b2rvd8e5,merchant,merch_norm_led_yuivx49biw2k,1.0,AUTO_MATCH,0,,199241,199241,1201115KA55CU6SY,,order_x9s4ry5ktahl,order_x9s4ry5ktahl
razorpay,rzp_norm_pay_5gm8kclnf05onh,bank,bank_norm_banktxn_602iqyvum9523xiz,1.0,AUTO_MATCH,0,,74258,74258,82DWYU0S4FR1I849,82DWYU0S4FR1I849,order_v3lign6gk940,
razorpay,rzp_norm_pay_5gm8kclnf05onh,merchant,merch_norm_led_rkjbmlrxo9ba,1.0,AUTO_MATCH,0,,74258,74258,82DWYU0S4FR1I849,,order_v3lign6gk940,order_v3lign6gk940
razorpay,rzp_norm_pay_5isop1uaye8pyi,bank,bank_norm_banktxn_3ztz4i4g6cvlm8f6,1.0,AUTO_MATCH,0,,282400,275735,Z5JDMDQW9ABEGC7B,Z5JDMDQW9ABEGC7B,order_9jn0zz9720py,
razorpay,rzp_norm_pay_5isop1uaye8pyi,merchant,merch_norm_led_i4ckvslj9nkr,1.0,AUTO_MATCH,0,,282400,282400,Z5JDMDQW9ABEGC7B,,order_9jn0zz9720py,order_9jn0zz9720py
razorpay,rzp_norm_pay_5je1hijotyi9kq,bank,bank_norm_banktxn_0o6opzhqjy81xv8x,1.0,AUTO_MATCH,0,,24958,24428,03G6N55C2D1SOO4U,03G6N55C2D1SOO4U,order_ej115sqxefhn,
razorpay,rzp_norm_pay_5je1hijotyi9kq,merchant,merch_norm_led_jx4w6yop8ehg,1.0,AUTO_MATCH,0,,24958,24958,03G6N55C2D1SOO4U,,order_ej115sqxefhn,order_ej115sqxefhn
razorpay,rzp_norm_pay_5lhl8o3skr4cze,bank,bank_norm_banktxn_0dzn3fo2lkawj8i5,1.0,AUTO_MATCH,0,,289467,282636,VSTTDD4QW2PPJU1S,VSTTDD4QW2PPJU1S,order_710pifd9br98,
razorpay,rzp_norm_pay_5lhl8o3skr4cze,merchant,merch_norm_led_2uj38vh1runw,1.0,AUTO_MATCH,0,,289467,289467,VSTTDD4QW2PPJU1S,,order_710pifd9br98,order_710pifd9br98
razorpay,rzp_norm_pay_5ls6xg13z3n6a0,merchant,merch_norm_led_s7z4lfn9fvcp,1.0,AUTO_MATCH,0,,860171,860171,BYDM69NBSBW9S12Y,,order_x00koj1n4bcv,order_x00koj1n4bcv
razorpay,rzp_norm_pay_5lt26xj1jdkcci,bank,bank_norm_banktxn_s381u36o35rpbsmj,1.0,AUTO_MATCH,0,,38073,38073,W6DYMZKH9IFA4JLY,W6DYMZKH9IFA4JLY,order_hyks7h9ah70z,
razorpay,rzp_norm_pay_5lt26xj1jdkcci,merchant,merch_norm_led_lcy5t85t6tjt,1.0,AUTO_MATCH,0,,38073,38073,W6DYMZKH9IFA4JLY,,order_hyks7h9ah70z,order_hyks7h9ah70z
razorpay,rzp_norm_pay_5o3s9sfbwnnvtu,bank,bank_norm_banktxn_j6twpw2gaxyvwakx,1.0,AUTO_MATCH,0,,108753,108753,8S9Q0OLURWARU9XB,8S9Q0OLURWARU9XB,order_hzg0xnabxq5x,
razorpay,rzp_norm_pay_5o3s9sfbwnnvtu,merchant,merch_norm_led_ps9i7mi7nu4u,1.0,AUTO_MATCH,0,,108753,108753,8S9Q0OLURWARU9XB,,order_hzg0xnabxq5x,order_hzg0xnabxq5x
razorpay,rzp_norm_pay_5p4g14g11ljjjr,bank,bank_norm_banktxn_pmz468hn3uszerek,1.0,AUTO_MATCH,0,,116236,116236,POPVM9GJB0F6KUV0,POPVM9GJB0F6KUV0,order_an97qmfztd3t,
razorpay,rzp_norm_pay_5p4g14g11ljjjr,merchant,merch_norm_led_2qw3689t7qqa,1.0,AUTO_MATCH,0,,116236,116236,POPVM9GJB0F6KUV0,,order_an97qmfztd3t,order_an97qmfztd3t
razorpay,rzp_norm_pay_5p535le950luwj,bank,bank_norm_banktxn_70jzx81qgmo911zc,1.0,AUTO_MATCH,0,,77929,77929,VQF1666MHD7RS35I,VQF1666MHD7RS35I,order_by5ifk7j7ty5,
razorpay,rzp_norm_pay_5p535le950luwj,merchant,merch_norm_led_bvcrn9dt8n83,1.0,AUTO_MATCH,0,,77929,77929,VQF1666MHD7RS35I,,order_by5ifk7j7ty5,order_by5ifk7j7ty5
razorpay,rzp_norm_pay_5tc4rhts9l4blt,bank,bank_norm_banktxn_y28ym4kkedcjarhe,1.0,AUTO_MATCH,0,,548755,535804,9GEKYTCM9C9DJB61,9GEKYTCM9C9DJB61,order_xr1pi0o10ekr,
razorpay,rzp_norm_pay_5tc4rhts9l4blt,merchant,merch_norm_led_dm18s7o1sdo3,1.0,AUTO_MATCH,0,,548755,548755,9GEKYTCM9C9DJB61,,order_xr1pi0o10ekr,order_xr1pi0o10ekr
razorpay,rzp_norm_pay_5toldbijxfgdwu,bank,bank_norm_banktxn_ci7bda7o01ndbg4y,1.0,AUTO_MATCH,0,,679310,663279,ZS08U9YB2G32FX0Y,ZS08U9YB2G32FX0Y,order_7n4kivjr77t3,
razorpay,rzp_norm_pay_5toldbijxfgdwu,merchant,merch_norm_led_e8mbsoan92a5,1.0,AUTO_MATCH,0,,679310,679310,ZS08U9YB2G32FX0Y,,order_7n4kivjr77t3,order_7n4kivjr77t3
razorpay,rzp_norm_pay_5vcbjb2aizesjh,bank,bank_norm_banktxn_bcxrh400lewlkuhb,1.0,AUTO_MATCH,0,,604719,591875,GS0AMIYNEO8QZ2HT,GS0AMIYNEO8QZ2HT,order_h4vaehmrlcwo,
razorpay,rzp_norm_pay_5vcbjb2aizesjh,merchant,merch_norm_led_5phfk12euy4g,1.0,AUTO_MATCH,0,,604719,604719,GS0AMIYNEO8QZ2HT,,order_h4vaehmrlcwo,order_h4vaehmrlcwo
razorpay,rzp_norm_pay_5vjt0yiypv77sa,bank,bank_norm_banktxn_6nprs344wt7t70hl,1.0,AUTO_MATCH,0,,260257,260257,Q9PTBH0WOAZV35F9,Q9PTBH0WOAZV35F9,order_ixkofgcrn3g6,
razorpay,rzp_norm_pay_5vjt0yiypv77sa,merchant,merch_norm_led_a2u5xz19b5f6,1.0,AUTO_MATCH,0,,260257,260257,Q9PTBH0WOAZV35F9,,order_ixkofgcrn3g6,order_ixkofgcrn3g6
razorpay,rzp_norm_pay_5vqyaak68tbps0,bank,bank_norm_banktxn_wjwuj98fkhdj3jqo,1.0,AUTO_MATCH,0,,14249,13947,YSWHIUT5A3DN02Q6,YSWHIUT5A3DN02Q6,order_wpqomp98h4sq,
razorpay,rzp_norm_pay_5vqyaak68tbps0,merchant,merch_norm_led_z9795lrgmamg,1.0,AUTO_MATCH,0,,14249,14249,YSWHIUT5A3DN02Q6,,order_wpqomp98h4sq,order_wpqomp98h4sq
razorpay,rzp_norm_pay_5wm36re4lpk1hs,merchant,merch_norm_led_o0iqo5zfxaoa,1.0,AUTO_MATCH,0,,558490,558490,5H9O9OKN650JSNH6,,order_vemzorbo5if4,order_vemzorbo5if4
razorpay,rzp_norm_pay_5znttwudi7fs9d,bank,bank_norm_banktxn_h6ifq3ifzv8if0yw,1.0,AUTO_MATCH,0,,104140,101682,GVWNDNAKYKFKKL7K,GVWNDNAKYKFKKL7K,order_2tekv6do4wst,
razorpay,rzp_norm_pay_5znttwudi7fs9d,merchant,merch_norm_led_izp2rg7jj9n3,1.0,AUTO_MATCH,0,,104140,104140,GVWNDNAKYKFKKL7K,,order_2tekv6do4wst,order_2tekv6do4wst
razorpay,rzp_norm_pay_603qu2sr1fgne1,bank,bank_norm_banktxn_tj6bq11arshlwo4x,1.0,AUTO_MATCH,0,,771377,771377,Y7FC3IFX37Z3YVMC,Y7FC3IFX37Z3YVMC,order_2tch5n9uh959,
razorpay,rzp_norm_pay_603qu2sr1fgne1,merchant,merch_norm_led_g81o9iyytw81,1.0,AUTO_MATCH,0,,771377,771377,Y7FC3IFX37Z3YVMC,,order_2tch5n9uh959,order_2tch5n9uh959
razorpay,rzp_norm_pay_60k2kbhfxfz0mz,bank,bank_norm_banktxn_pbpt6frzj604c9wa,1.0,AUTO_MATCH,0,,85882,85882,FEBZDWODDUQ5WL7Y,FEBZDWODDUQ5WL7Y,order_aqa33spyratr,
razorpay,rzp_norm_pay_60k2kbhfxfz0mz,merchant,merch_norm_led_ce96ywembt4x,1.0,AUTO_MATCH,0,,85882,85882,FEBZDWODDUQ5WL7Y,,order_aqa33spyratr,order_aqa33spyratr
razorpay,rzp_norm_pay_62dcqyaodmdc0n,merchant,merch_norm_led_qdetzo7cu7mt,1.0,AUTO_MATCH,0,,98467,98467,YRXL7BTRNBZAYROI,,order_n1jjw7vtqqmm,order_n1jjw7vtqqmm
razorpay,rzp_norm_pay_62f2c9jd8zdmh8,merchant,merch_norm_led_06oeo67bxjv6,1.0,AUTO_MATCH,0,,5090007,5090007,9YD4HCNWAQ9KRO1F,,order_r4zggoapt5gr,order_r4zggoapt5gr
razorpay,rzp_norm_pay_64u7vg01cgmpxw,merchant,merch_norm_led_7p18plusn8rq,1.0,AUTO_MATCH,0,,285079,285079,0S8EPO3IUG690Z6Y,,order_hxplvduihopo,order_hxplvduihopo
razorpay,rzp_norm_pay_68o7fs3aad1iid,bank,bank_norm_banktxn_4n63i6fpvtuovnc8,1.0,AUTO_MATCH,0,,32960,32960,LPOZV8F3ODQMSXCS,LPOZV8F3ODQMSXCS,order_4a5chkls12ub,
razorpay,rzp_norm_pay_68o7fs3aad1iid,merchant,merch_norm_led_8houdt5qukls,1.0,AUTO_MATCH,0,,32960,32960,LPOZV8F3ODQMSXCS,,order_4a5chkls12ub,order_4a5chkls12ub
razorpay,rzp_norm_pay_68w9r6ahztsiw4,bank,bank_norm_banktxn_ht4ompcyqk4b1lg7,1.0,AUTO_MATCH,0,,1541597,1541597,2ZRUC9KXPWHX41OA,2ZRUC9KXPWHX41OA,order_j2qz7btmp50i,
razorpay,rzp_norm_pay_68w9r6ahztsiw4,merchant,merch_norm_led_m8w1uwqjtu07,1.0,AUTO_MATCH,0,,1541597,1541597,2ZRUC9KXPWHX41OA,,order_j2qz7btmp50i,order_j2qz7btmp50i
razorpay,rzp_norm_pay_6c0pckixmcq50i,bank,bank_norm_banktxn_hly1lsc37k8p4hms,1.0,AUTO_MATCH,0,,46644,45653,G3AJFWT4DY9TELIG,G3AJFWT4DY9TELIG,order_w1wz0kugxvnx,
razorpay,rzp_norm_pay_6c0pckixmcq50i,merchant,merch_norm_led_xainprerd3m7,1.0,AUTO_MATCH,0,,46644,46644,G3AJFWT4DY9TELIG,,order_w1wz0kugxvnx,order_w1wz0kugxvnx
razorpay,rzp_norm_pay_6c7hxayz8tqehd,bank,bank_norm_banktxn_y1s48fcrsw696lmh,1.0,AUTO_MATCH,0,,1516394,1484186,HUETILT7JSBSGTC7,HUETILT7JSBSGTC7,order_grens6yxpyck,
razorpay,rzp_norm_pay_6c7hxayz8tqehd,merchant,merch_norm_led_aesfss1h6gly,1.0,AUTO_MATCH,0,,1516394,1516394,HUETILT7JSBSGTC7,,order_grens6yxpyck,order_grens6yxpyck
razorpay,rzp_norm_pay_6ejhuo3gzdvsi1,merchant,merch_norm_led_srzeqvm16us4,1.0,AUTO_MATCH,0,,319177,319177,OB7ZCQOST7OQQR40,,order_88ypifc19rm1,order_88ypifc19rm1
razorpay,rzp_norm_pay_6fhyjdzby4j1io,bank,bank_norm_banktxn_42kiozq6vtc3u04w,1.0,AUTO_MATCH,0,,156898,156898,UEE3W0FJKIJPWIFB,UEE3W0FJKIJPWIFB,order_bjuyrcmsbdqa,
razorpay,rzp_norm_pay_6fhyjdzby4j1io,merchant,merch_norm_led_hpsq4t1n752d,1.0,AUTO_MATCH,0,,156898,156898,UEE3W0FJKIJPWIFB,,order_bjuyrcmsbdqa,order_bjuyrcmsbdqa
razorpay,rzp_norm_pay_6im4l7n529brxl,bank,bank_norm_banktxn_bomkvruql8foqzvy,1.0,AUTO_MATCH,0,,23290,22740,099K9OSU47RH95K8,099K9OSU47RH95K8,order_br9jim6hvng4,
razorpay,rzp_norm_pay_6im4l7n529brxl,merchant,merch_norm_led_yvyyeo5qxe5f,1.0,AUTO_MATCH,0,,23290,23290,099K9OSU47RH95K8,,order_br9jim6hvng4,order_br9jim6hvng4
razorpay,rzp_norm_pay_6km1xy0rclxilh,merchant,merch_norm_led_oyej29671hmj,1.0,AUTO_MATCH,0,,9979,9979,W3ZMPZFK3M6XFHJ1,,order_m0kbomfu2guq,order_m0kbomfu2guq
razorpay,rzp_norm_pay_6kmf9k36pcbsgn,bank,bank_norm_banktxn_w5d80t9c75ygpln3,1.0,AUTO_MATCH,0,,14198,14198,6ECRR0LTK9PPJU45,6ECRR0LTK9PPJU45,order_65pl4r0ypbik,
razorpay,rzp_norm_pay_6kmf9k36pcbsgn,merchant,merch_norm_led_qdrwl4otqnm4,1.0,AUTO_MATCH,0,,14198,14198,6ECRR0LTK9PPJU45,,order_65pl4r0ypbik,order_65pl4r0ypbik
razorpay,rzp_norm_pay_6kylkti1obvo0a,bank,bank_norm_banktxn_5sa6via881j5qtyb,1.0,AUTO_MATCH,0,,337075,337075,BE5KY8XOE2H18RPB,BE5KY8XOE2H18RPB,order_hans3fde9lim,
razorpay,rzp_norm_pay_6kylkti1obvo0a,merchant,merch_norm_led_7mfbpodu0pe8,1.0,AUTO_MATCH,0,,337075,337075,BE5KY8XOE2H18RPB,,order_hans3fde9lim,order_hans3fde9lim
razorpay,rzp_norm_pay_6kyq0caocgc39r,bank,bank_norm_banktxn_zpue3c6osbx6ywny,1.0,AUTO_MATCH,0,,80696,80696,DY734XSFDBIU6LAL,DY734XSFDBIU6LAL,order_a1iw8g17m94s,
razorpay,rzp_norm_pay_6kyq0caocgc39r,merchant,merch_norm_led_g2tfie51zmsd,1.0,AUTO_MATCH,0,,80696,80696,DY734XSFDBIU6LAL,,order_a1iw8g17m94s,order_a1iw8g17m94s
razorpay,rzp_norm_pay_6lityxv8wthc7l,bank,bank_norm_banktxn_j0gnf37tjapwj7in,1.0,AUTO_MATCH,0,,374636,366679,K5P6B8UKF0GOFSHL,K5P6B8UKF0GOFSHL,order_atgb0licbprw,
razorpay,rzp_norm_pay_6lityxv8wthc7l,merchant,merch_norm_led_ee8u9tnqzuyd,1.0,AUTO_MATCH,0,,374636,374636,K5P6B8UKF0GOFSHL,,order_atgb0licbprw,order_atgb0licbprw
razorpay,rzp_norm_pay_6mtds9lf0e7kyh,bank,bank_norm_banktxn_dbao91lnnmo9wjvn,1.0,AUTO_MATCH,0,,50837,50837,AD6M3UZVF0LC12FH,AD6M3UZVF0LC12FH,order_ojegh8z1kg13,
razorpay,rzp_norm_pay_6mtds9lf0e7kyh,merchant,merch_norm_led_omsyeefid41m,1.0,AUTO_MATCH,0,,50837,50837,AD6M3UZVF0LC12FH,,order_ojegh8z1kg13,order_ojegh8z1kg13
razorpay,rzp_norm_pay_6pnlzn9cwpw222,bank,bank_norm_banktxn_ge3uaxo9f27c1skq,1.0,AUTO_MATCH,0,,384948,375863,JLWWYVJU1NL7QJ1U,JLWWYVJU1NL7QJ1U,order_8luxt9w8kkap,
razorpay,rzp_norm_pay_6pnlzn9cwpw222,merchant,merch_norm_led_9qdqwu38xdzk,1.0,AUTO_MATCH,0,,384948,384948,JLWWYVJU1NL7QJ1U,,order_8luxt9w8kkap,order_8luxt9w8kkap
razorpay,rzp_norm_pay_6pxkois7vszg25,merchant,merch_norm_led_mrks9ynfnffw,1.0,AUTO_MATCH,0,,165873,165873,6NXORXR75UOSMXCC,,order_29t6pxzdu6r5,order_29t6pxzdu6r5
razorpay,rzp_norm_pay_6q9fj5ogeczlf8,merchant,merch_norm_led_4rdh85blin1y,1.0,AUTO_MATCH,0,,19296,19296,2F45NXVP1NHNTOHV,,order_itbn3nyfefgc,order_itbn3nyfefgc
razorpay,rzp_norm_pay_6q9smavjq3521p,bank,bank_norm_banktxn_1609887apzd2k627,1.0,AUTO_MATCH,0,,274717,268882,PO4Y0O60XLFT20V3,PO4Y0O60XLFT20V3,order_sui30t34wd8n,
razorpay,rzp_norm_pay_6q9smavjq3521p,merchant,merch_norm_led_4y4och70otrx,1.0,AUTO_MATCH,0,,274717,274717,PO4Y0O60XLFT20V3,,order_sui30t34wd8n,order_sui30t34wd8n
razorpay,rzp_norm_pay_6u8gzbl5emejql,bank,bank_norm_banktxn_lbk30shdaav58rrp,1.0,AUTO_MATCH,0,,370757,362882,OXJQ398CLQT9KB5V,OXJQ398CLQT9KB5V,order_ngit7u34ucw7,
razorpay,rzp_norm_pay_6u8gzbl5emejql,merchant,merch_norm_led_ruo02ycn0kxc,1.0,AUTO_MATCH,0,,370757,370757,OXJQ398CLQT9KB5V,,order_ngit7u34ucw7,order_ngit7u34ucw7
razorpay,rzp_norm_pay_6u97apw6kfehme,bank,bank_norm_banktxn_g3lymrmn5ugfm2gi,1.0,AUTO_MATCH,0,,170956,170956,73B3WL92NPGLX0CG,73B3WL92NPGLX0CG,order_cyjd18qtwwcd,
razorpay,rzp_norm_pay_6u97apw6kfehme,merchant,merch_norm_led_j81nhknh5bxd,1.0,AUTO_MATCH,0,,170956,170956,73B3WL92NPGLX0CG,,order_cyjd18qtwwcd,order_cyjd18qtwwcd
razorpay,rzp_norm_pay_6uc8zj9gxuay3a,bank,bank_norm_banktxn_8h4e1077d4irjjb5,1.0,AUTO_MATCH,0,,88011,88011,JLVX7F6INO8NE3D3,JLVX7F6INO8NE3D3,order_194tbok6fg92,
razorpay,rzp_norm_pay_6uc8zj9gxuay3a,merchant,merch_norm_led_iftuw1nl88uu,1.0,AUTO_MATCH,0,,88011,88011,JLVX7F6INO8NE3D3,,order_194tbok6fg92,order_194tbok6fg92
razorpay,rzp_norm_pay_6uz7ngzco54kfz,bank,bank_norm_banktxn_4q0oj3nswvrq14uy,1.0,AUTO_MATCH,0,,20644,20205,EI9RTZHLPR46LMPZ,EI9RTZHLPR46LMPZ,order_eeoojicitie3,
razorpay,rzp_norm_pay_6uz7ngzco54kfz,merchant,merch_norm_led_ao6iue1siy19,1.0,AUTO_MATCH,0,,20644,20644,EI9RTZHLPR46LMPZ,,order_eeoojicitie3,order_eeoojicitie3
razorpay,rzp_norm_pay_6vcyz5x9tf0rej,bank,bank_norm_banktxn_5bf17p3jxr0fv96w,1.0,AUTO_MATCH,0,,92673,92673,1PPG1M662B5ANJCH,1PPG1M662B5ANJCH,order_eliwwb4xxhqy,
razorpay,rzp_norm_pay_6vcyz5x9tf0rej,merchant,merch_norm_led_o33ca3c6sz35,1.0,AUTO_MATCH,0,,92673,92673,1PPG1M662B5ANJCH,,order_eliwwb4xxhqy,order_eliwwb4xxhqy
razorpay,rzp_norm_pay_6w1fqjzn52284w,merchant,merch_norm_led_1ip040i7c7fl,1.0,AUTO_MATCH,0,,99173,99173,R4RZUYSCB4IU0D81,,order_9j4g1y5s28xg,order_9j4g1y5s28xg
razorpay,rzp_norm_pay_6ypp9nk83l1bo3,bank,bank_norm_banktxn_jo3zpu8cd43ggx7v,1.0,AUTO_MATCH,0,,1234620,1234620,CZGGW585E03ZW8CX,CZGGW585E03ZW8CX,order_035735kr4q4t,
razorpay,rzp_norm_pay_6ypp9nk83l1bo3,merchant,merch_norm_led_tfqnkq4884xz,1.0,AUTO_MATCH,0,,1234620,1234620,CZGGW585E03ZW8CX,,order_035735kr4q4t,order_035735kr4q4t
razorpay,rzp_norm_pay_70kx060zzqvvgg,bank,bank_norm_banktxn_aw74m0bdvidzvfik,1.0,AUTO_MATCH,0,,135390,132195,OLFEEJSSHQECU99R,OLFEEJSSHQECU99R,order_vr5dsyzrocoi,
razorpay,rzp_norm_pay_70kx060zzqvvgg,merchant,merch_norm_led_3ka7i0k0gu8q,1.0,AUTO_MATCH,0,,135390,135390,OLFEEJSSHQECU99R,,order_vr5dsyzrocoi,order_vr5dsyzrocoi
razorpay,rzp_norm_pay_73zwcy9akxs7dv,bank,bank_norm_banktxn_iqb8qnosoo5y8m7b,1.0,AUTO_MATCH,0,,457177,446387,J1PG0D42RM4Y34U2,J1PG0D42RM4Y34U2,order_5ws3t8wqt3zt,
razorpay,rzp_norm_pay_73zwcy9akxs7dv,merchant,merch_norm_led_ypx8e01jtyry,1.0,AUTO_MATCH,0,,457177,457177,J1PG0D42RM4Y34U2,,order_5ws3t8wqt3zt,order_5ws3t8wqt3zt
razorpay,rzp_norm_pay_746itoa1sdgtyu,bank,bank_norm_banktxn_zc27jznuw6pnr0xx,1.0,AUTO_MATCH,0,,67714,67714,6PWYKBPPEU10YXHE,6PWYKBPPEU10YXHE,order_emj7hkmqjsc4,
razorpay,rzp_norm_pay_746itoa1sdgtyu,merchant,merch_norm_led_3g4w28iipbzx,1.0,AUTO_MATCH,0,,67714,67714,6PWYKBPPEU10YXHE,,order_emj7hkmqjsc4,order_emj7hkmqjsc4
razorpay,rzp_norm_pay_74b3cpvb4pg8r5,bank,bank_norm_banktxn_b5la23vi4oohd2zo,1.0,AUTO_MATCH,0,,36862,36862,LQN81YF6C004O5XE,LQN81YF6C004O5XE,order_pqqhu41vembs,
razorpay,rzp_norm_pay_74b3cpvb4pg8r5,merchant,merch_norm_led_1i9zf6pv8d8j,1.0,AUTO_MATCH,0,,36862,36862,LQN81YF6C004O5XE,,order_pqqhu41vembs,order_pqqhu41vembs
razorpay,rzp_norm_pay_759v3rikjuxd1h,bank,bank_norm_banktxn_r5i0o9p12mi9zqdm,1.0,AUTO_MATCH,0,,136283,132263,L0ATPS3RGI0D1KUS,L0ATPS3RGI0D1KUS,order_u51f2deu7p4w,
razorpay,rzp_norm_pay_759v3rikjuxd1h,merchant,merch_norm_led_vh2zwl6sjgji,1.0,AUTO_MATCH,0,,136283,136283,L0ATPS3RGI0D1KUS,,order_u51f2deu7p4w,order_u51f2deu7p4w
razorpay,rzp_norm_pay_75s1ywiw14ypgj,bank,bank_norm_banktxn_o5jp55awvharzw9t,1.0,AUTO_MATCH,0,,294235,287986,S0YB31GY2QUKU5BC,S0YB31GY2QUKU5BC,order_y8a7smxweswn,
razorpay,rzp_norm_pay_75s1ywiw14ypgj,merchant,merch_norm_led_pu3h2me7g5r7,1.0,AUTO_MATCH,0,,294235,294235,S0YB31GY2QUKU5BC,,order_y8a7smxweswn,order_y8a7smxweswn
razorpay,rzp_norm_pay_76oh2cjdwx4wvd,bank,bank_norm_banktxn_8mga2g4ae52mst80,1.0,AUTO_MATCH,0,,99240,99240,0G6E007MCWQ1BY8P,0G6E007MCWQ1BY8P,order_zusmweedpius,
razorpay,rzp_norm_pay_76oh2cjdwx4wvd,merchant,merch_norm_led_hh413vh6dahn,1.0,AUTO_MATCH,0,,99240,99240,0G6E007MCWQ1BY8P,,order_zusmweedpius,order_zusmweedpius
razorpay,rzp_norm_pay_78e6o8lun5121d,bank,bank_norm_banktxn_qcu8l758x2d539o9,1.0,AUTO_MATCH,0,,124460,121817,5YHNW4OE3B6B4YAC,5YHNW4OE3B6B4YAC,order_oqymujfufzhs,
razorpay,rzp_norm_pay_78e6o8lun5121d,merchant,merch_norm_led_es1n2otizbma,1.0,AUTO_MATCH,0,,124460,124460,5YHNW4OE3B6B4YAC,,order_oqymujfufzhs,order_oqymujfufzhs
razorpay,rzp_norm_pay_79iupqrtwd1c6v,bank,bank_norm_banktxn_mfwl5g2npyimdg36,1.0,AUTO_MATCH,0,,41297,41297,X7J6OV6ZIK490WHR,X7J6OV6ZIK490WHR,order_ah3dum5dvqyg,
razorpay,rzp_norm_pay_79iupqrtwd1c6v,merchant,merch_norm_led_3tnbzsua8luk,1.0,AUTO_MATCH,0,,41297,41297,X7J6OV6ZIK490WHR,,order_ah3dum5dvqyg,order_ah3dum5dvqyg
razorpay,rzp_norm_pay_79pp6a4nclcp7e,merchant,merch_norm_led_yy12r7oskost,1.0,AUTO_MATCH,0,,539590,539590,T67GVVE81634V1BO,,order_rvhhpmupvwh9,order_rvhhpmupvwh9
razorpay,rzp_norm_pay_7e1wemc74rk7m8,bank,bank_norm_banktxn_65yebzh16ih2t1hc,1.0,AUTO_MATCH,0,,266078,259798,OOT0Z3O0R3L3QI1M,OOT0Z3O0R3L3QI1M,order_9dgk3zr1u4dv,
razorpay,rzp_norm_pay_7e1wemc74rk7m8,merchant,merch_norm_led_xcke6tc9ir6m,1.0,AUTO_MATCH,0,,266078,266078,OOT0Z3O0R3L3QI1M,,order_9dgk3zr1u4dv,order_9dgk3zr1u4dv
razorpay,rzp_norm_pay_7fjz0xscljfuzx,bank,bank_norm_banktxn_t5xi9ynof9l6i1wj,1.0,AUTO_MATCH,0,,71168,69489,3WN4IIB1SGAPQOIZ,3WN4IIB1SGAPQOIZ,order_8q2den736ns1,
razorpay,rzp_norm_pay_7fjz0xscljfuzx,merchant,merch_norm_led_cbc6bei9rpz3,1.0,AUTO_MATCH,0,,71168,71168,3WN4IIB1SGAPQOIZ,,order_8q2den736ns1,order_8q2den736ns1
razorpay,rzp_norm_pay_7fm1kcks9ax80r,merchant,merch_norm_led_mvz1etz796es,1.0,AUTO_MATCH,0,,53900,53900,141J6ILFJ4L8W6GI,,order_i7nvz2txf18y,order_i7nvz2txf18y
razorpay,rzp_norm_pay_7ga4mgj2pto9j9,bank,bank_norm_banktxn_m6i1vaehq6n2h74v,1.0,AUTO_MATCH,0,,157501,157501,CNGTROE3SSVK401P,CNGTROE3SSVK401P,order_znvg2j1navt1,
razorpay,rzp_norm_pay_7ga4mgj2pto9j9,merchant,merch_norm_led_3w99839k5d10,1.0,AUTO_MATCH,0,,157501,157501,CNGTROE3SSVK401P,,order_znvg2j1navt1,order_znvg2j1navt1
razorpay,rzp_norm_pay_7h3ktzq4u1qe1h,merchant,merch_norm_led_zhrdwklgshfk,1.0,AUTO_MATCH,0,,47814,47814,NYAFYRZS20TIA03U,,order_z6fz8jqs5wd9,order_z6fz8jqs5wd9
razorpay,rzp_norm_pay_7ke6fqcoe4uv3r,bank,bank_norm_banktxn_ze5qxvduth0rffkr,1.0,AUTO_MATCH,0,,239981,234883,L823H87TTQALEIAA,L823H87TTQALEIAA,order_9dtbon8tcmhc,
razorpay,rzp_norm_pay_7ke6fqcoe4uv3r,merchant,merch_norm_led_e90q22uw2rxp,1.0,AUTO_MATCH,0,,239981,239981,L823H87TTQALEIAA,,order_9dtbon8tcmhc,order_9dtbon8tcmhc
razorpay,rzp_norm_pay_7lfy7ijuigd0pd,bank,bank_norm_banktxn_7v09geupnjnrbyh6,1.0,AUTO_MATCH,0,,56270,56270,60MBPM06RVC5XW9Q,60MBPM06RVC5XW9Q,order_jw2tv3m0tljm,
razorpay,rzp_norm_pay_7lfy7ijuigd0pd,merchant,merch_norm_led_ssa8mr0mc7ci,1.0,AUTO_MATCH,0,,56270,56270,60MBPM06RVC5XW9Q,,order_jw2tv3m0tljm,order_jw2tv3m0tljm
razorpay,rzp_norm_pay_7no4cqwbef92ir,bank,bank_norm_banktxn_4mavk0tdr5fb2j3p,1.0,AUTO_MATCH,0,,673573,673573,6WUU6V1YGZ5KAVS6,6WUU6V1YGZ5KAVS6,order_0xiosj2u8ix2,
razorpay,rzp_norm_pay_7no4cqwbef92ir,merchant,merch_norm_led_faacobw6t565,1.0,AUTO_MATCH,0,,673573,673573,6WUU6V1YGZ5KAVS6,,order_0xiosj2u8ix2,order_0xiosj2u8ix2
razorpay,rzp_norm_pay_7pffghsiehqg1x,bank,bank_norm_banktxn_jxmciqnlu882f02j,1.0,AUTO_MATCH,0,,104363,102146,XH6FA60S83B7U2UK,XH6FA60S83B7U2UK,order_za9e3lwq8udy,
razorpay,rzp_norm_pay_7pffghsiehqg1x,merchant,merch_norm_led_hrjo49e319m6,1.0,AUTO_MATCH,0,,104363,104363,XH6FA60S83B7U2UK,,order_za9e3lwq8udy,order_za9e3lwq8udy
razorpay,rzp_norm_pay_7pvvxw3f1ai8e0,merchant,merch_norm_led_x29xfypd62qb,1.0,AUTO_MATCH,0,,51897,51897,CC3EW0CNHD6FSE69,,order_0zdej7yu7kk1,order_0zdej7yu7kk1
razorpay,rzp_norm_pay_7q2dyik9p1qwba,merchant,merch_norm_led_892t99c2dfnz,1.0,AUTO_MATCH,0,,29378,29378,ACALSX2ZWL2R0C3E,,order_wtkp4j50oo4n,order_wtkp4j50oo4n
razorpay,rzp_norm_pay_7r8kw43su7pvrv,merchant,merch_norm_led_bkh5tydb559o,1.0,AUTO_MATCH,0,,234313,234313,IJH8IL3HWWPIMEWR,,order_g4po3phzlzxy,order_g4po3phzlzxy
razorpay,rzp_norm_pay_7rnqpktpj0pdfo,merchant,merch_norm_led_73uyruo2ndil,1.0,AUTO_MATCH,0,,108027,108027,OEBHQ9EJICRBWK5M,,order_mlwp7s753rqt,order_mlwp7s753rqt
razorpay,rzp_norm_pay_7swnulyn7bryo5,bank,bank_norm_banktxn_q1skj27m2ypfb5y6,1.0,AUTO_MATCH,0,,472263,472263,7VTN3NGRLI1YHBIM,7VTN3NGRLI1YHBIM,order_90lgcwtr3ti2,
razorpay,rzp_norm_pay_7swnulyn7bryo5,merchant,merch_norm_led_89vrhmtfxt24,1.0,AUTO_MATCH,0,,472263,472263,7VTN3NGRLI1YHBIM,,order_90lgcwtr3ti2,order_90lgcwtr3ti2
razorpay,rzp_norm_pay_7xcxqhxyco8qq5,merchant,merch_norm_led_5yyyosxn16e7,1.0,AUTO_MATCH,0,,216405,216405,BO6MHYTYY5G68GKA,,order_qcosu4ttkbqj,order_qcosu4ttkbqj
razorpay,rzp_norm_pay_7xtk00do6kngbz,bank,bank_norm_banktxn_u0bqv8xykvjgz3p6,1.0,AUTO_MATCH,0,,214027,208975,NPHSB8E6HFZROC99,NPHSB8E6HFZROC99,order_gfhulnbvrdqn,
razorpay,rzp_norm_pay_7xtk00do6kngbz,merchant,merch_norm_led_a3dgu6slgnnz,1.0,AUTO_MATCH,0,,214027,214027,NPHSB8E6HFZROC99,,order_gfhulnbvrdqn,order_gfhulnbvrdqn
razorpay,rzp_norm_pay_7ybcduhxi6cien,bank,bank_norm_banktxn_399j5f7zqexossjr,1.0,AUTO_MATCH,0,,320599,320599,60IUUSLB3GU74PV4,60IUUSLB3GU74PV4,order_bj0y8h23zi8v,
razorpay,rzp_norm_pay_7ybcduhxi6cien,merchant,merch_norm_led_j36ddg5afbz4,1.0,AUTO_MATCH,0,,320599,320599,60IUUSLB3GU74PV4,,order_bj0y8h23zi8v,order_bj0y8h23zi8v
razorpay,rzp_norm_pay_7z7z24xuhta5e6,bank,bank_norm_banktxn_z55yka1qd1g7om8t,1.0,AUTO_MATCH,0,,239598,232530,684VX7S1JBF8VKXY,684VX7S1JBF8VKXY,order_7aomsjo0d38d,
razorpay,rzp_norm_pay_7z7z24xuhta5e6,merchant,merch_norm_led_ap5z60me6214,1.0,AUTO_MATCH,0,,239598,239598,684VX7S1JBF8VKXY,,order_7aomsjo0d38d,order_7aomsjo0d38d
razorpay,rzp_norm_pay_8024z5vjtf475i,merchant,merch_norm_led_zsbkl2nj7l73,1.0,AUTO_MATCH,0,,301116,301116,O6SH31NVNXDGIMHA,,order_rfdr1y63k0ik,order_rfdr1y63k0ik
razorpay,rzp_norm_pay_814rgykgt5fe8k,bank,bank_norm_banktxn_i0hro5142r4mw4o5,1.0,AUTO_MATCH,0,,329281,321510,O9NP7LFF0LZ5YVOA,O9NP7LFF0LZ5YVOA,order_z5qdgz5e12jf,
razorpay,rzp_norm_pay_814rgykgt5fe8k,merchant,merch_norm_led_xc9yrkcro7jm,1.0,AUTO_MATCH,0,,329281,329281,O9NP7LFF0LZ5YVOA,,order_z5qdgz5e12jf,order_z5qdgz5e12jf
razorpay,rzp_norm_pay_8158rmtxzbo0j5,merchant,merch_norm_led_86zminv2krw8,1.0,AUTO_MATCH,0,,29696,29696,VTI58VIOB46YZ9H5,,order_z0n84tnlwk7t,order_z0n84tnlwk7t
razorpay,rzp_norm_pay_827dnjr94auo0a,bank,bank_norm_banktxn_shkgd1cpioyt5783,1.0,AUTO_MATCH,0,,418686,418686,6REAHXZXLSAYDSRB,6REAHXZXLSAYDSRB,order_n2ybq65ad49q,
razorpay,rzp_norm_pay_827dnjr94auo0a,merchant,merch_norm_led_ey7zup83xbye,1.0,AUTO_MATCH,0,,418686,418686,6REAHXZXLSAYDSRB,,order_n2ybq65ad49q,order_n2ybq65ad49q
razorpay,rzp_norm_pay_862js2n85ikqbc,bank,bank_norm_banktxn_on6eu1zke4tjq782,1.0,AUTO_MATCH,0,,10939,10707,T49EPZN5P0GY7TNG,T49EPZN5P0GY7TNG,order_8ynxwhaguil7,
razorpay,rzp_norm_pay_862js2n85ikqbc,merchant,merch_norm_led_2jv76fy8otny,1.0,AUTO_MATCH,0,,10939,10939,T49EPZN5P0GY7TNG,,order_8ynxwhaguil7,order_8ynxwhaguil7
razorpay,rzp_norm_pay_866jf3xsvt8gt8,bank,bank_norm_banktxn_m6m3altyirh3xlwm,1.0,AUTO_MATCH,0,,570175,556718,B0JYUV2RVOCDFAZR,B0JYUV2RVOCDFAZR,order_ng895wyfgky7,
razorpay,rzp_norm_pay_866jf3xsvt8gt8,merchant,merch_norm_led_xxcyakru8pb1,1.0,AUTO_MATCH,0,,570175,570175,B0JYUV2RVOCDFAZR,,order_ng895wyfgky7,order_ng895wyfgky7
razorpay,rzp_norm_pay_87cob5lehg0o04,bank,bank_norm_banktxn_rh4sm7w10smony9l,1.0,AUTO_MATCH,0,,528043,528043,NECR31UIX6CCNFDF,NECR31UIX6CCNFDF,order_iq780lzhzigs,
razorpay,rzp_norm_pay_87cob5lehg0o04,merchant,merch_norm_led_kgwfwrzo59cl,1.0,AUTO_MATCH,0,,528043,528043,NECR31UIX6CCNFDF,,order_iq780lzhzigs,order_iq780lzhzigs
razorpay,rzp_norm_pay_89h1addp8uo6tq,bank,bank_norm_banktxn_max8sqvuhbddkgde,1.0,AUTO_MATCH,0,,2755491,2696964,OEW571M088YA2UIL,OEW571M088YA2UIL,order_h1h2holn65az,
razorpay,rzp_norm_pay_89h1addp8uo6tq,merchant,merch_norm_led_tc8sxdqb5m72,1.0,AUTO_MATCH,0,,2755491,2755491,OEW571M088YA2UIL,,order_h1h2holn65az,order_h1h2holn65az
razorpay,rzp_norm_pay_8ab5a22j09dh83,bank,bank_norm_banktxn_j4uyk7ejikkfaovv,1.0,AUTO_MATCH,0,,603758,589509,86KQFYCPOQHCQLWO,86KQFYCPOQHCQLWO,order_ceyudzjndm23,
razorpay,rzp_norm_pay_8ab5a22j09dh83,merchant,merch_norm_led_cvkj9yd5wyxp,1.0,AUTO_MATCH,0,,603758,603758,86KQFYCPOQHCQLWO,,order_ceyudzjndm23,order_ceyudzjndm23
razorpay,rzp_norm_pay_8bwf9lwti9sqe0,bank,bank_norm_banktxn_af65ronnoere03ic,1.0,AUTO_MATCH,0,,1164582,1139847,YZAW40LAM6A67WIO,YZAW40LAM6A67WIO,order_hkl1jsyoi4rc,
razorpay,rzp_norm_pay_8bwf9lwti9sqe0,merchant,merch_norm_led_ck25mpi0tnlp,1.0,AUTO_MATCH,0,,1164582,1164582,YZAW40LAM6A67WIO,,order_hkl1jsyoi4rc,order_hkl1jsyoi4rc
razorpay,rzp_norm_pay_8cvnfj81lqpw1t,bank,bank_norm_banktxn_02zuaphq9s6qtm80,1.0,AUTO_MATCH,0,,1327501,1299305,F2CP701HR1L6016L,F2CP701HR1L6016L,order_emapskomby0n,
razorpay,rzp_norm_pay_8cvnfj81lqpw1t,merchant,merch_norm_led_nflg5nvafvgb,1.0,AUTO_MATCH,0,,1327501,1327501,F2CP701HR1L6016L,,order_emapskomby0n,order_emapskomby0n
razorpay,rzp_norm_pay_8dsxyu3lyi4ox3,bank,bank_norm_banktxn_y39q5op806qkmksw,1.0,AUTO_MATCH,0,,278321,272409,KWRSHOCYF0S9CP73,KWRSHOCYF0S9CP73,order_o4cgnpjtyhp1,
razorpay,rzp_norm_pay_8dsxyu3lyi4ox3,merchant,merch_norm_led_qhlvxpkkmvm6,1.0,AUTO_MATCH,0,,278321,278321,KWRSHOCYF0S9CP73,,order_o4cgnpjtyhp1,order_o4cgnpjtyhp1
razorpay,rzp_norm_pay_8ei89qj417gh9c,bank,bank_norm_banktxn_f6rqgorx09pzuizm,1.0,AUTO_MATCH,0,,100320,98189,M7VGFJB71YJFYWC1,M7VGFJB71YJFYWC1,order_0noolssq0p69,
razorpay,rzp_norm_pay_8ei89qj417gh9c,merchant,merch_norm_led_76srr79hvozk,1.0,AUTO_MATCH,0,,100320,100320,M7VGFJB71YJFYWC1,,order_0noolssq0p69,order_0noolssq0p69
razorpay,rzp_norm_pay_8emrt85vo4xzzv,bank,bank_norm_banktxn_n7gklwqw5teh7yz1,1.0,AUTO_MATCH,0,,158388,153715,48DY5YETA2HWUE2H,48DY5YETA2HWUE2H,order_ztvrusn4dwut,
razorpay,rzp_norm_pay_8emrt85vo4xzzv,merchant,merch_norm_led_vpj2f6mvkwlc,1.0,AUTO_MATCH,0,,158388,158388,48DY5YETA2HWUE2H,,order_ztvrusn4dwut,order_ztvrusn4dwut
razorpay,rzp_norm_pay_8fv1nzntz854jp,bank,bank_norm_banktxn_xi5gczh8jy5wa9al,1.0,AUTO_MATCH,0,,714423,699248,8ZB8RW37X9JAAKEM,8ZB8RW37X9JAAKEM,order_uxqq48k4stxm,
razorpay,rzp_norm_pay_8fv1nzntz854jp,merchant,merch_norm_led_2152gdq1vyij,1.0,AUTO_MATCH,0,,714423,714423,8ZB8RW37X9JAAKEM,,order_uxqq48k4stxm,order_uxqq48k4stxm
razorpay,rzp_norm_pay_8hhsmczs825ix9,bank,bank_norm_banktxn_nz6y33qp1mruub6c,1.0,AUTO_MATCH,0,,84913,83110,175PMLXPM65M1FKN,175PMLXPM65M1FKN,order_acubnoyqk0oq,
razorpay,rzp_norm_pay_8hhsmczs825ix9,merchant,merch_norm_led_r12yhdy21rfe,1.0,AUTO_MATCH,0,,84913,84913,175PMLXPM65M1FKN,,order_acubnoyqk0oq,order_acubnoyqk0oq
razorpay,rzp_norm_pay_8ii87jp601iwck,bank,bank_norm_banktxn_g51y3vm2l3dkhn7d,1.0,AUTO_MATCH,0,,53995,52848,3K5YEUQMDT22KTYD,3K5YEUQMDT22KTYD,order_23lw6zcrn4ip,
razorpay,rzp_norm_pay_8ii87jp601iwck,merchant,merch_norm_led_rh28jb92zlk0,1.0,AUTO_MATCH,0,,53995,53995,3K5YEUQMDT22KTYD,,order_23lw6zcrn4ip,order_23lw6zcrn4ip
razorpay,rzp_norm_pay_8it9zqfde3879o,merchant,merch_norm_led_erah5xo8dp3e,1.0,AUTO_MATCH,0,,560812,560812,5F40Q9BU8XJUQLS0,,order_1rn364ua19n9,order_1rn364ua19n9
razorpay,rzp_norm_pay_8kudvwd7mvnsa9,bank,bank_norm_banktxn_ro1tdjiougob7mmy,1.0,AUTO_MATCH,0,,60255,58975,NJAEEBJ5ON4ZMGYF,NJAEEBJ5ON4ZMGYF,order_se6wpzd285lz,
razorpay,rzp_norm_pay_8kudvwd7mvnsa9,merchant,merch_norm_led_i5vh7r4s0l0a,1.0,AUTO_MATCH,0,,60255,60255,NJAEEBJ5ON4ZMGYF,,order_se6wpzd285lz,order_se6wpzd285lz
razorpay,rzp_norm_pay_8lszgdt56u4zmp,bank,bank_norm_banktxn_5mpb6031gv4i2rlr,1.0,AUTO_MATCH,0,,820109,820109,Z7XR8FDTXH3WT4NU,Z7XR8FDTXH3WT4NU,order_64uy5wzvlw5n,
razorpay,rzp_norm_pay_8lszgdt56u4zmp,merchant,merch_norm_led_xl23cs0yq4jr,1.0,AUTO_MATCH,0,,820109,820109,Z7XR8FDTXH3WT4NU,,order_64uy5wzvlw5n,order_64uy5wzvlw5n
razorpay,rzp_norm_pay_8n3y6hj2bc8cmz,bank,bank_norm_banktxn_uvvugihogf2jri33,1.0,AUTO_MATCH,0,,103344,103344,1VK2VW5SDNGI8MBH,1VK2VW5SDNGI8MBH,order_nemw3dlawx1l,
razorpay,rzp_norm_pay_8n3y6hj2bc8cmz,merchant,merch_norm_led_r0oyw8ojyr8t,1.0,AUTO_MATCH,0,,103344,103344,1VK2VW5SDNGI8MBH,,order_nemw3dlawx1l,order_nemw3dlawx1l
razorpay,rzp_norm_pay_8p8s8xt18bj01v,bank,bank_norm_banktxn_jba6dyidd85fe233,1.0,AUTO_MATCH,0,,897032,897032,ZMOHMX5S4D2EA9ZI,ZMOHMX5S4D2EA9ZI,order_l540bfg0qmqt,
razorpay,rzp_norm_pay_8p8s8xt18bj01v,merchant,merch_norm_led_ialo0c18c0lw,1.0,AUTO_MATCH,0,,897032,897032,ZMOHMX5S4D2EA9ZI,,order_l540bfg0qmqt,order_l540bfg0qmqt
razorpay,rzp_norm_pay_8reuqm16pvru6w,bank,bank_norm_banktxn_0csp5pkabzy0tifk,1.0,AUTO_MATCH,0,,109456,106873,M15PATPBABRRRSWW,M15PATPBABRRRSWW,order_vup8xydqfryx,
razorpay,rzp_norm_pay_8reuqm16pvru6w,merchant,merch_norm_led_y68kluut9rkv,1.0,AUTO_MATCH,0,,109456,109456,M15PATPBABRRRSWW,,order_vup8xydqfryx,order_vup8xydqfryx
razorpay,rzp_norm_pay_8wqc8v39d6tg28,bank,bank_norm_banktxn_al96n5hem6u8cown,1.0,AUTO_MATCH,0,,132185,129378,HQ0BODFNPH4PBZV2,HQ0BODFNPH4PBZV2,order_x42o0voeihdd,
razorpay,rzp_norm_pay_8wqc8v39d6tg28,merchant,merch_norm_led_2gjynao39fli,1.0,AUTO_MATCH,0,,132185,132185,HQ0BODFNPH4PBZV2,,order_x42o0voeihdd,order_x42o0voeihdd
razorpay,rzp_norm_pay_8xvyhum0hgti5s,bank,bank_norm_banktxn_k0zsukgv8y7ks1rr,1.0,AUTO_MATCH,0,,75770,74160,KBMDBF8HJHYEHN7N,KBMDBF8HJHYEHN7N,order_rjdhh40mtj2o,
razorpay,rzp_norm_pay_8xvyhum0hgti5s,merchant,merch_norm_led_bm06rbb1jcss,1.0,AUTO_MATCH,0,,75770,75770,KBMDBF8HJHYEHN7N,,order_rjdhh40mtj2o,order_rjdhh40mtj2o
razorpay,rzp_norm_pay_8yhpecy6lpag5k,bank,bank_norm_banktxn_zk1kvige0cj7w47u,1.0,AUTO_MATCH,0,,68748,67125,LXN6EW6ZPNN1VXGO,LXN6EW6ZPNN1VXGO,order_bylubloaapee,
razorpay,rzp_norm_pay_8yhpecy6lpag5k,merchant,merch_norm_led_ua3cxlfh25nd,1.0,AUTO_MATCH,0,,68748,68748,LXN6EW6ZPNN1VXGO,,order_bylubloaapee,order_bylubloaapee
razorpay,rzp_norm_pay_90a4acv90ml0dd,bank,bank_norm_banktxn_8vctyt2o0yljy5zr,1.0,AUTO_MATCH,0,,72921,72921,700XX57G7P015O9F,700XX57G7P015O9F,order_0311zxofiptf,
razorpay,rzp_norm_pay_90a4acv90ml0dd,merchant,merch_norm_led_ugof231whefr,1.0,AUTO_MATCH,0,,72921,72921,700XX57G7P015O9F,,order_0311zxofiptf,order_0311zxofiptf
razorpay,rzp_norm_pay_91b83h40qip2ta,bank,bank_norm_banktxn_rm2po7lyxghm8dpg,1.0,AUTO_MATCH,0,,347541,340159,ESAN23FA7LOCB3N0,ESAN23FA7LOCB3N0,order_ola36hwtq3qs,
razorpay,rzp_norm_pay_91b83h40qip2ta,merchant,merch_norm_led_g4612a2yovp2,1.0,AUTO_MATCH,0,,347541,347541,ESAN23FA7LOCB3N0,,order_ola36hwtq3qs,order_ola36hwtq3qs
razorpay,rzp_norm_pay_92tqyep8mdpqqt,merchant,merch_norm_led_bh9pc9qktf8v,1.0,AUTO_MATCH,0,,859309,859309,DCCNTZQNJDP9U6YS,,order_ssotnlkp8xdf,order_ssotnlkp8xdf
razorpay,rzp_norm_pay_94g3iuz5cru7r4,bank,bank_norm_banktxn_hayn9v3isehjjodi,1.0,AUTO_MATCH,0,,159773,159773,5JMM0TFDC2XU2EWA,5JMM0TFDC2XU2EWA,order_qxiw49ofx8sj,
razorpay,rzp_norm_pay_94g3iuz5cru7r4,merchant,merch_norm_led_ogugrl7f6504,1.0,AUTO_MATCH,0,,159773,159773,5JMM0TFDC2XU2EWA,,order_qxiw49ofx8sj,order_qxiw49ofx8sj
razorpay,rzp_norm_pay_94zqrsx9dqukrt,bank,bank_norm_banktxn_ytgs9qsdaox7eq4l,1.0,AUTO_MATCH,0,,15777,15442,S75XU8IX7XS1RCDU,S75XU8IX7XS1RCDU,order_qnizpeszuxml,
razorpay,rzp_norm_pay_94zqrsx9dqukrt,merchant,merch_norm_led_epj3up82by91,1.0,AUTO_MATCH,0,,15777,15777,S75XU8IX7XS1RCDU,,order_qnizpeszuxml,order_qnizpeszuxml
razorpay,rzp_norm_pay_956t32naikp016,bank,bank_norm_banktxn_nqfrzyphol1ikoo0,1.0,AUTO_MATCH,0,,72636,72636,HC5MA75V7UXQBMP5,HC5MA75V7UXQBMP5,order_au7ua2yi1as2,
razorpay,rzp_norm_pay_956t32naikp016,merchant,merch_norm_led_qaxmeovjaz4x,1.0,AUTO_MATCH,0,,72636,72636,HC5MA75V7UXQBMP5,,order_au7ua2yi1as2,order_au7ua2yi1as2
razorpay,rzp_norm_pay_962tm98gnfegj5,bank,bank_norm_banktxn_kwe93psw5erip98l,1.0,AUTO_MATCH,0,,34112,34112,3LMRQ7E0O3JX2KY9,3LMRQ7E0O3JX2KY9,order_pd4kubv6j2o5,
razorpay,rzp_norm_pay_962tm98gnfegj5,merchant,merch_norm_led_5u3zpg5pwr88,1.0,AUTO_MATCH,0,,34112,34112,3LMRQ7E0O3JX2KY9,,order_pd4kubv6j2o5,order_pd4kubv6j2o5
razorpay,rzp_norm_pay_97prbooxbuegax,merchant,merch_norm_led_6pd5roi6v333,1.0,AUTO_MATCH,0,,16844,16844,XLWF944EC2HJ86UK,,order_3gapykiip0pw,order_3gapykiip0pw
razorpay,rzp_norm_pay_99hyt1zu9ogqdb,bank,bank_norm_banktxn_09ypsa3922lfpq84,1.0,AUTO_MATCH,0,,247389,242134,Q66Y32CJOXR6OD3U,Q66Y32CJOXR6OD3U,order_bn5vj9bi0gdb,
razorpay,rzp_norm_pay_99hyt1zu9ogqdb,merchant,merch_norm_led_ncqy10ltuk13,1.0,AUTO_MATCH,0,,247389,247389,Q66Y32CJOXR6OD3U,,order_bn5vj9bi0gdb,order_bn5vj9bi0gdb
razorpay,rzp_norm_pay_99n7og8lwo7rs9,bank,bank_norm_banktxn_i9g8qdfnbe7tkiws,1.0,AUTO_MATCH,0,,94690,92679,AHA5X9KGX3LTML0A,AHA5X9KGX3LTML0A,order_64v19kgjokk2,
razorpay,rzp_norm_pay_99n7og8lwo7rs9,merchant,merch_norm_led_v7c9091p5d80,1.0,AUTO_MATCH,0,,94690,94690,AHA5X9KGX3LTML0A,,order_64v19kgjokk2,order_64v19kgjokk2
razorpay,rzp_norm_pay_9d3u21x4cdj19d,merchant,merch_norm_led_g9diczdumiax,1.0,AUTO_MATCH,0,,141015,141015,OM77BJQG2F46Y9ZT,,order_ujebrbhi6z05,order_ujebrbhi6z05
razorpay,rzp_norm_pay_9h943ajis7tjph,bank,bank_norm_banktxn_k6alqvipz2t5kgk7,1.0,AUTO_MATCH,0,,386549,377426,1H2BUXSHBRV5UMQL,1H2BUXSHBRV5UMQL,order_wyvs52rkg15e,
razorpay,rzp_norm_pay_9h943ajis7tjph,merchant,merch_norm_led_pw0ytq3cxnvs,1.0,AUTO_MATCH,0,,386549,386549,1H2BUXSHBRV5UMQL,,order_wyvs52rkg15e,order_wyvs52rkg15e
razorpay,rzp_norm_pay_9io0wwzna3yk7m,bank,bank_norm_banktxn_9krwhxdhe8syrv4l,1.0,AUTO_MATCH,0,,207570,202672,6S7N3FPIWVFU8M16,6S7N3FPIWVFU8M16,order_5b8wqo21tih7,
razorpay,rzp_norm_pay_9io0wwzna3yk7m,merchant,merch_norm_led_jblkv5jsv32t,1.0,AUTO_MATCH,0,,207570,207570,6S7N3FPIWVFU8M16,,order_5b8wqo21tih7,order_5b8wqo21tih7
razorpay,rzp_norm_pay_9jl7cmq034gx0p,bank,bank_norm_banktxn_obi3oxdslgmxu39d,1.0,AUTO_MATCH,0,,35054,34020,AEUK1LID9BQ0AUZH,AEUK1LID9BQ0AUZH,order_z43rln0dpd9r,
razorpay,rzp_norm_pay_9jl7cmq034gx0p,merchant,merch_norm_led_1u42loj21qsj,1.0,AUTO_MATCH,0,,35054,35054,AEUK1LID9BQ0AUZH,,order_z43rln0dpd9r,order_z43rln0dpd9r
razorpay,rzp_norm_pay_9knopjsb7f0th8,bank,bank_norm_banktxn_1y7vxma975nzs5zh,1.0,AUTO_MATCH,0,,623401,608689,FAQ7JKJD3SQETE61,FAQ7JKJD3SQETE61,order_fn7hbo7i3gyc,
razorpay,rzp_norm_pay_9knopjsb7f0th8,merchant,merch_norm_led_kadnhbrwtghv,1.0,AUTO_MATCH,0,,623401,623401,FAQ7JKJD3SQETE61,,order_fn7hbo7i3gyc,order_fn7hbo7i3gyc
razorpay,rzp_norm_pay_9ljpksghondbnk,bank,bank_norm_banktxn_yhv5go8a14gxfcfk,1.0,AUTO_MATCH,0,,358550,350088,CW1L93DZY6DSRWJ6,CW1L93DZY6DSRWJ6,order_hi47x6yl5dos,
razorpay,rzp_norm_pay_9ljpksghondbnk,merchant,merch_norm_led_h367bsaydo0c,1.0,AUTO_MATCH,0,,358550,358550,CW1L93DZY6DSRWJ6,,order_hi47x6yl5dos,order_hi47x6yl5dos
razorpay,rzp_norm_pay_9mt0awr709xml6,bank,bank_norm_banktxn_e0ye3ezxi16rutp9,1.0,AUTO_MATCH,0,,520801,520801,L7Y7X2MBXD2LC0RV,L7Y7X2MBXD2LC0RV,order_gfx9kl90fbyq,
razorpay,rzp_norm_pay_9mt0awr709xml6,merchant,merch_norm_led_471l0v6t2mvi,1.0,AUTO_MATCH,0,,520801,520801,L7Y7X2MBXD2LC0RV,,order_gfx9kl90fbyq,order_gfx9kl90fbyq
razorpay,rzp_norm_pay_9n1vrceueqicne,bank,bank_norm_banktxn_viugicppvek96p1x,1.0,AUTO_MATCH,0,,154476,154476,XD1GAYPD9F43BPMK,XD1GAYPD9F43BPMK,order_v7b6ipf3v33l,
razorpay,rzp_norm_pay_9n1vrceueqicne,merchant,merch_norm_led_fj2awth0ddhp,1.0,AUTO_MATCH,0,,154476,154476,XD1GAYPD9F43BPMK,,order_v7b6ipf3v33l,order_v7b6ipf3v33l
razorpay,rzp_norm_pay_9pn0rb9bd61pu9,merchant,merch_norm_led_8nu41snqfdke,1.0,AUTO_MATCH,0,,810077,810077,VVRRAV3M64KUI9FX,,order_hlc1vpajzhec,order_hlc1vpajzhec
razorpay,rzp_norm_pay_9qjjszcuwmnh5u,bank,bank_norm_banktxn_k8w1lorm5zcsyjss,1.0,AUTO_MATCH,0,,108698,106133,IMVFHQRJGVDEYSZ3,IMVFHQRJGVDEYSZ3,order_r31cv6qinz60,
razorpay,rzp_norm_pay_9qjjszcuwmnh5u,merchant,merch_norm_led_5xywfshfgm2p,1.0,AUTO_MATCH,0,,108698,108698,IMVFHQRJGVDEYSZ3,,order_r31cv6qinz60,order_r31cv6qinz60
razorpay,rzp_norm_pay_9qp18cm4nwn14n,merchant,merch_norm_led_rjpdrlo7zfck,1.0,AUTO_MATCH,0,,66706,66706,MXS3N8BGJ4DFKJSG,,order_c04se5rv6kr3,order_c04se5rv6kr3
razorpay,rzp_norm_pay_9r8ijv3gzqu571,bank,bank_norm_banktxn_ew6tsw9gpait1ix7,1.0,AUTO_MATCH,0,,216661,210269,IE1TF8JORXUG3D3G,IE1TF8JORXUG3D3G,order_7wtt0efakt3i,
razorpay,rzp_norm_pay_9r8ijv3gzqu571,merchant,merch_norm_led_6c35wrif8f5g,1.0,AUTO_MATCH,0,,216661,216661,IE1TF8JORXUG3D3G,,order_7wtt0efakt3i,order_7wtt0efakt3i
razorpay,rzp_norm_pay_9s66753xn4ygqr,bank,bank_norm_banktxn_lliyaxuz694iugyh,1.0,AUTO_MATCH,0,,240056,234391,3TCHY0299QG9MV80,3TCHY0299QG9MV80,order_wzkea4fmq7wd,
razorpay,rzp_norm_pay_9s66753xn4ygqr,merchant,merch_norm_led_sjo0ibft6uzg,1.0,AUTO_MATCH,0,,240056,240056,3TCHY0299QG9MV80,,order_wzkea4fmq7wd,order_wzkea4fmq7wd
razorpay,rzp_norm_pay_9uafpaqpcfm4eh,merchant,merch_norm_led_36hhgwlqgm50,1.0,AUTO_MATCH,0,,213610,213610,JX6UESJ7YT94LH2O,,order_8p79ds9hk07x,order_8p79ds9hk07x
razorpay,rzp_norm_pay_9uiy0acemafkxg,bank,bank_norm_banktxn_ibh8kzgpnxdcflu5,1.0,AUTO_MATCH,0,,390801,390801,PX7KKKR6CR3JUK70,PX7KKKR6CR3JUK70,order_nrfzdxjp3si4,
razorpay,rzp_norm_pay_9uiy0acemafkxg,merchant,merch_norm_led_srzncwhh1xhs,1.0,AUTO_MATCH,0,,390801,390801,PX7KKKR6CR3JUK70,,order_nrfzdxjp3si4,order_nrfzdxjp3si4
razorpay,rzp_norm_pay_9uwrciysqnp68x,bank,bank_norm_banktxn_x40hadzkbgspkmim,1.0,AUTO_MATCH,0,,215560,215560,7LOPUZLS6DH4789Y,7LOPUZLS6DH4789Y,order_3qmka762ld5p,
razorpay,rzp_norm_pay_9uwrciysqnp68x,merchant,merch_norm_led_2wkkgyxlw2o3,1.0,AUTO_MATCH,0,,215560,215560,7LOPUZLS6DH4789Y,,order_3qmka762ld5p,order_3qmka762ld5p
razorpay,rzp_norm_pay_9v609jz5v6tkai,merchant,merch_norm_led_eot5mttyt65b,1.0,AUTO_MATCH,0,,719507,719507,S87V2NIPQ8SNWKN5,,order_a4hnm54btgug,order_a4hnm54btgug
razorpay,rzp_norm_pay_9w0fdpj3wivi55,bank,bank_norm_banktxn_9am460wjxr52oq23,1.0,AUTO_MATCH,0,,116019,116019,ORB9XHNKJ4I0YLTO,ORB9XHNKJ4I0YLTO,order_rfge2e636oqf,
razorpay,rzp_norm_pay_9w0fdpj3wivi55,merchant,merch_norm_led_bo0iq16sglcw,1.0,AUTO_MATCH,0,,116019,116019,ORB9XHNKJ4I0YLTO,,order_rfge2e636oqf,order_rfge2e636oqf
razorpay,rzp_norm_pay_9y68vekzmsc1om,bank,bank_norm_banktxn_wob1nfk4yocxvz9i,1.0,AUTO_MATCH,0,,180708,180708,MKTHZA4X9SIGYNT0,MKTHZA4X9SIGYNT0,order_8g2vsziyvcby,
razorpay,rzp_norm_pay_9y68vekzmsc1om,merchant,merch_norm_led_kqk76x428b2c,1.0,AUTO_MATCH,0,,180708,180708,MKTHZA4X9SIGYNT0,,order_8g2vsziyvcby,order_8g2vsziyvcby
razorpay,rzp_norm_pay_9zfdkzupzwtvsb,bank,bank_norm_banktxn_3tp94je2i4dj71dx,1.0,AUTO_MATCH,0,,230007,225122,F6KCXC598P0104IJ,F6KCXC598P0104IJ,order_nr0j7fgxb3xg,
razorpay,rzp_norm_pay_9zfdkzupzwtvsb,merchant,merch_norm_led_vk9yu82yrkoj,1.0,AUTO_MATCH,0,,230007,230007,F6KCXC598P0104IJ,,order_nr0j7fgxb3xg,order_nr0j7fgxb3xg
razorpay,rzp_norm_pay_a1fhgnr1v4gxup,bank,bank_norm_banktxn_3rpt10mhpppf8fdt,1.0,AUTO_MATCH,0,,172926,169253,D7P1CVW453KS1COD,D7P1CVW453KS1COD,order_m3vtm9mt9e4o,
razorpay,rzp_norm_pay_a1fhgnr1v4gxup,merchant,merch_norm_led_31v6kx01v4h3,1.0,AUTO_MATCH,0,,172926,172926,D7P1CVW453KS1COD,,order_m3vtm9mt9e4o,order_m3vtm9mt9e4o
razorpay,rzp_norm_pay_a3jev7wwzh9t7o,bank,bank_norm_banktxn_awcpe0z146yvb7cy,1.0,AUTO_MATCH,0,,301430,294316,HVRPJNHJ0QPXJ9LD,HVRPJNHJ0QPXJ9LD,order_rkqimndaxg1d,
razorpay,rzp_norm_pay_a3jev7wwzh9t7o,merchant,merch_norm_led_c1a21mrlsacy,1.0,AUTO_MATCH,0,,301430,301430,HVRPJNHJ0QPXJ9LD,,order_rkqimndaxg1d,order_rkqimndaxg1d
razorpay,rzp_norm_pay_a444k8as0d3qur,bank,bank_norm_banktxn_1czmdub8txeb0ald,1.0,AUTO_MATCH,0,,776309,776309,1GP23LB2JLOQYPM5,1GP23LB2JLOQYPM5,order_g8375vf42427,
razorpay,rzp_norm_pay_a444k8as0d3qur,merchant,merch_norm_led_bjhxyy1vqrmt,1.0,AUTO_MATCH,0,,776309,776309,1GP23LB2JLOQYPM5,,order_g8375vf42427,order_g8375vf42427
razorpay,rzp_norm_pay_a6dwplz3ao059u,bank,bank_norm_banktxn_f0a5hpmppcx045zi,1.0,AUTO_MATCH,0,,141756,138745,3BVS0CXIC2WXEA2N,3BVS0CXIC2WXEA2N,order_r54gen52opxi,
razorpay,rzp_norm_pay_a6dwplz3ao059u,merchant,merch_norm_led_zmmhectp0gbq,1.0,AUTO_MATCH,0,,141756,141756,3BVS0CXIC2WXEA2N,,order_r54gen52opxi,order_r54gen52opxi
razorpay,rzp_norm_pay_a92yo4186f1n1o,bank,bank_norm_banktxn_ro5pb5eafbn07uo5,1.0,AUTO_MATCH,0,,243649,243649,Z9GSJ0TJDJJI7TNO,Z9GSJ0TJDJJI7TNO,order_fgvzcixz4hp0,
razorpay,rzp_norm_pay_a92yo4186f1n1o,merchant,merch_norm_led_2c86plw0zt9o,1.0,AUTO_MATCH,0,,243649,243649,Z9GSJ0TJDJJI7TNO,,order_fgvzcixz4hp0,order_fgvzcixz4hp0
razorpay,rzp_norm_pay_a9secxb0inueme,bank,bank_norm_banktxn_79p6mzezzb5vrgyg,1.0,AUTO_MATCH,0,,10465,10156,ZT2WBOV7WACO260V,ZT2WBOV7WACO260V,order_8err5wm2up53,
razorpay,rzp_norm_pay_a9secxb0inueme,merchant,merch_norm_led_pucksg89dd99,1.0,AUTO_MATCH,0,,10465,10465,ZT2WBOV7WACO260V,,order_8err5wm2up53,order_8err5wm2up53
razorpay,rzp_norm_pay_aadc8bwjrp7s52,bank,bank_norm_banktxn_gablsc2dvgwn3xds,1.0,AUTO_MATCH,0,,59734,58324,5GMMJGS89U13GXVG,5GMMJGS89U13GXVG,order_w6wpc97feskb,
razorpay,rzp_norm_pay_aadc8bwjrp7s52,merchant,merch_norm_led_he933p0zf0tv,1.0,AUTO_MATCH,0,,59734,59734,5GMMJGS89U13GXVG,,order_w6wpc97feskb,order_w6wpc97feskb
razorpay,rzp_norm_pay_ada1droxri8suy,bank,bank_norm_banktxn_ehmnuflrbc8sv23g,1.0,AUTO_MATCH,0,,1253898,1253898,F90WUSZEHS50QBYE,F90WUSZEHS50QBYE,order_o8rylbu9xto1,
razorpay,rzp_norm_pay_ada1droxri8suy,merchant,merch_norm_led_ldlxmud38te8,1.0,AUTO_MATCH,0,,1253898,1253898,F90WUSZEHS50QBYE,,order_o8rylbu9xto1,order_o8rylbu9xto1
razorpay,rzp_norm_pay_aijtmqc4684dy0,bank,bank_norm_banktxn_xbl84axyor2khoxj,1.0,AUTO_MATCH,0,,626116,626116,MWLWPOEMRKI5X1AZ,MWLWPOEMRKI5X1AZ,order_vybzvy3pq4kj,
razorpay,rzp_norm_pay_aijtmqc4684dy0,merchant,merch_norm_led_bywayis2l92f,1.0,AUTO_MATCH,0,,626116,626116,MWLWPOEMRKI5X1AZ,,order_vybzvy3pq4kj,order_vybzvy3pq4kj
razorpay,rzp_norm_pay_ak5hfly2hu54z1,bank,bank_norm_banktxn_kum0habjpg3ogwq7,1.0,AUTO_MATCH,0,,129362,129362,9UPCHVVRQ3KGWLO9,9UPCHVVRQ3KGWLO9,order_2jl35kf47kq3,
razorpay,rzp_norm_pay_ak5hfly2hu54z1,merchant,merch_norm_led_vlg6xavv67jz,1.0,AUTO_MATCH,0,,129362,129362,9UPCHVVRQ3KGWLO9,,order_2jl35kf47kq3,order_2jl35kf47kq3
razorpay,rzp_norm_pay_akyxf5g03empe1,bank,bank_norm_banktxn_byqykoidjso3xybd,1.0,AUTO_MATCH,0,,181730,181730,YONS6RWR85C9N3XQ,YONS6RWR85C9N3XQ,order_caw9ruckj0js,
razorpay,rzp_norm_pay_akyxf5g03empe1,merchant,merch_norm_led_1anysbxiptdp,1.0,AUTO_MATCH,0,,181730,181730,YONS6RWR85C9N3XQ,,order_caw9ruckj0js,order_caw9ruckj0js
razorpay,rzp_norm_pay_anibr22q8ybacx,bank,bank_norm_banktxn_wwlrcycrvqrmt3d5,1.0,AUTO_MATCH,0,,375964,367979,K4UHVKBHSTMPNK6A,K4UHVKBHSTMPNK6A,order_gdntcykjnza9,
razorpay,rzp_norm_pay_anibr22q8ybacx,merchant,merch_norm_led_05a84fexvmdg,1.0,AUTO_MATCH,0,,375964,375964,K4UHVKBHSTMPNK6A,,order_gdntcykjnza9,order_gdntcykjnza9
razorpay,rzp_norm_pay_art1512djeijvn,bank,bank_norm_banktxn_dd7aabekgz2s0isd,1.0,AUTO_MATCH,0,,125334,122376,387N9VGDTREW8VI2,387N9VGDTREW8VI2,order_ymzq4xxw5uwp,
razorpay,rzp_norm_pay_art1512djeijvn,merchant,merch_norm_led_7jxdpztjtuvg,1.0,AUTO_MATCH,0,,125334,125334,387N9VGDTREW8VI2,,order_ymzq4xxw5uwp,order_ymzq4xxw5uwp
razorpay,rzp_norm_pay_at75d5w3395hx3,bank,bank_norm_banktxn_w0xhoxvd8tkwhlr9,1.0,AUTO_MATCH,0,,98586,95677,9ZBE4C84ZFQOGXFM,9ZBE4C84ZFQOGXFM,order_2ygsklnsvfid,
razorpay,rzp_norm_pay_at75d5w3395hx3,merchant,merch_norm_led_u6ct39gjpxhm,1.0,AUTO_MATCH,0,,98586,98586,9ZBE4C84ZFQOGXFM,,order_2ygsklnsvfid,order_2ygsklnsvfid
razorpay,rzp_norm_pay_atqczekhdiqzlw,bank,bank_norm_banktxn_vdu8o3ua06hyruz1,1.0,AUTO_MATCH,0,,8840,8840,4Q6MEW56PWCT51F1,4Q6MEW56PWCT51F1,order_rf1q6py9iufy,
razorpay,rzp_norm_pay_atqczekhdiqzlw,merchant,merch_norm_led_z8ohd787ipcj,1.0,AUTO_MATCH,0,,8840,8840,4Q6MEW56PWCT51F1,,order_rf1q6py9iufy,order_rf1q6py9iufy
razorpay,rzp_norm_pay_auxu3am691hoft,bank,bank_norm_banktxn_49gsh544udpt0dxr,1.0,AUTO_MATCH,0,,68950,68950,J4Y0BKMVTETCMVKM,J4Y0BKMVTETCMVKM,order_a7qbpp1d9ckw,
razorpay,rzp_norm_pay_auxu3am691hoft,merchant,merch_norm_led_9mptr66anzia,1.0,AUTO_MATCH,0,,68950,68950,J4Y0BKMVTETCMVKM,,order_a7qbpp1d9ckw,order_a7qbpp1d9ckw
razorpay,rzp_norm_pay_auygcuyzuah8tm,bank,bank_norm_banktxn_byimoywf98x4u52z,1.0,AUTO_MATCH,0,,41897,41897,6RJS3NGZZTLCH2UD,6RJS3NGZZTLCH2UD,order_w5h1ok3ly0nd,
razorpay,rzp_norm_pay_auygcuyzuah8tm,merchant,merch_norm_led_b9y7h3dcgutm,1.0,AUTO_MATCH,0,,41897,41897,6RJS3NGZZTLCH2UD,,order_w5h1ok3ly0nd,order_w5h1ok3ly0nd
razorpay,rzp_norm_pay_az09xhg7q5odqb,bank,bank_norm_banktxn_7k8nydxm5rekvx47,1.0,AUTO_MATCH,0,,50133,48654,CV0KUI42FUQABQLH,CV0KUI42FUQABQLH,order_h3xxl7re8fw6,
razorpay,rzp_norm_pay_az09xhg7q5odqb,merchant,merch_norm_led_qihrqwhu6ca3,1.0,AUTO_MATCH,0,,50133,50133,CV0KUI42FUQABQLH,,order_h3xxl7re8fw6,order_h3xxl7re8fw6
razorpay,rzp_norm_pay_b1heee1m5u8wun,bank,bank_norm_banktxn_pyx2x6st2fxyp2zo,1.0,AUTO_MATCH,0,,1119966,1096178,QECD4BSVKTFRP2OK,QECD4BSVKTFRP2OK,order_bovu8ace2q0h,
razorpay,rzp_norm_pay_b1heee1m5u8wun,merchant,merch_norm_led_x3cispjitari,1.0,AUTO_MATCH,0,,1119966,1119966,QECD4BSVKTFRP2OK,,order_bovu8ace2q0h,order_bovu8ace2q0h
razorpay,rzp_norm_pay_b203kdiuh6rbgv,bank,bank_norm_banktxn_ljucy928cqzgzmns,1.0,AUTO_MATCH,0,,51216,51216,NFHDO56872CCS64Y,NFHDO56872CCS64Y,order_nlj760z8lnnx,
razorpay,rzp_norm_pay_b203kdiuh6rbgv,merchant,merch_norm_led_7r4uqxw1ah8i,1.0,AUTO_MATCH,0,,51216,51216,NFHDO56872CCS64Y,,order_nlj760z8lnnx,order_nlj760z8lnnx
razorpay,rzp_norm_pay_b38tpfsslmnsje,bank,bank_norm_banktxn_m6d4kxo91u4dxgut,1.0,AUTO_MATCH,0,,342053,333981,B8EZPA5YUCTLFT8U,B8EZPA5YUCTLFT8U,order_6coos55pamcl,
razorpay,rzp_norm_pay_b38tpfsslmnsje,merchant,merch_norm_led_zlj3sgmfdh56,1.0,AUTO_MATCH,0,,342053,342053,B8EZPA5YUCTLFT8U,,order_6coos55pamcl,order_6coos55pamcl
razorpay,rzp_norm_pay_b3unfo2m74u5r3,merchant,merch_norm_led_krnvsly1sjke,1.0,AUTO_MATCH,0,,50346,50346,GKN3OV031J8JXGB3,,order_eyzpdqkfq86w,order_eyzpdqkfq86w
razorpay,rzp_norm_pay_b4z4aw045tu15x,bank,bank_norm_banktxn_dulxbiy4d9y7w06b,1.0,AUTO_MATCH,0,,1424808,1424808,PR795SVIGJ6MONSI,PR795SVIGJ6MONSI,order_bvt7tlpvxlzs,
razorpay,rzp_norm_pay_b4z4aw045tu15x,merchant,merch_norm_led_nmwhhksckaog,1.0,AUTO_MATCH,0,,1424808,1424808,PR795SVIGJ6MONSI,,order_bvt7tlpvxlzs,order_bvt7tlpvxlzs
razorpay,rzp_norm_pay_b6tucl5qpw44dd,bank,bank_norm_banktxn_j06y6jihaizh91ah,1.0,AUTO_MATCH,0,,64011,62501,BJ8AAH6XE3QFBFRK,BJ8AAH6XE3QFBFRK,order_ucrs1u87uei0,
razorpay,rzp_norm_pay_b6tucl5qpw44dd,merchant,merch_norm_led_fn0jsqm57wr4,1.0,AUTO_MATCH,0,,64011,64011,BJ8AAH6XE3QFBFRK,,order_ucrs1u87uei0,order_ucrs1u87uei0
razorpay,rzp_norm_pay_b8k5glmunct8ev,merchant,merch_norm_led_3ytydivpt13s,1.0,AUTO_MATCH,0,,494783,494783,U2Y4EV9BZ971CN9J,,order_pq2h4i9rjd3b,order_pq2h4i9rjd3b
razorpay,rzp_norm_pay_badl1o9v1i26hj,bank,bank_norm_banktxn_zedxswn51lf2hlzu,1.0,AUTO_MATCH,0,,448134,438616,XEEM2HQACCTH7MCL,XEEM2HQACCTH7MCL,order_4ajlab9gnos1,
razorpay,rzp_norm_pay_badl1o9v1i26hj,merchant,merch_norm_led_nm3wbmu8ebc0,1.0,AUTO_MATCH,0,,448134,448134,XEEM2HQACCTH7MCL,,order_4ajlab9gnos1,order_4ajlab9gnos1
razorpay,rzp_norm_pay_baizbtn25jkno4,merchant,merch_norm_led_mzd0cig4jjwz,1.0,AUTO_MATCH,0,,1509798,1509798,DD36X5UIRKGXM8VX,,order_rz4iu87hlxqx,order_rz4iu87hlxqx
razorpay,rzp_norm_pay_bc0qcmqudmvtnp,merchant,merch_norm_led_lc466aw5tv1d,1.0,AUTO_MATCH,0,,536863,536863,D1D8JXBSJODK8ELQ,,order_iaxj40j02dau,order_iaxj40j02dau
razorpay,rzp_norm_pay_bc6edjwjkxu6jd,bank,bank_norm_banktxn_0p3qm8th1cdgin1k,1.0,AUTO_MATCH,0,,147841,144352,HEGUJN9JLMKSJRPQ,HEGUJN9JLMKSJRPQ,order_9kacpaaakxuq,
razorpay,rzp_norm_pay_bc6edjwjkxu6jd,merchant,merch_norm_led_rokzzcdwsh64,1.0,AUTO_MATCH,0,,147841,147841,HEGUJN9JLMKSJRPQ,,order_9kacpaaakxuq,order_9kacpaaakxuq
razorpay,rzp_norm_pay_bcvbi1jabpc494,bank,bank_norm_banktxn_usajlu9f3yhy7126,1.0,AUTO_MATCH,0,,378134,378134,7028F5H9006YL5C8,7028F5H9006YL5C8,order_rftp6x806oo1,
razorpay,rzp_norm_pay_bcvbi1jabpc494,merchant,merch_norm_led_yi6wq90e1ero,1.0,AUTO_MATCH,0,,378134,378134,7028F5H9006YL5C8,,order_rftp6x806oo1,order_rftp6x806oo1
razorpay,rzp_norm_pay_bendbs7waee7qv,bank,bank_norm_banktxn_pxu8v5zmm4et3dms,1.0,AUTO_MATCH,0,,83601,83601,I8FEM96KP39DAJVJ,I8FEM96KP39DAJVJ,order_7q8qz4tljz5i,
razorpay,rzp_norm_pay_bendbs7waee7qv,merchant,merch_norm_led_ty1zvwi6twqu,1.0,AUTO_MATCH,0,,83601,83601,I8FEM96KP39DAJVJ,,order_7q8qz4tljz5i,order_7q8qz4tljz5i
razorpay,rzp_norm_pay_bi4r65mh2obvw1,merchant,merch_norm_led_9ckvevgb6j90,1.0,AUTO_MATCH,0,,53660,53660,8Z9ADF5BLOVV8M0D,,order_wy3pwc5797tl,order_wy3pwc5797tl
razorpay,rzp_norm_pay_bijxk11t9xwlbt,bank,bank_norm_banktxn_ghhdkobglxv05b0i,1.0,AUTO_MATCH,0,,154459,150814,PP80Z2X81F7T3BQC,PP80Z2X81F7T3BQC,order_h54qy0r7o7au,
razorpay,rzp_norm_pay_bijxk11t9xwlbt,merchant,merch_norm_led_9jandq159etn,1.0,AUTO_MATCH,0,,154459,154459,PP80Z2X81F7T3BQC,,order_h54qy0r7o7au,order_h54qy0r7o7au
razorpay,rzp_norm_pay_biwe7pyqdqgu1g,bank,bank_norm_banktxn_u3oleh42g3o965ys,1.0,AUTO_MATCH,0,,149333,146161,E01HYEVEPE5MB97A,E01HYEVEPE5MB97A,order_okoyowu1dozz,
razorpay,rzp_norm_pay_biwe7pyqdqgu1g,merchant,merch_norm_led_a8wahu7xc15y,1.0,AUTO_MATCH,0,,149333,149333,E01HYEVEPE5MB97A,,order_okoyowu1dozz,order_okoyowu1dozz
razorpay,rzp_norm_pay_bj1zxr2r8kefq2,bank,bank_norm_banktxn_29prgbufyrprhz45,1.0,AUTO_MATCH,0,,11631,11631,78BXXSJ4LG9MGCJL,78BXXSJ4LG9MGCJL,order_60f46h31w7as,
razorpay,rzp_norm_pay_bj1zxr2r8kefq2,merchant,merch_norm_led_2l4a8t9hc1rv,1.0,AUTO_MATCH,0,,11631,11631,78BXXSJ4LG9MGCJL,,order_60f46h31w7as,order_60f46h31w7as
razorpay,rzp_norm_pay_bk7v6bb9vogfez,bank,bank_norm_banktxn_xvwl0ht1a0nowm4k,1.0,AUTO_MATCH,0,,247112,241863,KGOCC0YCCIIJS1JW,KGOCC0YCCIIJS1JW,order_tba1ni997obo,
razorpay,rzp_norm_pay_bph6ckugxmph8n,merchant,merch_norm_led_nnuyuij768wj,1.0,AUTO_MATCH,0,,2114850,2114850,BMQMOEDVCGCJYZ43,,order_9vld5sv40nes,order_9vld5sv40nes
razorpay,rzp_norm_pay_bq82e3on4rkv5a,merchant,merch_norm_led_93dr0x7ph6z0,1.0,AUTO_MATCH,0,,143821,143821,C3BKMWV83R9E7ILR,,order_77zr34y578ee,order_77zr34y578ee
razorpay,rzp_norm_pay_bqbzxpmy1vb13z,bank,bank_norm_banktxn_8do9hbiiu208m72p,1.0,AUTO_MATCH,0,,354570,354570,8LMNQW1ZHR006LZ7,8LMNQW1ZHR006LZ7,order_1mt15vidksk9,
razorpay,rzp_norm_pay_bqbzxpmy1vb13z,merchant,merch_norm_led_s8jhr3nuvaiy,1.0,AUTO_MATCH,0,,354570,354570,8LMNQW1ZHR006LZ7,,order_1mt15vidksk9,order_1mt15vidksk9
razorpay,rzp_norm_pay_bqli36plme30ra,merchant,merch_norm_led_ms0hs8qgar49,1.0,AUTO_MATCH,0,,580114,580114,8K4O165BH65NWGYX,,order_b7b9ibsruujp,order_b7b9ibsruujp
razorpay,rzp_norm_pay_bwvz0vc32jre2o,bank,bank_norm_banktxn_fs7mcgatwdbxtd9b,1.0,AUTO_MATCH,0,,133497,130661,GV7QJKGKWGJQMTT7,GV7QJKGKWGJQMTT7,order_qpsrbo2arj42,
razorpay,rzp_norm_pay_bwvz0vc32jre2o,merchant,merch_norm_led_torkgyi8vjir,1.0,AUTO_MATCH,0,,133497,133497,GV7QJKGKWGJQMTT7,,order_qpsrbo2arj42,order_qpsrbo2arj42
razorpay,rzp_norm_pay_bxfgway01a1mfo,merchant,merch_norm_led_5zhgkspo5qbn,1.0,AUTO_MATCH,0,,300323,300323,DC5K8J0H7KTKWH9T,,order_k1impxrq225a,order_k1impxrq225a
razorpay,rzp_norm_pay_by8pqks1btct5g,bank,bank_norm_banktxn_b78c0g0tvvy0vfdu,1.0,AUTO_MATCH,0,,851167,831080,OZO2AL9A9B3QJJSI,OZO2AL9A9B3QJJSI,order_ka757sn5xowa,
razorpay,rzp_norm_pay_by8pqks1btct5g,merchant,merch_norm_led_tqs50fzhzd3b,1.0,AUTO_MATCH,0,,851167,851167,OZO2AL9A9B3QJJSI,,order_ka757sn5xowa,order_ka757sn5xowa
razorpay,rzp_norm_pay_c0nolqbk2oj48d,bank,bank_norm_banktxn_zwighdv87cbrvvqd,1.0,AUTO_MATCH,0,,171967,167909,450T6IBDP1FQW1WL,450T6IBDP1FQW1WL,order_kazxy0zwxo1x,
razorpay,rzp_norm_pay_c0nolqbk2oj48d,merchant,merch_norm_led_ze44w3jewjf2,1.0,AUTO_MATCH,0,,171967,171967,450T6IBDP1FQW1WL,,order_kazxy0zwxo1x,order_kazxy0zwxo1x
razorpay,rzp_norm_pay_c1y3m5xdgchdqf,bank,bank_norm_banktxn_8c8pxfjxu1bl6qaz,1.0,AUTO_MATCH,0,,185723,181778,G6RTO96YVIF1QIVJ,G6RTO96YVIF1QIVJ,order_krx3xvsfiv9i,
razorpay,rzp_norm_pay_c1y3m5xdgchdqf,merchant,merch_norm_led_2zjmgx9o8sud,1.0,AUTO_MATCH,0,,185723,185723,G6RTO96YVIF1QIVJ,,order_krx3xvsfiv9i,order_krx3xvsfiv9i
razorpay,rzp_norm_pay_c32gknuwpylb99,bank,bank_norm_banktxn_rqxu1z7vo975ru69,1.0,AUTO_MATCH,0,,113859,111172,35W0DI90OZTB4V1H,35W0DI90OZTB4V1H,order_831omusj7jh8,
razorpay,rzp_norm_pay_c32gknuwpylb99,merchant,merch_norm_led_f2golwepny06,1.0,AUTO_MATCH,0,,113859,113859,35W0DI90OZTB4V1H,,order_831omusj7jh8,order_831omusj7jh8
razorpay,rzp_norm_pay_c6604c8wgmqusb,bank,bank_norm_banktxn_ccc4lcutlljqla6t,1.0,AUTO_MATCH,0,,262196,256626,9UJLIN0X93FWZ3RM,9UJLIN0X93FWZ3RM,order_f8238jrwmjy9,
razorpay,rzp_norm_pay_c6dqcplvbvptrx,bank,bank_norm_banktxn_0vp7n12645e6ljx0,1.0,AUTO_MATCH,0,,496697,484975,VG4MEZ1ZYJBRV8CC,VG4MEZ1ZYJBRV8CC,order_vuvndnzr4dj5,
razorpay,rzp_norm_pay_c6dqcplvbvptrx,merchant,merch_norm_led_jibcqgva4g05,1.0,AUTO_MATCH,0,,496697,496697,VG4MEZ1ZYJBRV8CC,,order_vuvndnzr4dj5,order_vuvndnzr4dj5
razorpay,rzp_norm_pay_c7hdfq0mvgcb66,bank,bank_norm_banktxn_qx065ldq1oidjnch,1.0,AUTO_MATCH,0,,4108848,4021576,OI4VQK81NJYDP114,OI4VQK81NJYDP114,order_7mhl85u6o34f,
razorpay,rzp_norm_pay_c7hdfq0mvgcb66,merchant,merch_norm_led_vd830q27nclc,1.0,AUTO_MATCH,0,,4108848,4108848,OI4VQK81NJYDP114,,order_7mhl85u6o34f,order_7mhl85u6o34f
razorpay,rzp_norm_pay_c8keffvu1kw6o9,bank,bank_norm_banktxn_cc7i3cxwifor0jgd,1.0,AUTO_MATCH,0,,877156,856455,N3UFE0KMUZ9HKVKY,N3UFE0KMUZ9HKVKY,order_k5xvth4soch9,
razorpay,rzp_norm_pay_c8keffvu1kw6o9,merchant,merch_norm_led_9i11q5nt9soz,1.0,AUTO_MATCH,0,,877156,877156,N3UFE0KMUZ9HKVKY,,order_k5xvth4soch9,order_k5xvth4soch9
razorpay,rzp_norm_pay_caadw94fshllq4,bank,bank_norm_banktxn_dnop51o9t4kd6bdg,1.0,AUTO_MATCH,0,,120509,120509,FVPRR2X678R12C3X,FVPRR2X678R12C3X,order_5g2i8xyq2n1l,
razorpay,rzp_norm_pay_caadw94fshllq4,merchant,merch_norm_led_lm3rwzbr6vvr,1.0,AUTO_MATCH,0,,120509,120509,FVPRR2X678R12C3X,,order_5g2i8xyq2n1l,order_5g2i8xyq2n1l
razorpay,rzp_norm_pay_cbwsg9nqkpzpqy,bank,bank_norm_banktxn_th6ixx7m7ihrq5lg,1.0,AUTO_MATCH,0,,46198,46198,KUN35KHEYLTY6Z3U,KUN35KHEYLTY6Z3U,order_2lz223nzmdy7,
razorpay,rzp_norm_pay_cbwsg9nqkpzpqy,merchant,merch_norm_led_7t520qnq9ppr,1.0,AUTO_MATCH,0,,46198,46198,KUN35KHEYLTY6Z3U,,order_2lz223nzmdy7,order_2lz223nzmdy7
razorpay,rzp_norm_pay_cdcie5u8vire6w,bank,bank_norm_banktxn_q92ni8155xqpwbua,1.0,AUTO_MATCH,0,,158475,158475,K9ODAD52SXLUUWZI,K9ODAD52SXLUUWZI,order_wmfg19p737lx,
razorpay,rzp_norm_pay_cdcie5u8vire6w,merchant,merch_norm_led_pej25wy5issg,1.0,AUTO_MATCH,0,,158475,158475,K9ODAD52SXLUUWZI,,order_wmfg19p737lx,order_wmfg19p737lx
razorpay,rzp_norm_pay_cdx173u27stijp,bank,bank_norm_banktxn_41esm6j6ohzqoxzb,1.0,AUTO_MATCH,0,,126589,123601,ZC68DE7KEHVOB6VI,ZC68DE7KEHVOB6VI,order_1yeizog7vk0t,
razorpay,rzp_norm_pay_cdx173u27stijp,merchant,merch_norm_led_ctc8sxp2axiq,1.0,AUTO_MATCH,0,,126589,126589,ZC68DE7KEHVOB6VI,,order_1yeizog7vk0t,order_1yeizog7vk0t
razorpay,rzp_norm_pay_cfocikby1hecbo,bank,bank_norm_banktxn_1r1y68ms3p19xa9g,1.0,AUTO_MATCH,0,,362824,362824,AWQZ7K6NQTJ1VG6S,AWQZ7K6NQTJ1VG6S,order_ghhnw6pjhq6l,
razorpay,rzp_norm_pay_cfocikby1hecbo,merchant,merch_norm_led_zs4ju3qvmpl2,1.0,AUTO_MATCH,0,,362824,362824,AWQZ7K6NQTJ1VG6S,,order_ghhnw6pjhq6l,order_ghhnw6pjhq6l
razorpay,rzp_norm_pay_ci9kmlo5zc9r95,bank,bank_norm_banktxn_u49pcdj2bdvx6f9q,1.0,AUTO_MATCH,0,,379581,379581,9UL0NPYW3WHXB0SA,9UL0NPYW3WHXB0SA,order_dyg7nm40mh8n,
razorpay,rzp_norm_pay_ci9kmlo5zc9r95,merchant,merch_norm_led_uasff9q8ssrs,1.0,AUTO_MATCH,0,,379581,379581,9UL0NPYW3WHXB0SA,,order_dyg7nm40mh8n,order_dyg7nm40mh8n
razorpay,rzp_norm_pay_cin7sea88e5stw,bank,bank_norm_banktxn_4lvm29ta3hw2cons,1.0,AUTO_MATCH,0,,64993,63076,U5TJD48JDJKDMFW4,U5TJD48JDJKDMFW4,order_rl0fhsn3kkuv,
razorpay,rzp_norm_pay_cin7sea88e5stw,merchant,merch_norm_led_mqbgcc6qyot0,1.0,AUTO_MATCH,0,,64993,64993,U5TJD48JDJKDMFW4,,order_rl0fhsn3kkuv,order_rl0fhsn3kkuv
razorpay,rzp_norm_pay_cjd1rqrcj7qo3n,bank,bank_norm_banktxn_cz12svzx6pzs0qor,1.0,AUTO_MATCH,0,,883489,862638,EC5D4942Z772DYVU,EC5D4942Z772DYVU,order_kvsc2gmlicqb,
razorpay,rzp_norm_pay_cjd1rqrcj7qo3n,merchant,merch_norm_led_wwjcc5rk2yde,1.0,AUTO_MATCH,0,,883489,883489,EC5D4942Z772DYVU,,order_kvsc2gmlicqb,order_kvsc2gmlicqb
razorpay,rzp_norm_pay_cllu0zr5d4gnzj,merchant,merch_norm_led_ho395vsi4tgc,1.0,AUTO_MATCH,0,,555965,555965,3DIBCQA82FCJTIBG,,order_cgkpoe54eyzn,order_cgkpoe54eyzn
razorpay,rzp_norm_pay_clluu28u9tyltq,bank,bank_norm_banktxn_fnsjdxjb7n2c5sw1,1.0,AUTO_MATCH,0,,102426,102426,H1LOYAOB7JK2HQ5V,H1LOYAOB7JK2HQ5V,order_3xjkzy1dlm49,
razorpay,rzp_norm_pay_clluu28u9tyltq,merchant,merch_norm_led_uw9cluxjk96x,1.0,AUTO_MATCH,0,,102426,102426,H1LOYAOB7JK2HQ5V,,order_3xjkzy1dlm49,order_3xjkzy1dlm49
razorpay,rzp_norm_pay_cpaod5ejgr1tw4,merchant,merch_norm_led_dytxwhc40si5,1.0,AUTO_MATCH,0,,815290,815290,74JBE55NJUS0GYWE,,order_wal86fyla8ad,order_wal86fyla8ad
razorpay,rzp_norm_pay_cqhhv3aoc9vpvr,bank,bank_norm_banktxn_0zhxpkegl1fsmhz2,1.0,AUTO_MATCH,0,,1118510,1092113,MMFHSGK28G1NFSVA,MMFHSGK28G1NFSVA,order_mpglxsooggs5,
razorpay,rzp_norm_pay_cqhhv3aoc9vpvr,merchant,merch_norm_led_ux0neydcynpc,1.0,AUTO_MATCH,0,,1118510,1118510,MMFHSGK28G1NFSVA,,order_mpglxsooggs5,order_mpglxsooggs5
razorpay,rzp_norm_pay_cspu9z2cqs7gpn,bank,bank_norm_banktxn_yuvsilh7wyeow0yx,1.0,AUTO_MATCH,0,,125885,122914,2YEJ3R9O9NEPJJ4H,2YEJ3R9O9NEPJJ4H,order_25bclux9bcht,
razorpay,rzp_norm_pay_cspu9z2cqs7gpn,merchant,merch_norm_led_x3ca1soiix4u,1.0,AUTO_MATCH,0,,125885,125885,2YEJ3R9O9NEPJJ4H,,order_25bclux9bcht,order_25bclux9bcht
razorpay,rzp_norm_pay_cwj00x743m95ag,bank,bank_norm_banktxn_52ustcnffqg5hj5a,1.0,AUTO_MATCH,0,,54287,54287,MCFXCTED72SJSP1C,MCFXCTED72SJSP1C,order_1urquxo6yooi,
razorpay,rzp_norm_pay_cwj00x743m95ag,merchant,merch_norm_led_unuyz0bt83cl,1.0,AUTO_MATCH,0,,54287,54287,MCFXCTED72SJSP1C,,order_1urquxo6yooi,order_1urquxo6yooi
razorpay,rzp_norm_pay_cwmpgq4ishkvd6,merchant,merch_norm_led_ra8cxjvjbalp,1.0,AUTO_MATCH,0,,32018,32018,0ID9QRID88EGO686,,order_xdvyh4gwr2kk,order_xdvyh4gwr2kk
razorpay,rzp_norm_pay_cxim8pqihf7qgv,merchant,merch_norm_led_cfvvhr3g0rta,1.0,AUTO_MATCH,0,,1120426,1120426,F24P8DH70D70Q6LD,,order_07pcg8b7f82e,order_07pcg8b7f82e
razorpay,rzp_norm_pay_cy14ds2b1z5j04,merchant,merch_norm_led_6de81psc39i0,1.0,AUTO_MATCH,0,,68427,68427,2IN3Z0RDMEFDN17P,,order_hoo5fp2tv9va,order_hoo5fp2tv9va
razorpay,rzp_norm_pay_d35okxcucvbui3,bank,bank_norm_banktxn_x0gia434vm3r5s05,1.0,AUTO_MATCH,0,,18174,17788,4CBKEAPIQWIDRGMF,4CBKEAPIQWIDRGMF,order_sbw05bcg9yc7,
razorpay,rzp_norm_pay_d35okxcucvbui3,merchant,merch_norm_led_kn4gksmunvjv,1.0,AUTO_MATCH,0,,18174,18174,4CBKEAPIQWIDRGMF,,order_sbw05bcg9yc7,order_sbw05bcg9yc7
razorpay,rzp_norm_pay_d3tz1fdgpzpa3u,bank,bank_norm_banktxn_5gq8twlpqa4upatb,1.0,AUTO_MATCH,0,,85619,83801,0SFWJYKL0N2PW7M6,0SFWJYKL0N2PW7M6,order_ld75czax5wdk,
razorpay,rzp_norm_pay_d3tz1fdgpzpa3u,merchant,merch_norm_led_jew7jhnqm5hs,1.0,AUTO_MATCH,0,,85619,85619,0SFWJYKL0N2PW7M6,,order_ld75czax5wdk,order_ld75czax5wdk
razorpay,rzp_norm_pay_d41c6gmohku89t,bank,bank_norm_banktxn_1earsme4z2mvpf52,1.0,AUTO_MATCH,0,,823661,823661,XS0EF6EPI5BPJ40O,XS0EF6EPI5BPJ40O,order_kuh3th1edsgg,
razorpay,rzp_norm_pay_d41c6gmohku89t,merchant,merch_norm_led_51ypliq6akep,1.0,AUTO_MATCH,0,,823661,823661,XS0EF6EPI5BPJ40O,,order_kuh3th1edsgg,order_kuh3th1edsgg
razorpay,rzp_norm_pay_d5wr0rae7hfxui,bank,bank_norm_banktxn_z5e6h90evnpj4jf4,1.0,AUTO_MATCH,0,,132200,132200,F02VOEBK8TFSOVGZ,F02VOEBK8TFSOVGZ,order_jevf0memq8vq,
razorpay,rzp_norm_pay_d5wr0rae7hfxui,merchant,merch_norm_led_j16fxzuzjanf,1.0,AUTO_MATCH,0,,132200,132200,F02VOEBK8TFSOVGZ,,order_jevf0memq8vq,order_jevf0memq8vq
razorpay,rzp_norm_pay_d5yoo2jvjsfdz5,bank,bank_norm_banktxn_vuj6d5dn4wc09mwn,1.0,AUTO_MATCH,0,,280410,273793,KGI61AEWUEM5YQQJ,KGI61AEWUEM5YQQJ,order_gtwlagtjj80c,
razorpay,rzp_norm_pay_d5yoo2jvjsfdz5,merchant,merch_norm_led_chqky5mdxyna,1.0,AUTO_MATCH,0,,280410,280410,KGI61AEWUEM5YQQJ,,order_gtwlagtjj80c,order_gtwlagtjj80c
razorpay,rzp_norm_pay_d7tau6lgycqby5,bank,bank_norm_banktxn_vdzb68lkwyvuh2m3,1.0,AUTO_MATCH,0,,568522,556447,JQWSKSJIRKJGY97W,JQWSKSJIRKJGY97W,order_ci7el1ccip0u,
razorpay,rzp_norm_pay_d7tau6lgycqby5,merchant,merch_norm_led_d4l4djon3yqk,1.0,AUTO_MATCH,0,,568522,568522,JQWSKSJIRKJGY97W,,order_ci7el1ccip0u,order_ci7el1ccip0u
razorpay,rzp_norm_pay_d8mif51ujat1tt,bank,bank_norm_banktxn_nbz4zd8lfy7udekm,1.0,AUTO_MATCH,0,,158936,155560,RHYD5L3WN37ONT2N,RHYD5L3WN37ONT2N,order_8pbnt04olx2i,
razorpay,rzp_norm_pay_d8mif51ujat1tt,merchant,merch_norm_led_hwrh34nmsvwx,1.0,AUTO_MATCH,0,,158936,158936,RHYD5L3WN37ONT2N,,order_8pbnt04olx2i,order_8pbnt04olx2i
razorpay,rzp_norm_pay_d9u56wez6yu86q,bank,bank_norm_banktxn_w6prl5vvc4d5tif7,1.0,AUTO_MATCH,0,,186573,182170,2XRSK88Q8J5L8XEA,2XRSK88Q8J5L8XEA,order_l06x4tntq06w,
razorpay,rzp_norm_pay_d9u56wez6yu86q,merchant,merch_norm_led_fk8vrbmlfvrn,1.0,AUTO_MATCH,0,,186573,186573,2XRSK88Q8J5L8XEA,,order_l06x4tntq06w,order_l06x4tntq06w
razorpay,rzp_norm_pay_daov165psw77rt,merchant,merch_norm_led_kaziqvs3evwg,1.0,AUTO_MATCH,0,,163122,163122,ARSE1AA2J5ULD1I0,,order_yq80bk6lcwpg,order_yq80bk6lcwpg
razorpay,rzp_norm_pay_dcvzx6jvj9m1tj,bank,bank_norm_banktxn_o4hbguh5m5re9krq,1.0,AUTO_MATCH,0,,328690,320933,SLL02KCKUO3EPSDD,SLL02KCKUO3EPSDD,order_ex82cm33swrs,
razorpay,rzp_norm_pay_dcvzx6jvj9m1tj,merchant,merch_norm_led_4hwagfqjyl4s,1.0,AUTO_MATCH,0,,328690,328690,SLL02KCKUO3EPSDD,,order_ex82cm33swrs,order_ex82cm33swrs
razorpay,rzp_norm_pay_dgbs3etvcew01g,merchant,merch_norm_led_g6lq4tc5bhe9,1.0,AUTO_MATCH,0,,180631,180631,902ZONYOBCEGZVX4,,order_5gcaqjj70g8d,order_5gcaqjj70g8d
razorpay,rzp_norm_pay_dgh8487jrn0b9c,bank,bank_norm_banktxn_s93hk4pvps0pcqe8,1.0,AUTO_MATCH,0,,306925,300406,XI3T1DEX85ISZ9FC,XI3T1DEX85ISZ9FC,order_ivtz0imvt8n7,
razorpay,rzp_norm_pay_dgh8487jrn0b9c,merchant,merch_norm_led_xrc0748913xi,1.0,AUTO_MATCH,0,,306925,306925,XI3T1DEX85ISZ9FC,,order_ivtz0imvt8n7,order_ivtz0imvt8n7
razorpay,rzp_norm_pay_dhqtmj4y9fryw6,bank,bank_norm_banktxn_fb2zc4ox7qeq0fy5,1.0,AUTO_MATCH,0,,136751,133524,FHO36YJA906FYZAN,FHO36YJA906FYZAN,order_24fz8sb43k6f,
razorpay,rzp_norm_pay_dhqtmj4y9fryw6,merchant,merch_norm_led_ufo0twjvrub2,1.0,AUTO_MATCH,0,,136751,136751,FHO36YJA906FYZAN,,order_24fz8sb43k6f,order_24fz8sb43k6f
razorpay,rzp_norm_pay_dk4kfgvic8v0x6,bank,bank_norm_banktxn_ym7pp51vpgjh3hei,1.0,AUTO_MATCH,0,,221663,216432,0F90W9FG6P01TMVX,0F90W9FG6P01TMVX,order_a3ty21dvy507,
razorpay,rzp_norm_pay_dk4kfgvic8v0x6,merchant,merch_norm_led_p4r98ats8r61,1.0,AUTO_MATCH,0,,221663,221663,0F90W9FG6P01TMVX,,order_a3ty21dvy507,order_a3ty21dvy507
razorpay,rzp_norm_pay_doc053323xf4zs,merchant,merch_norm_led_e452mzdf0rvc,1.0,AUTO_MATCH,0,,299108,299108,LYB3E3GESQR5FQPA,,order_x70jy2bxelh4,order_x70jy2bxelh4
razorpay,rzp_norm_pay_dp6v1q4v4dqoks,bank,bank_norm_banktxn_k8e58hhuc5mzitvr,1.0,AUTO_MATCH,0,,66575,66575,AXG7C1Y1XW9DN7D1,AXG7C1Y1XW9DN7D1,order_abj0b27lmuy0,
razorpay,rzp_norm_pay_dp6v1q4v4dqoks,merchant,merch_norm_led_wpcgbchp6jad,1.0,AUTO_MATCH,0,,66575,66575,AXG7C1Y1XW9DN7D1,,order_abj0b27lmuy0,order_abj0b27lmuy0
razorpay,rzp_norm_pay_dr2p90dvq382v2,bank,bank_norm_banktxn_h4o5n2bzsz9qb8kl,1.0,AUTO_MATCH,0,,71240,71240,R1S0HOR12LLF4HCH,R1S0HOR12LLF4HCH,order_sfufpqy2f5rs,
razorpay,rzp_norm_pay_dr2p90dvq382v2,merchant,merch_norm_led_lsj6gm2x2ro1,1.0,AUTO_MATCH,0,,71240,71240,R1S0HOR12LLF4HCH,,order_sfufpqy2f5rs,order_sfufpqy2f5rs
razorpay,rzp_norm_pay_dv2p9t9el8phdo,bank,bank_norm_banktxn_wfwmp27rrwlzqtsx,1.0,AUTO_MATCH,0,,82542,82542,WHVNJWV23RGQ7HOH,WHVNJWV23RGQ7HOH,order_57fxyu3ku6ra,
razorpay,rzp_norm_pay_dv2p9t9el8phdo,merchant,merch_norm_led_le8jsldd2ep4,1.0,AUTO_MATCH,0,,82542,82542,WHVNJWV23RGQ7HOH,,order_57fxyu3ku6ra,order_57fxyu3ku6ra
razorpay,rzp_norm_pay_dvrxlk1vwosdn9,bank,bank_norm_banktxn_r5rgmehnguaaexxc,1.0,AUTO_MATCH,0,,402342,402342,EOU1F4S1OMNO1VRS,EOU1F4S1OMNO1VRS,order_4oapddkmphfi,
razorpay,rzp_norm_pay_dvrxlk1vwosdn9,merchant,merch_norm_led_2on3e5a5z3g5,1.0,AUTO_MATCH,0,,402342,402342,EOU1F4S1OMNO1VRS,,order_4oapddkmphfi,order_4oapddkmphfi
razorpay,rzp_norm_pay_dw9na6ieudla3x,bank,bank_norm_banktxn_pv5wt37lezth1mh4,1.0,AUTO_MATCH,0,,85271,85271,XSC80T4Y56PGG7Z9,XSC80T4Y56PGG7Z9,order_e55pwqsggsxr,
razorpay,rzp_norm_pay_dw9na6ieudla3x,merchant,merch_norm_led_4jyk77uiao5j,1.0,AUTO_MATCH,0,,85271,85271,XSC80T4Y56PGG7Z9,,order_e55pwqsggsxr,order_e55pwqsggsxr
razorpay,rzp_norm_pay_dzowa8ptbflq64,merchant,merch_norm_led_rpng2pn139cn,1.0,AUTO_MATCH,0,,410779,410779,9FMLD4YGIJO2JWXC,,order_icq6ivko8szy,order_icq6ivko8szy
razorpay,rzp_norm_pay_e10hr3ekq0yv2o,bank,bank_norm_banktxn_3k37ykvljudyw0yi,1.0,AUTO_MATCH,0,,107877,107877,3GU08VX1ATRGN7C0,3GU08VX1ATRGN7C0,order_hfun0iit3kzf,
razorpay,rzp_norm_pay_e10hr3ekq0yv2o,merchant,merch_norm_led_bvj1oawawk0s,1.0,AUTO_MATCH,0,,107877,107877,3GU08VX1ATRGN7C0,,order_hfun0iit3kzf,order_hfun0iit3kzf
razorpay,rzp_norm_pay_e19cqg7rfrwck4,merchant,merch_norm_led_e2rg1x1kzvu5,1.0,AUTO_MATCH,0,,95088,95088,8Y9PT6BOFTGKABKB,,order_qtrh0f9e4ebl,order_qtrh0f9e4ebl
razorpay,rzp_norm_pay_e1mi3prn6hw9oz,bank,bank_norm_banktxn_6l86arfq0v2ucnn6,1.0,AUTO_MATCH,0,,291424,285234,45UU7NMCRVF7UIA4,45UU7NMCRVF7UIA4,order_bt9lqff2399h,
razorpay,rzp_norm_pay_e1mi3prn6hw9oz,merchant,merch_norm_led_e51fyryxrcli,1.0,AUTO_MATCH,0,,291424,291424,45UU7NMCRVF7UIA4,,order_bt9lqff2399h,order_bt9lqff2399h
razorpay,rzp_norm_pay_e2muqr82xj0sxh,bank,bank_norm_banktxn_bb3ta8quh2r16kg6,1.0,AUTO_MATCH,0,,332087,332087,VWKRL8KLJ9GLZRPT,VWKRL8KLJ9GLZRPT,order_pg07lssiqo87,
razorpay,rzp_norm_pay_e2muqr82xj0sxh,merchant,merch_norm_led_exasezqyxdf8,1.0,AUTO_MATCH,0,,332087,332087,VWKRL8KLJ9GLZRPT,,order_pg07lssiqo87,order_pg07lssiqo87
razorpay,rzp_norm_pay_e3hqysk0pcl51e,bank,bank_norm_banktxn_7532ok483s3jr463,1.0,AUTO_MATCH,0,,362407,362407,1LGF6UFL3LXF4S6S,1LGF6UFL3LXF4S6S,order_r4fcalj461ur,
razorpay,rzp_norm_pay_e3hqysk0pcl51e,merchant,merch_norm_led_z3iop6qe0tot,1.0,AUTO_MATCH,0,,362407,362407,1LGF6UFL3LXF4S6S,,order_r4fcalj461ur,order_r4fcalj461ur
razorpay,rzp_norm_pay_e3lual5veefmx7,bank,bank_norm_banktxn_8h0torildo987fl2,1.0,AUTO_MATCH,0,,390978,381750,NIPB55OS03QA2W86,NIPB55OS03QA2W86,order_eqwaa35l9vqz,
razorpay,rzp_norm_pay_e3lual5veefmx7,merchant,merch_norm_led_66fhgoyk185x,1.0,AUTO_MATCH,0,,390978,390978,NIPB55OS03QA2W86,,order_eqwaa35l9vqz,order_eqwaa35l9vqz
razorpay,rzp_norm_pay_e893g5hhvhd8x7,bank,bank_norm_banktxn_ql3qgpc03mesttmp,1.0,AUTO_MATCH,0,,237748,237748,9E88SVM86FNC28W5,9E88SVM86FNC28W5,order_4qnc08082d3h,
razorpay,rzp_norm_pay_e893g5hhvhd8x7,merchant,merch_norm_led_6ye841a5q4uj,1.0,AUTO_MATCH,0,,237748,237748,9E88SVM86FNC28W5,,order_4qnc08082d3h,order_4qnc08082d3h
razorpay,rzp_norm_pay_e8yfq8gilk75qq,bank,bank_norm_banktxn_zfi7ll624msqsriu,1.0,AUTO_MATCH,0,,46066,44979,U682R1A48WXORM8P,U682R1A48WXORM8P,order_w9vcbt0a7qgz,
razorpay,rzp_norm_pay_e8yfq8gilk75qq,merchant,merch_norm_led_8bw590ntoksb,1.0,AUTO_MATCH,0,,46066,46066,U682R1A48WXORM8P,,order_w9vcbt0a7qgz,order_w9vcbt0a7qgz
razorpay,rzp_norm_pay_e9oo52dz977xqb,bank,bank_norm_banktxn_l8vg97p6mvmj70gk,1.0,AUTO_MATCH,0,,213976,208926,BQIVV1U1DILOB4MM,BQIVV1U1DILOB4MM,order_0k28nk4f3pbj,
razorpay,rzp_norm_pay_e9oo52dz977xqb,merchant,merch_norm_led_g3rkjvx99j3w,1.0,AUTO_MATCH,0,,213976,213976,BQIVV1U1DILOB4MM,,order_0k28nk4f3pbj,order_0k28nk4f3pbj
razorpay,rzp_norm_pay_eaiqu49tlads61,bank,bank_norm_banktxn_ai43drvkx0oe9xh2,1.0,AUTO_MATCH,0,,530585,519315,NDB2FO4E14IJQH6U,NDB2FO4E14IJQH6U,order_09nock4zvms3,
razorpay,rzp_norm_pay_eaiqu49tlads61,merchant,merch_norm_led_45t4c2fv1t6x,1.0,AUTO_MATCH,0,,530585,530585,NDB2FO4E14IJQH6U,,order_09nock4zvms3,order_09nock4zvms3
razorpay,rzp_norm_pay_eako7vqbhxhqvo,bank,bank_norm_banktxn_uaq4vcrb9ikyustc,1.0,AUTO_MATCH,0,,1059316,1059316,C0T23PFFO38VC7LR,C0T23PFFO38VC7LR,order_i3yttndo4h0z,
razorpay,rzp_norm_pay_eako7vqbhxhqvo,merchant,merch_norm_led_ybjcw94hraaa,1.0,AUTO_MATCH,0,,1059316,1059316,C0T23PFFO38VC7LR,,order_i3yttndo4h0z,order_i3yttndo4h0z
razorpay,rzp_norm_pay_eb47uahmo3m4wb,bank,bank_norm_banktxn_nnbku1vbua0gry44,1.0,AUTO_MATCH,0,,580073,566384,CLEXJSC9G93MT3ER,CLEXJSC9G93MT3ER,order_3x2zq7sw0xv7,
razorpay,rzp_norm_pay_eb47uahmo3m4wb,merchant,merch_norm_led_s95eu3br4ov5,1.0,AUTO_MATCH,0,,580073,580073,CLEXJSC9G93MT3ER,,order_3x2zq7sw0xv7,order_3x2zq7sw0xv7
razorpay,rzp_norm_pay_eb9pm9sxamiof1,merchant,merch_norm_led_1m5c2qqsb48y,1.0,AUTO_MATCH,0,,29613,29613,ZSAHKZ5ZT2WWJ0VL,,order_lj5mrv74tskd,order_lj5mrv74tskd
razorpay,rzp_norm_pay_ece3h1d2lz5w7n,bank,bank_norm_banktxn_l3a80y1ncyjv9sn4,1.0,AUTO_MATCH,0,,335422,328297,4GFSCFD4BDXOMLPZ,4GFSCFD4BDXOMLPZ,order_wmfl0r89ny2h,
razorpay,rzp_norm_pay_ece3h1d2lz5w7n,merchant,merch_norm_led_dbhpk4ycn6gr,1.0,AUTO_MATCH,0,,335422,335422,4GFSCFD4BDXOMLPZ,,order_wmfl0r89ny2h,order_wmfl0r89ny2h
razorpay,rzp_norm_pay_ed31bvof8tbadv,merchant,merch_norm_led_tg0k5gf7oi54,1.0,AUTO_MATCH,0,,291725,291725,TEMDK9AQNGD3MDTC,,order_erk3gd9o2l3g,order_erk3gd9o2l3g
razorpay,rzp_norm_pay_ed4vdqwqha7k45,bank,bank_norm_banktxn_d15g8cl8vhfi2t4p,1.0,AUTO_MATCH,0,,1217042,1191192,MCZDVRTEAQJARQSS,MCZDVRTEAQJARQSS,order_8p4048x9uvko,
razorpay,rzp_norm_pay_ed4vdqwqha7k45,merchant,merch_norm_led_9vprguxjxr1k,1.0,AUTO_MATCH,0,,1217042,1217042,MCZDVRTEAQJARQSS,,order_8p4048x9uvko,order_8p4048x9uvko
razorpay,rzp_norm_pay_edu5synox6tosn,bank,bank_norm_banktxn_mim9lcnt1von0gpb,1.0,AUTO_MATCH,0,,60712,59422,OZCF4VDOIV1XGJ2O,OZCF4VDOIV1XGJ2O,order_2m6vff143mn5,
razorpay,rzp_norm_pay_edu5synox6tosn,merchant,merch_norm_led_0uykr9bs7aq1,1.0,AUTO_MATCH,0,,60712,60712,OZCF4VDOIV1XGJ2O,,order_2m6vff143mn5,order_2m6vff143mn5
razorpay,rzp_norm_pay_eepzo2f4q2xxwy,merchant,merch_norm_led_6qsrpfh80yej,1.0,AUTO_MATCH,0,,420006,420006,DB2API32CFDRFV2B,,order_m152nnzc556n,order_m152nnzc556n
razorpay,rzp_norm_pay_ehnv4q7nrdfo1q,bank,bank_norm_banktxn_h82p9wlx0h8izl64,1.0,AUTO_MATCH,0,,163885,160017,VARWISE2Y5Q2CL1D,VARWISE2Y5Q2CL1D,order_515fad4bc1ep,
razorpay,rzp_norm_pay_ehnv4q7nrdfo1q,merchant,merch_norm_led_rxzea44jfovz,1.0,AUTO_MATCH,0,,163885,163885,VARWISE2Y5Q2CL1D,,order_515fad4bc1ep,order_515fad4bc1ep
razorpay,rzp_norm_pay_eiyja9qrc5njd1,bank,bank_norm_banktxn_8kdjwkbsdgqmstkz,1.0,AUTO_MATCH,0,,566587,554552,V5DPJQCL5JKABW8D,V5DPJQCL5JKABW8D,order_1dj7f4molcor,
razorpay,rzp_norm_pay_eiyja9qrc5njd1,merchant,merch_norm_led_femb7v0oi0ri,1.0,AUTO_MATCH,0,,566587,566587,V5DPJQCL5JKABW8D,,order_1dj7f4molcor,order_1dj7f4molcor
razorpay,rzp_norm_pay_ej5alfxfg51rnt,bank,bank_norm_banktxn_xb30dh2flwbu7vc8,1.0,AUTO_MATCH,0,,58140,56768,EDOSVTGJ62ZGCU77,EDOSVTGJ62ZGCU77,order_8sqonqa2qv3f,
razorpay,rzp_norm_pay_ej5alfxfg51rnt,merchant,merch_norm_led_3d50rppirn6w,1.0,AUTO_MATCH,0,,58140,58140,EDOSVTGJ62ZGCU77,,order_8sqonqa2qv3f,order_8sqonqa2qv3f
razorpay,rzp_norm_pay_el3qpnor3n1m1w,bank,bank_norm_banktxn_rhv4jbgea56438rq,1.0,AUTO_MATCH,0,,140697,137376,VHET92CK95O1718T,VHET92CK95O1718T,order_nntrlvyduf6j,
razorpay,rzp_norm_pay_el3qpnor3n1m1w,merchant,merch_norm_led_8fvscz6ef0yf,1.0,AUTO_MATCH,0,,140697,140697,VHET92CK95O1718T,,order_nntrlvyduf6j,order_nntrlvyduf6j
razorpay,rzp_norm_pay_elej026w4psuwi,bank,bank_norm_banktxn_ytwwgyorxw93jku8,1.0,AUTO_MATCH,0,,395376,386045,3YDYN4UDSZ60KF79,3YDYN4UDSZ60KF79,order_w4rmbhggnggr,
razorpay,rzp_norm_pay_elej026w4psuwi,merchant,merch_norm_led_u6hs8goe25yo,1.0,AUTO_MATCH,0,,395376,395376,3YDYN4UDSZ60KF79,,order_w4rmbhggnggr,order_w4rmbhggnggr
razorpay,rzp_norm_pay_elm5u8thzitbt2,bank,bank_norm_banktxn_31s461riw39c9mwp,1.0,AUTO_MATCH,0,,101001,98022,WIIV0RVJ04AO19WT,WIIV0RVJ04AO19WT,order_mgho6sekep3q,
razorpay,rzp_norm_pay_elm5u8thzitbt2,merchant,merch_norm_led_w13yy6ixjyjo,1.0,AUTO_MATCH,0,,101001,101001,WIIV0RVJ04AO19WT,,order_mgho6sekep3q,order_mgho6sekep3q
razorpay,rzp_norm_pay_elzec8rn207bx4,bank,bank_norm_banktxn_ju8qvbdj2ryysv9u,1.0,AUTO_MATCH,0,,1555733,1555733,T4CIQZ2O1OMP497V,T4CIQZ2O1OMP497V,order_wjyeojl3f33o,
razorpay,rzp_norm_pay_elzec8rn207bx4,merchant,merch_norm_led_lczqozv3sdj8,1.0,AUTO_MATCH,0,,1555733,1555733,T4CIQZ2O1OMP497V,,order_wjyeojl3f33o,order_wjyeojl3f33o
razorpay,rzp_norm_pay_em97ubch0l5nky,bank,bank_norm_banktxn_udeporjz7he5dsg1,1.0,AUTO_MATCH,0,,975386,954669,4LJ977XWLG79OKL7,4LJ977XWLG79OKL7,order_yrqf7heyt3o7,
razorpay,rzp_norm_pay_em97ubch0l5nky,merchant,merch_norm_led_05y3760qfzab,1.0,AUTO_MATCH,0,,975386,975386,4LJ977XWLG79OKL7,,order_yrqf7heyt3o7,order_yrqf7heyt3o7
razorpay,rzp_norm_pay_ep5sibdz3yr55x,bank,bank_norm_banktxn_8vu3fze4erg1frks,1.0,AUTO_MATCH,0,,827251,807728,01G72BCEOAZOI54P,01G72BCEOAZOI54P,order_3y6ujkl8skcv,
razorpay,rzp_norm_pay_ep5sibdz3yr55x,merchant,merch_norm_led_4rxxv9e41425,1.0,AUTO_MATCH,0,,827251,827251,01G72BCEOAZOI54P,,order_3y6ujkl8skcv,order_3y6ujkl8skcv
razorpay,rzp_norm_pay_eqcp914q0hi7ua,bank,bank_norm_banktxn_aqkomoh6rkpoqt6l,1.0,AUTO_MATCH,0,,132310,132310,86YNZDMWG3JU2NT5,86YNZDMWG3JU2NT5,order_c414s3orxofs,
razorpay,rzp_norm_pay_eqcp914q0hi7ua,merchant,merch_norm_led_t75782v16x1l,1.0,AUTO_MATCH,0,,132310,132310,86YNZDMWG3JU2NT5,,order_c414s3orxofs,order_c414s3orxofs
razorpay,rzp_norm_pay_erc99x1asw04dj,bank,bank_norm_banktxn_sk0le0zcdo26irv7,1.0,AUTO_MATCH,0,,144908,144908,RNDSOT1FBUJ5JEYF,RNDSOT1FBUJ5JEYF,order_v92rvfyroum4,
razorpay,rzp_norm_pay_erc99x1asw04dj,merchant,merch_norm_led_m45yzxzbv3fa,1.0,AUTO_MATCH,0,,144908,144908,RNDSOT1FBUJ5JEYF,,order_v92rvfyroum4,order_v92rvfyroum4
razorpay,rzp_norm_pay_es6xn7uqoy1oin,merchant,merch_norm_led_qmn518l0prrx,1.0,AUTO_MATCH,0,,20810,20810,I1KD9SCRXXNDG8XZ,,order_mjj96nvyetar,order_mjj96nvyetar
razorpay,rzp_norm_pay_esa1cseigweonq,bank,bank_norm_banktxn_zyvf3mxwry73ald6,1.0,AUTO_MATCH,0,,637305,637305,VU2KGPSCF4PG0LHR,VU2KGPSCF4PG0LHR,order_u0t60mpkvicq,
razorpay,rzp_norm_pay_esa1cseigweonq,merchant,merch_norm_led_8brq8khvw32k,1.0,AUTO_MATCH,0,,637305,637305,VU2KGPSCF4PG0LHR,,order_u0t60mpkvicq,order_u0t60mpkvicq
razorpay,rzp_norm_pay_esfp0r34hyyq1w,bank,bank_norm_banktxn_qardan6ijyz44970,1.0,AUTO_MATCH,0,,412456,403696,BYC0R5LFU168GAIG,BYC0R5LFU168GAIG,order_j3vdyzi7fozl,
razorpay,rzp_norm_pay_esfp0r34hyyq1w,merchant,merch_norm_led_f4hb7sl7wytw,1.0,AUTO_MATCH,0,,412456,412456,BYC0R5LFU168GAIG,,order_j3vdyzi7fozl,order_j3vdyzi7fozl
razorpay,rzp_norm_pay_eu3d6vkjex1bsi,bank,bank_norm_banktxn_sod9u4dldzpuq8m8,1.0,AUTO_MATCH,0,,41806,40820,PXP9SBZXJ2SQRG80,PXP9SBZXJ2SQRG80,order_4jwktbo3ablg,
razorpay,rzp_norm_pay_eu3d6vkjex1bsi,merchant,merch_norm_led_dxrwu3q1gxxp,1.0,AUTO_MATCH,0,,41806,41806,PXP9SBZXJ2SQRG80,,order_4jwktbo3ablg,order_4jwktbo3ablg
razorpay,rzp_norm_pay_eux3772it0whhg,bank,bank_norm_banktxn_b000ywyxuqj6jfts,1.0,AUTO_MATCH,0,,1113014,1113014,50HN8PMX84QLM5JR,50HN8PMX84QLM5JR,order_gke8mpu854l4,
razorpay,rzp_norm_pay_eux3772it0whhg,merchant,merch_norm_led_aabwnkrc5hem,1.0,AUTO_MATCH,0,,1113014,1113014,50HN8PMX84QLM5JR,,order_gke8mpu854l4,order_gke8mpu854l4
razorpay,rzp_norm_pay_evyl5ec46old79,bank,bank_norm_banktxn_dlzj73fg54esc818,1.0,AUTO_MATCH,0,,319198,319198,U5N5YEEEENPANL17,U5N5YEEEENPANL17,order_qgmoosms2mu6,
razorpay,rzp_norm_pay_evyl5ec46old79,merchant,merch_norm_led_825teyb8r2py,1.0,AUTO_MATCH,0,,319198,319198,U5N5YEEEENPANL17,,order_qgmoosms2mu6,order_qgmoosms2mu6
razorpay,rzp_norm_pay_exqnt56w8p43r8,merchant,merch_norm_led_gb1pszzf6t68,1.0,AUTO_MATCH,0,,62570,62570,8696ASTKQ7YMDSJT,,order_figkpkkshe4c,order_figkpkkshe4c
razorpay,rzp_norm_pay_f1lggv7bss0bbs,bank,bank_norm_banktxn_2gzvtxwwsmdnwmbf,1.0,AUTO_MATCH,0,,134356,134356,8ZXF89168NP3ZCB2,8ZXF89168NP3ZCB2,order_4a3lftxv7dvk,
razorpay,rzp_norm_pay_f1lggv7bss0bbs,merchant,merch_norm_led_yp32c1hjfo5k,1.0,AUTO_MATCH,0,,134356,134356,8ZXF89168NP3ZCB2,,order_4a3lftxv7dvk,order_4a3lftxv7dvk
razorpay,rzp_norm_pay_f31ih9ahqztp6q,bank,bank_norm_banktxn_g4eyqk4toveu9vam,1.0,AUTO_MATCH,0,,1933698,1888063,UESZRPKMU7LLUA2C,UESZRPKMU7LLUA2C,order_q77ynt2351a3,
razorpay,rzp_norm_pay_f31ih9ahqztp6q,merchant,merch_norm_led_1pcme7a7n421,1.0,AUTO_MATCH,0,,1933698,1933698,UESZRPKMU7LLUA2C,,order_q77ynt2351a3,order_q77ynt2351a3
razorpay,rzp_norm_pay_f371npvsnrj4ns,bank,bank_norm_banktxn_sph5varx2y0x6ns6,1.0,AUTO_MATCH,0,,522270,511177,R072Z37W72D1QZE6,R072Z37W72D1QZE6,order_mnirbfgu68gt,
razorpay,rzp_norm_pay_f371npvsnrj4ns,merchant,merch_norm_led_916l3t5cw2qs,1.0,AUTO_MATCH,0,,522270,522270,R072Z37W72D1QZE6,,order_mnirbfgu68gt,order_mnirbfgu68gt
razorpay,rzp_norm_pay_f3eoexnuhce6kw,bank,bank_norm_banktxn_ioia36w618da06om,1.0,AUTO_MATCH,0,,524460,524460,5JRXF7HPN01EGNNW,5JRXF7HPN01EGNNW,order_101zj6p9ovn2,
razorpay,rzp_norm_pay_f3eoexnuhce6kw,merchant,merch_norm_led_6xz0p17vm2tl,1.0,AUTO_MATCH,0,,524460,524460,5JRXF7HPN01EGNNW,,order_101zj6p9ovn2,order_101zj6p9ovn2
razorpay,rzp_norm_pay_f460130h0jsoa6,bank,bank_norm_banktxn_hh1u49d4po12vrtq,1.0,AUTO_MATCH,0,,72510,70799,7J9GTD71UB075FTZ,7J9GTD71UB075FTZ,order_3ndcrn4hq1j2,
razorpay,rzp_norm_pay_f460130h0jsoa6,merchant,merch_norm_led_b024hiuch1hc,1.0,AUTO_MATCH,0,,72510,72510,7J9GTD71UB075FTZ,,order_3ndcrn4hq1j2,order_3ndcrn4hq1j2
razorpay,rzp_norm_pay_f4fp8lap08b7r1,bank,bank_norm_banktxn_odm71a5j359yfc5l,1.0,AUTO_MATCH,0,,167944,163980,EWJC50QNSFK5UJLG,EWJC50QNSFK5UJLG,order_zwtnhw09ecny,
razorpay,rzp_norm_pay_f4fp8lap08b7r1,merchant,merch_norm_led_nwu0elt6vv5v,1.0,AUTO_MATCH,0,,167944,167944,EWJC50QNSFK5UJLG,,order_zwtnhw09ecny,order_zwtnhw09ecny
razorpay,rzp_norm_pay_f4hrk57qrnmckm,bank,bank_norm_banktxn_ddyxgzu91ox2ga3i,1.0,AUTO_MATCH,0,,109365,109365,573F9I0L7JSU1LDY,573F9I0L7JSU1LDY,order_1jams9s2ecn9,
razorpay,rzp_norm_pay_f4hrk57qrnmckm,merchant,merch_norm_led_ch3t04ohn61i,1.0,AUTO_MATCH,0,,109365,109365,573F9I0L7JSU1LDY,,order_1jams9s2ecn9,order_1jams9s2ecn9
razorpay,rzp_norm_pay_fajz0zq5e7t79v,merchant,merch_norm_led_o9v28wl6s6xt,1.0,AUTO_MATCH,0,,733877,733877,W84HQLWH0IJV9SYU,,order_iwhquuftz9oc,order_iwhquuftz9oc
razorpay,rzp_norm_pay_faqkwhl0ccv3bh,bank,bank_norm_banktxn_t48pl9iiy4wmawfw,1.0,AUTO_MATCH,0,,125936,125936,8SLQS6L3F3NPWTZ3,8SLQS6L3F3NPWTZ3,order_1evndmc6c9gl,
razorpay,rzp_norm_pay_faqkwhl0ccv3bh,merchant,merch_norm_led_wa04k7htsvqh,1.0,AUTO_MATCH,0,,125936,125936,8SLQS6L3F3NPWTZ3,,order_1evndmc6c9gl,order_1evndmc6c9gl
razorpay,rzp_norm_pay_fda56r1akohegu,bank,bank_norm_banktxn_0j3ycorkn8xe6p0y,1.0,AUTO_MATCH,0,,1186227,1151233,REEG7I575LC7N8KO,REEG7I575LC7N8KO,order_78yv5le4looz,
razorpay,rzp_norm_pay_fda56r1akohegu,merchant,merch_norm_led_tk9ievt9i92k,1.0,AUTO_MATCH,0,,1186227,1186227,REEG7I575LC7N8KO,,order_78yv5le4looz,order_78yv5le4looz
razorpay,rzp_norm_pay_felejz550k17hv,bank,bank_norm_banktxn_ng9o2taeo19iirnh,1.0,AUTO_MATCH,0,,73294,73294,K78Y4SVL68ENVW6L,K78Y4SVL68ENVW6L,order_qg9vwr7kufzl,
razorpay,rzp_norm_pay_felejz550k17hv,merchant,merch_norm_led_rtt92m4s61td,1.0,AUTO_MATCH,0,,73294,73294,K78Y4SVL68ENVW6L,,order_qg9vwr7kufzl,order_qg9vwr7kufzl
razorpay,rzp_norm_pay_feo1p9rcy9e78i,merchant,merch_norm_led_7ywij27gs0zb,1.0,AUTO_MATCH,0,,124045,124045,QWONBUJX7BQIKIX8,,order_uwuhmgnq0c7y,order_uwuhmgnq0c7y
razorpay,rzp_norm_pay_ff1567wg1pmgwy,bank,bank_norm_banktxn_wt5flmprrfdymyrg,1.0,AUTO_MATCH,0,,106440,106440,L4HCQTGMTXDK4SYC,L4HCQTGMTXDK4SYC,order_klxvkn8im9p6,
razorpay,rzp_norm_pay_ff1567wg1pmgwy,merchant,merch_norm_led_4ty9ko277r8g,1.0,AUTO_MATCH,0,,106440,106440,L4HCQTGMTXDK4SYC,,order_klxvkn8im9p6,order_klxvkn8im9p6
razorpay,rzp_norm_pay_fgi62wxmeizyf5,bank,bank_norm_banktxn_3ver4vjktg6u4whx,1.0,AUTO_MATCH,0,,223619,223619,W5Z5OU5VS670EI2B,W5Z5OU5VS670EI2B,order_bsasswdi3vc8,
razorpay,rzp_norm_pay_fgi62wxmeizyf5,merchant,merch_norm_led_013105ef3a7h,1.0,AUTO_MATCH,0,,223619,223619,W5Z5OU5VS670EI2B,,order_bsasswdi3vc8,order_bsasswdi3vc8
razorpay,rzp_norm_pay_fj2sgm5s7fdmra,bank,bank_norm_banktxn_hqos45pwhntvk05t,1.0,AUTO_MATCH,0,,258083,258083,HW68Q3H88F9KFPV9,HW68Q3H88F9KFPV9,order_8dd3myhyakii,
razorpay,rzp_norm_pay_fj2sgm5s7fdmra,merchant,merch_norm_led_m4ypdrdvhkil,1.0,AUTO_MATCH,0,,258083,258083,HW68Q3H88F9KFPV9,,order_8dd3myhyakii,order_8dd3myhyakii
razorpay,rzp_norm_pay_fj52boeyqienig,bank,bank_norm_banktxn_9zasmxsox2tz42m7,1.0,AUTO_MATCH,0,,214800,214800,FH17S2WKVJDX9RVX,FH17S2WKVJDX9RVX,order_v0slkincyya9,
razorpay,rzp_norm_pay_fj52boeyqienig,merchant,merch_norm_led_e6jraedwodgm,1.0,AUTO_MATCH,0,,214800,214800,FH17S2WKVJDX9RVX,,order_v0slkincyya9,order_v0slkincyya9
razorpay,rzp_norm_pay_fm4tjpnrj8o37z,bank,bank_norm_banktxn_4dhigzpu9byye0ju,1.0,AUTO_MATCH,0,,83469,81500,BVSOG5J21DZK0BLL,BVSOG5J21DZK0BLL,order_ofv8od4molma,
razorpay,rzp_norm_pay_fm4tjpnrj8o37z,merchant,merch_norm_led_fe4gnho5nuic,1.0,AUTO_MATCH,0,,83469,83469,BVSOG5J21DZK0BLL,,order_ofv8od4molma,order_ofv8od4molma
razorpay,rzp_norm_pay_fndtkkv8t2l8k1,bank,bank_norm_banktxn_prd8lrwyomsjwfpt,1.0,AUTO_MATCH,0,,992578,971496,VTYWU7C0WGWDV802,VTYWU7C0WGWDV802,order_4yys92qpnsvp,
razorpay,rzp_norm_pay_fndtkkv8t2l8k1,merchant,merch_norm_led_1r4vm00dx4j3,1.0,AUTO_MATCH,0,,992578,992578,VTYWU7C0WGWDV802,,order_4yys92qpnsvp,order_4yys92qpnsvp
razorpay,rzp_norm_pay_foml5nxhx9po7f,bank,bank_norm_banktxn_43h37pgx7zx0ggbz,1.0,AUTO_MATCH,0,,157486,157486,2Z2U3QDFQZTM1XB8,2Z2U3QDFQZTM1XB8,order_q9hwekn3njao,
razorpay,rzp_norm_pay_foml5nxhx9po7f,merchant,merch_norm_led_uvfxcocx4phf,1.0,AUTO_MATCH,0,,157486,157486,2Z2U3QDFQZTM1XB8,,order_q9hwekn3njao,order_q9hwekn3njao
razorpay,rzp_norm_pay_fqa2369mwnfj38,bank,bank_norm_banktxn_0lf7y1ijvi1k2k6l,1.0,AUTO_MATCH,0,,97593,97593,DVHZPVZ8REVO8GP4,DVHZPVZ8REVO8GP4,order_v1wmfwu1rg24,
razorpay,rzp_norm_pay_fqa2369mwnfj38,merchant,merch_norm_led_h0q3flqat0o4,1.0,AUTO_MATCH,0,,97593,97593,DVHZPVZ8REVO8GP4,,order_v1wmfwu1rg24,order_v1wmfwu1rg24
razorpay,rzp_norm_pay_frh3qly2n4wj2i,bank,bank_norm_banktxn_l95v867zby4f1k41,1.0,AUTO_MATCH,0,,304332,304332,4OEBAXKMQEERQ0BE,4OEBAXKMQEERQ0BE,order_vvfm2f7wxjti,
razorpay,rzp_norm_pay_frh3qly2n4wj2i,merchant,merch_norm_led_9t51mx5gtq3l,1.0,AUTO_MATCH,0,,304332,304332,4OEBAXKMQEERQ0BE,,order_vvfm2f7wxjti,order_vvfm2f7wxjti
razorpay,rzp_norm_pay_frpx5pjlela4w7,bank,bank_norm_banktxn_mw4jts23ni45wotz,1.0,AUTO_MATCH,0,,996405,996405,94BVTSKK9S4USJH3,94BVTSKK9S4USJH3,order_xwcmm9f69gcb,
razorpay,rzp_norm_pay_frpx5pjlela4w7,merchant,merch_norm_led_2sckuw93s6l5,1.0,AUTO_MATCH,0,,996405,996405,94BVTSKK9S4USJH3,,order_xwcmm9f69gcb,order_xwcmm9f69gcb
razorpay,rzp_norm_pay_ft3brnsx6ipemk,bank,bank_norm_banktxn_q1ve0b6sdtdfu250,1.0,AUTO_MATCH,0,,772746,772746,NPSE5EU324THC5SN,NPSE5EU324THC5SN,order_15dnd4517kwj,
razorpay,rzp_norm_pay_ft3brnsx6ipemk,merchant,merch_norm_led_6iaqa4zaag00,1.0,AUTO_MATCH,0,,772746,772746,NPSE5EU324THC5SN,,order_15dnd4517kwj,order_15dnd4517kwj
razorpay,rzp_norm_pay_fuy6nvfg5k51or,bank,bank_norm_banktxn_2q843xi24kuv1p8x,1.0,AUTO_MATCH,0,,1164759,1140019,QB9JVZ89L6Z9R6FL,QB9JVZ89L6Z9R6FL,order_0wqbfom3ip29,
razorpay,rzp_norm_pay_fuy6nvfg5k51or,merchant,merch_norm_led_42umbrxpqn3y,1.0,AUTO_MATCH,0,,1164759,1164759,QB9JVZ89L6Z9R6FL,,order_0wqbfom3ip29,order_0wqbfom3ip29
razorpay,rzp_norm_pay_fuyhw2390eaxv3,bank,bank_norm_banktxn_9pxxda358h9djzc2,1.0,AUTO_MATCH,0,,86615,84775,NNSEAB9BF8P25TMI,NNSEAB9BF8P25TMI,order_sxo4uxf98n36,
razorpay,rzp_norm_pay_fuyhw2390eaxv3,merchant,merch_norm_led_q5xhlpu9swmu,1.0,AUTO_MATCH,0,,86615,86615,NNSEAB9BF8P25TMI,,order_sxo4uxf98n36,order_sxo4uxf98n36
razorpay,rzp_norm_pay_fvtxya4g7y723t,merchant,merch_norm_led_ikdcgd1gyb1t,1.0,AUTO_MATCH,0,,108534,108534,PHTRLYNTNS1EEPTK,,order_a1wguy266t3m,order_a1wguy266t3m
razorpay,rzp_norm_pay_fxen1rmg4c1uhg,bank,bank_norm_banktxn_r71xi61ovutlc8fz,1.0,AUTO_MATCH,0,,822352,802945,0E98XWYU3BR13M83,0E98XWYU3BR13M83,order_f8v80b8b79fs,
razorpay,rzp_norm_pay_fxen1rmg4c1uhg,merchant,merch_norm_led_pcuudpi97syl,1.0,AUTO_MATCH,0,,822352,822352,0E98XWYU3BR13M83,,order_f8v80b8b79fs,order_f8v80b8b79fs
razorpay,rzp_norm_pay_g0zzxjusnd47ni,bank,bank_norm_banktxn_yytbc3slmuzq6okz,1.0,AUTO_MATCH,0,,109317,109317,T02TG6ZZQZ8ZVMV6,T02TG6ZZQZ8ZVMV6,order_k4qjdfx8xyfo,
razorpay,rzp_norm_pay_g0zzxjusnd47ni,merchant,merch_norm_led_g6c02daa1qip,1.0,AUTO_MATCH,0,,109317,109317,T02TG6ZZQZ8ZVMV6,,order_k4qjdfx8xyfo,order_k4qjdfx8xyfo
razorpay,rzp_norm_pay_g3ifxodo9e4vlm,merchant,merch_norm_led_tk1kp56mmn62,1.0,AUTO_MATCH,0,,78205,78205,YMW9TRMJO4MZVE1F,,order_ddtcjutrd3rk,order_ddtcjutrd3rk
razorpay,rzp_norm_pay_g5i1o3adeedhqw,bank,bank_norm_banktxn_u4lhkhgjc9xf3pk8,1.0,AUTO_MATCH,0,,173423,173423,MTGDTJXP60WNZIJ6,MTGDTJXP60WNZIJ6,order_10u8b0egjhro,
razorpay,rzp_norm_pay_g5i1o3adeedhqw,merchant,merch_norm_led_1vigqpo2cley,1.0,AUTO_MATCH,0,,173423,173423,MTGDTJXP60WNZIJ6,,order_10u8b0egjhro,order_10u8b0egjhro
razorpay,rzp_norm_pay_g5yobnonbs2gst,bank,bank_norm_banktxn_sbadc82r5rc9gk45,1.0,AUTO_MATCH,0,,113361,113361,3OXQYUFUJ5P2WX97,3OXQYUFUJ5P2WX97,order_geh3965myqez,
razorpay,rzp_norm_pay_g5yobnonbs2gst,merchant,merch_norm_led_ozpzkhxt0xq7,1.0,AUTO_MATCH,0,,113361,113361,3OXQYUFUJ5P2WX97,,order_geh3965myqez,order_geh3965myqez
razorpay,rzp_norm_pay_g812m3bi0sesuz,bank,bank_norm_banktxn_vm4kpa87ct24pzxi,1.0,AUTO_MATCH,0,,578179,578179,IZSXI2J6JV6G0WXT,IZSXI2J6JV6G0WXT,order_w53gwn6m1mga,
razorpay,rzp_norm_pay_g812m3bi0sesuz,merchant,merch_norm_led_0jupfe0ju6j6,1.0,AUTO_MATCH,0,,578179,578179,IZSXI2J6JV6G0WXT,,order_w53gwn6m1mga,order_w53gwn6m1mga
razorpay,rzp_norm_pay_g8ttf3bi3rkuam,bank,bank_norm_banktxn_ijrgk9f01g4naj9x,1.0,AUTO_MATCH,0,,759900,743760,YBYGXZ5JM5OL4HKP,YBYGXZ5JM5OL4HKP,order_a2aenwdtt7an,
razorpay,rzp_norm_pay_g8ttf3bi3rkuam,merchant,merch_norm_led_ovynlgv04wuv,1.0,AUTO_MATCH,0,,759900,759900,YBYGXZ5JM5OL4HKP,,order_a2aenwdtt7an,order_a2aenwdtt7an
razorpay,rzp_norm_pay_g9jv3qj888ks6q,bank,bank_norm_banktxn_mvmuhtkptmqhorvo,1.0,AUTO_MATCH,0,,498431,487844,NRJQPDU5W2582ODF,NRJQPDU5W2582ODF,order_i31hwnag7heh,
razorpay,rzp_norm_pay_g9jv3qj888ks6q,merchant,merch_norm_led_psg5ejw6ph0d,1.0,AUTO_MATCH,0,,498431,498431,NRJQPDU5W2582ODF,,order_i31hwnag7heh,order_i31hwnag7heh
razorpay,rzp_norm_pay_g9vz54ary31wr3,bank,bank_norm_banktxn_0guvkubi02e3c5n4,1.0,AUTO_MATCH,0,,35873,35873,T9HA0QU3Z1LXMZ9H,T9HA0QU3Z1LXMZ9H,order_rx4ij5rro66u,
razorpay,rzp_norm_pay_g9vz54ary31wr3,merchant,merch_norm_led_xq5smzrb9jjt,1.0,AUTO_MATCH,0,,35873,35873,T9HA0QU3Z1LXMZ9H,,order_rx4ij5rro66u,order_rx4ij5rro66u
razorpay,rzp_norm_pay_gbfetb2hzh5c48,bank,bank_norm_banktxn_sct0gqhvblwuwijg,1.0,AUTO_MATCH,0,,196721,192543,4CU7S5UC6YDVJ0R7,4CU7S5UC6YDVJ0R7,order_xj3defut6y3k,
razorpay,rzp_norm_pay_gbfetb2hzh5c48,merchant,merch_norm_led_yflhzwjs7bv0,1.0,AUTO_MATCH,0,,196721,196721,4CU7S5UC6YDVJ0R7,,order_xj3defut6y3k,order_xj3defut6y3k
razorpay,rzp_norm_pay_gbmtc3po9iw4eb,merchant,merch_norm_led_fvgmtu9tyne9,1.0,AUTO_MATCH,0,,242182,242182,ZK374QXY1AKN296E,,order_cls1s4fxiza9,order_cls1s4fxiza9
razorpay,rzp_norm_pay_gcbbwurqdbv3h8,bank,bank_norm_banktxn_bmr67idkwc2j0uun,1.0,AUTO_MATCH,0,,81487,79564,N985XHMTIQN1L8U1,N985XHMTIQN1L8U1,order_ddz60p2w4v22,
razorpay,rzp_norm_pay_gcbbwurqdbv3h8,merchant,merch_norm_led_7e2r40986pzt,1.0,AUTO_MATCH,0,,81487,81487,N985XHMTIQN1L8U1,,order_ddz60p2w4v22,order_ddz60p2w4v22
razorpay,rzp_norm_pay_gdqgrbo3mjlb42,bank,bank_norm_banktxn_rxmohg9klefgywok,1.0,AUTO_MATCH,0,,584286,571876,3WF1SFLHQ30VTG3U,3WF1SFLHQ30VTG3U,order_apu7bkyh0ivq,
razorpay,rzp_norm_pay_gdqgrbo3mjlb42,merchant,merch_norm_led_jqy308b0srho,1.0,AUTO_MATCH,0,,584286,584286,3WF1SFLHQ30VTG3U,,order_apu7bkyh0ivq,order_apu7bkyh0ivq
razorpay,rzp_norm_pay_gfsjz78pw7vf00,bank,bank_norm_banktxn_2b6f46qqjq184air,1.0,AUTO_MATCH,0,,24624,24101,1CDI1L2Z73LOELXR,1CDI1L2Z73LOELXR,order_x1kwy0lw2y7h,
razorpay,rzp_norm_pay_gfsjz78pw7vf00,merchant,merch_norm_led_srg9w79mxcpa,1.0,AUTO_MATCH,0,,24624,24624,1CDI1L2Z73LOELXR,,order_x1kwy0lw2y7h,order_x1kwy0lw2y7h
razorpay,rzp_norm_pay_gfyh4opa95c7qv,bank,bank_norm_banktxn_pcjceqm0joatc8ao,1.0,AUTO_MATCH,0,,1617590,1617590,EP95WPNN3JIGJ2SR,EP95WPNN3JIGJ2SR,order_0w3npznqpt2o,
razorpay,rzp_norm_pay_gfyh4opa95c7qv,merchant,merch_norm_led_8r75i9gdq8lz,1.0,AUTO_MATCH,0,,1617590,1617590,EP95WPNN3JIGJ2SR,,order_0w3npznqpt2o,order_0w3npznqpt2o
razorpay,rzp_norm_pay_ghzpzgq2h7aq6p,bank,bank_norm_banktxn_gcvt2aqt2l0dkqaf,1.0,AUTO_MATCH,0,,71780,71780,O4O2JUO439RNGI52,O4O2JUO439RNGI52,order_nkj8tfcu387j,
razorpay,rzp_norm_pay_ghzpzgq2h7aq6p,merchant,merch_norm_led_sbhphkp0iym5,1.0,AUTO_MATCH,0,,71780,71780,O4O2JUO439RNGI52,,order_nkj8tfcu387j,order_nkj8tfcu387j
razorpay,rzp_norm_pay_gi4xk14qqi5l1n,bank,bank_norm_banktxn_rahs6e6qkassc0yu,1.0,AUTO_MATCH,0,,28264,27597,BE6GE8X9ADNPFHUA,BE6GE8X9ADNPFHUA,order_vlox54ege4le,
razorpay,rzp_norm_pay_gi4xk14qqi5l1n,merchant,merch_norm_led_8g0epix20ami,1.0,AUTO_MATCH,0,,28264,28264,BE6GE8X9ADNPFHUA,,order_vlox54ege4le,order_vlox54ege4le
razorpay,rzp_norm_pay_gkqpsrpg3hvel2,bank,bank_norm_banktxn_eianlqdzf021x6wp,1.0,AUTO_MATCH,0,,48078,46943,1O5LMZ43XDNYCAYP,1O5LMZ43XDNYCAYP,order_jsqeayd7l8y1,
razorpay,rzp_norm_pay_gkqpsrpg3hvel2,merchant,merch_norm_led_v2aij1ef2h7o,1.0,AUTO_MATCH,0,,48078,48078,1O5LMZ43XDNYCAYP,,order_jsqeayd7l8y1,order_jsqeayd7l8y1
razorpay,rzp_norm_pay_glsbhg5trhybr6,bank,bank_norm_banktxn_l5ycyo3ppbjznq54,1.0,AUTO_MATCH,0,,985962,985962,1V0EF7MPQU0LCF2Y,1V0EF7MPQU0LCF2Y,order_jx41luw4zfdx,
razorpay,rzp_norm_pay_glsbhg5trhybr6,merchant,merch_norm_led_2c0ysmxodz1g,1.0,AUTO_MATCH,0,,985962,985962,1V0EF7MPQU0LCF2Y,,order_jx41luw4zfdx,order_jx41luw4zfdx
razorpay,rzp_norm_pay_gm1pam575mnrlb,bank,bank_norm_banktxn_g5ek2csxk5j4b144,1.0,AUTO_MATCH,0,,170594,166970,UUECZFL39TZOAOC6,UUECZFL39TZOAOC6,order_9tz7cp9gz0hr,
razorpay,rzp_norm_pay_gm1pam575mnrlb,merchant,merch_norm_led_1ovveqykbftj,1.0,AUTO_MATCH,0,,170594,170594,UUECZFL39TZOAOC6,,order_9tz7cp9gz0hr,order_9tz7cp9gz0hr
razorpay,rzp_norm_pay_gobvtpks8krkb0,bank,bank_norm_banktxn_9lwhxpxcr2tziyt2,1.0,AUTO_MATCH,0,,114268,111572,HCBQ20NLNL06UWCD,HCBQ20NLNL06UWCD,order_agq5vl928fwv,
razorpay,rzp_norm_pay_gobvtpks8krkb0,merchant,merch_norm_led_il1q4uqtekes,1.0,AUTO_MATCH,0,,114268,114268,HCBQ20NLNL06UWCD,,order_agq5vl928fwv,order_agq5vl928fwv
razorpay,rzp_norm_pay_gp15vg5oj1339k,bank,bank_norm_banktxn_08yaqmrlbeounobt,1.0,AUTO_MATCH,0,,778810,760430,UOLG08EJU7IM7CSH,UOLG08EJU7IM7CSH,order_qwclr8sxfzuu,
razorpay,rzp_norm_pay_gp15vg5oj1339k,merchant,merch_norm_led_nglg0ejwfsnm,1.0,AUTO_MATCH,0,,778810,778810,UOLG08EJU7IM7CSH,,order_qwclr8sxfzuu,order_qwclr8sxfzuu
razorpay,rzp_norm_pay_gp8jtk40t64ydw,bank,bank_norm_banktxn_wvg35rh20l8gaszr,1.0,AUTO_MATCH,0,,259397,259397,0ZJ68G76Z9HIDLDG,0ZJ68G76Z9HIDLDG,order_g8m4fniasyjx,
razorpay,rzp_norm_pay_gp8jtk40t64ydw,merchant,merch_norm_led_z0749y2nz9r8,1.0,AUTO_MATCH,0,,259397,259397,0ZJ68G76Z9HIDLDG,,order_g8m4fniasyjx,order_g8m4fniasyjx
razorpay,rzp_norm_pay_grn9vj3gmrgkhd,bank,bank_norm_banktxn_sr6mzg9m55yuibaf,1.0,AUTO_MATCH,0,,346587,346587,B8PECS22M74D5B99,B8PECS22M74D5B99,order_4b3fxbrk69gs,
razorpay,rzp_norm_pay_grn9vj3gmrgkhd,merchant,merch_norm_led_7zlwd5daumv1,1.0,AUTO_MATCH,0,,346587,346587,B8PECS22M74D5B99,,order_4b3fxbrk69gs,order_4b3fxbrk69gs
razorpay,rzp_norm_pay_grwqbqr53enpnv,bank,bank_norm_banktxn_i25036rpmkjljf23,1.0,AUTO_MATCH,0,,431170,422012,UEN0P2349RQIO2R4,UEN0P2349RQIO2R4,order_hz3zjcv5jaq9,
razorpay,rzp_norm_pay_grwqbqr53enpnv,merchant,merch_norm_led_6uxhp8vja0kb,1.0,AUTO_MATCH,0,,431170,431170,UEN0P2349RQIO2R4,,order_hz3zjcv5jaq9,order_hz3zjcv5jaq9
razorpay,rzp_norm_pay_gsoufltt1u7g4o,bank,bank_norm_banktxn_gdecfm9675v0y2un,1.0,AUTO_MATCH,0,,182600,178291,PL4ZBUKMDHBCVCFF,PL4ZBUKMDHBCVCFF,order_eekqmxy0gfi5,
razorpay,rzp_norm_pay_gsoufltt1u7g4o,merchant,merch_norm_led_kvhvbwhpe83x,1.0,AUTO_MATCH,0,,182600,182600,PL4ZBUKMDHBCVCFF,,order_eekqmxy0gfi5,order_eekqmxy0gfi5
razorpay,rzp_norm_pay_gucfhzjejidvku,merchant,merch_norm_led_uciki35ey2bq,1.0,AUTO_MATCH,0,,113714,113714,I5MSGUDCYHZH86FF,,order_mzhi7yopm9i2,order_mzhi7yopm9i2
razorpay,rzp_norm_pay_gxkoforpsc6dpb,merchant,merch_norm_led_hy5dflvxa9hi,1.0,AUTO_MATCH,0,,171355,171355,B5ICMCEGASAW9YW7,,order_xpfdytljv175,order_xpfdytljv175
razorpay,rzp_norm_pay_gxooldv4nmuf71,bank,bank_norm_banktxn_3atn1x9qy103u9b1,1.0,AUTO_MATCH,0,,165744,165744,3UDETSE68UCH5JXL,3UDETSE68UCH5JXL,order_mb0zzc4zte1n,
razorpay,rzp_norm_pay_gxooldv4nmuf71,merchant,merch_norm_led_zu5a7xhmbfkq,1.0,AUTO_MATCH,0,,165744,165744,3UDETSE68UCH5JXL,,order_mb0zzc4zte1n,order_mb0zzc4zte1n
razorpay,rzp_norm_pay_gyjrhe43d8deym,bank,bank_norm_banktxn_wwxcad1uy7h78lt1,1.0,AUTO_MATCH,0,,862793,862793,4RHLQY98HD5859MN,4RHLQY98HD5859MN,order_gfsruf3mzlyb,
razorpay,rzp_norm_pay_gyjrhe43d8deym,merchant,merch_norm_led_qs3tvbjgljuk,1.0,AUTO_MATCH,0,,862793,862793,4RHLQY98HD5859MN,,order_gfsruf3mzlyb,order_gfsruf3mzlyb
razorpay,rzp_norm_pay_gz8wtea72uxxc5,bank,bank_norm_banktxn_dpk4akml511n52w7,1.0,AUTO_MATCH,0,,136661,136661,804S1ZI8YUG4RAVR,804S1ZI8YUG4RAVR,order_asermiym9b0u,
razorpay,rzp_norm_pay_gz8wtea72uxxc5,merchant,merch_norm_led_jyg88rbd30dq,1.0,AUTO_MATCH,0,,136661,136661,804S1ZI8YUG4RAVR,,order_asermiym9b0u,order_asermiym9b0u
razorpay,rzp_norm_pay_h10ss4q361ze7s,merchant,merch_norm_led_xvnvxg8em5z2,1.0,AUTO_MATCH,0,,61356,61356,C6VK8YO6BAG1328K,,order_fjrcb6nneftk,order_fjrcb6nneftk
razorpay,rzp_norm_pay_h2ndssfn6nym3p,bank,bank_norm_banktxn_80mfk1bg38qx74us,1.0,AUTO_MATCH,0,,53619,52480,4ZDDEL90H98YGB71,4ZDDEL90H98YGB71,order_hc7t5d13lf8d,
razorpay,rzp_norm_pay_h2ndssfn6nym3p,merchant,merch_norm_led_nw6swe2xjt13,1.0,AUTO_MATCH,0,,53619,53619,4ZDDEL90H98YGB71,,order_hc7t5d13lf8d,order_hc7t5d13lf8d
razorpay,rzp_norm_pay_h3dbi9hc215te7,bank,bank_norm_banktxn_j7wbuahinb2so4m9,1.0,AUTO_MATCH,0,,45540,45540,UWF1V785ANVYR439,UWF1V785ANVYR439,order_oce8ie0xvajg,
razorpay,rzp_norm_pay_h3dbi9hc215te7,merchant,merch_norm_led_yd55tvwm6rpm,1.0,AUTO_MATCH,0,,45540,45540,UWF1V785ANVYR439,,order_oce8ie0xvajg,order_oce8ie0xvajg
razorpay,rzp_norm_pay_h3njcehoxxgufw,bank,bank_norm_banktxn_yp37vewmknnm3m6y,1.0,AUTO_MATCH,0,,84015,84015,NXIQ912DBE2A078O,NXIQ912DBE2A078O,order_ifkdvbnx05le,
razorpay,rzp_norm_pay_h3njcehoxxgufw,merchant,merch_norm_led_5to5jaoq8ije,1.0,AUTO_MATCH,0,,84015,84015,NXIQ912DBE2A078O,,order_ifkdvbnx05le,order_ifkdvbnx05le
razorpay,rzp_norm_pay_h43jm8xyuqirww,bank,bank_norm_banktxn_ypeqrw2bknhylslb,1.0,AUTO_MATCH,0,,1575500,1575500,OH6CV9Z668AD4JGZ,OH6CV9Z668AD4JGZ,order_11gk9o1l6wni,
razorpay,rzp_norm_pay_h43jm8xyuqirww,merchant,merch_norm_led_qmv23mq8xiic,1.0,AUTO_MATCH,0,,1575500,1575500,OH6CV9Z668AD4JGZ,,order_11gk9o1l6wni,order_11gk9o1l6wni
razorpay,rzp_norm_pay_h4rybqnv23sda7,bank,bank_norm_banktxn_wh0kjym781q68owu,1.0,AUTO_MATCH,0,,271538,265770,E6RUDG9ZG9RVXQ5S,E6RUDG9ZG9RVXQ5S,order_8s485m7s1p9t,
razorpay,rzp_norm_pay_h4rybqnv23sda7,merchant,merch_norm_led_fu06hhwtu6nx,1.0,AUTO_MATCH,0,,271538,271538,E6RUDG9ZG9RVXQ5S,,order_8s485m7s1p9t,order_8s485m7s1p9t
razorpay,rzp_norm_pay_h5rgkrjoyqotpg,bank,bank_norm_banktxn_kyeeura9dfhl27lh,1.0,AUTO_MATCH,0,,113882,113882,SGCSWHV61UFWBCB9,SGCSWHV61UFWBCB9,order_q7hawj01007d,
razorpay,rzp_norm_pay_h5rgkrjoyqotpg,merchant,merch_norm_led_7uvpntyqr523,1.0,AUTO_MATCH,0,,113882,113882,SGCSWHV61UFWBCB9,,order_q7hawj01007d,order_q7hawj01007d
razorpay,rzp_norm_pay_h7m5tzpf6ybtxo,bank,bank_norm_banktxn_hx173l75wi8oj70a,1.0,AUTO_MATCH,0,,492374,480755,X2XKQRM97ODJXUZO,X2XKQRM97ODJXUZO,order_znqwuotctnoy,
razorpay,rzp_norm_pay_h7m5tzpf6ybtxo,merchant,merch_norm_led_93nyfkkuzx1y,1.0,AUTO_MATCH,0,,492374,492374,X2XKQRM97ODJXUZO,,order_znqwuotctnoy,order_znqwuotctnoy
razorpay,rzp_norm_pay_h8cw3b4bgky9gu,bank,bank_norm_banktxn_r80ubt98f7xs1wqf,1.0,AUTO_MATCH,0,,284886,278162,QIALHBJT3BO6KIPP,QIALHBJT3BO6KIPP,order_0w1v2btxnshc,
razorpay,rzp_norm_pay_h8cw3b4bgky9gu,merchant,merch_norm_led_djhmesn2zb1c,1.0,AUTO_MATCH,0,,284886,284886,QIALHBJT3BO6KIPP,,order_0w1v2btxnshc,order_0w1v2btxnshc
razorpay,rzp_norm_pay_h9cr5ie2umforp,bank,bank_norm_banktxn_wmtmrtqqt1z1q58j,1.0,AUTO_MATCH,0,,7635,7635,ZCJJ5JTYBOR68XSK,ZCJJ5JTYBOR68XSK,order_6gjjbrk8cg8q,
razorpay,rzp_norm_pay_h9cr5ie2umforp,merchant,merch_norm_led_fwn8yi3p8p0t,1.0,AUTO_MATCH,0,,7635,7635,ZCJJ5JTYBOR68XSK,,order_6gjjbrk8cg8q,order_6gjjbrk8cg8q
razorpay,rzp_norm_pay_hatquixd6sc0op,bank,bank_norm_banktxn_7sw19aeu32rkhys3,1.0,AUTO_MATCH,0,,104049,101593,9ONLJQZ1Q9F8T9EU,9ONLJQZ1Q9F8T9EU,order_bd5n5x5tyw9i,
razorpay,rzp_norm_pay_hatquixd6sc0op,merchant,merch_norm_led_zhtskg4sqvkk,1.0,AUTO_MATCH,0,,104049,104049,9ONLJQZ1Q9F8T9EU,,order_bd5n5x5tyw9i,order_bd5n5x5tyw9i
razorpay,rzp_norm_pay_hb0l1ld0sauu8x,bank,bank_norm_banktxn_n23up6rmeuvtxg8h,1.0,AUTO_MATCH,0,,304639,298168,P1FQRY1BTRJGYBIC,P1FQRY1BTRJGYBIC,order_9uokwzv3zhar,
razorpay,rzp_norm_pay_hb0l1ld0sauu8x,merchant,merch_norm_led_v6qi47ocrl1u,1.0,AUTO_MATCH,0,,304639,304639,P1FQRY1BTRJGYBIC,,order_9uokwzv3zhar,order_9uokwzv3zhar
razorpay,rzp_norm_pay_hcgohkw9kgpdud,bank,bank_norm_banktxn_m83vw6yvi6jomqqf,1.0,AUTO_MATCH,0,,55078,55078,FIBNF278X5I00658,FIBNF278X5I00658,order_fe02e0ht6op9,
razorpay,rzp_norm_pay_hcgohkw9kgpdud,merchant,merch_norm_led_s2v2gfuctn5g,1.0,AUTO_MATCH,0,,55078,55078,FIBNF278X5I00658,,order_fe02e0ht6op9,order_fe02e0ht6op9
razorpay,rzp_norm_pay_hctld7r9z17qpe,bank,bank_norm_banktxn_lz16l6vqj9qax08i,1.0,AUTO_MATCH,0,,529390,529390,NHG41O6RPGT01YII,NHG41O6RPGT01YII,order_7rrozuj0fd0g,
razorpay,rzp_norm_pay_hctld7r9z17qpe,merchant,merch_norm_led_67m0k1qq6c7l,1.0,AUTO_MATCH,0,,529390,529390,NHG41O6RPGT01YII,,order_7rrozuj0fd0g,order_7rrozuj0fd0g
razorpay,rzp_norm_pay_hf4y6heppp6ehv,bank,bank_norm_banktxn_4a0mu0vfu721iexw,1.0,AUTO_MATCH,0,,519025,519025,FAK4ABLT90URL1BG,FAK4ABLT90URL1BG,order_dadmii06bwuj,
razorpay,rzp_norm_pay_hf4y6heppp6ehv,merchant,merch_norm_led_a966jlsvmygv,1.0,AUTO_MATCH,0,,519025,519025,FAK4ABLT90URL1BG,,order_dadmii06bwuj,order_dadmii06bwuj
razorpay,rzp_norm_pay_hg5nsby7jdo44q,bank,bank_norm_banktxn_gevs5h1cihkhlmqr,1.0,AUTO_MATCH,0,,65543,65543,AP1LLLHOMGBPWFOW,AP1LLLHOMGBPWFOW,order_yo76jo1co45x,
razorpay,rzp_norm_pay_hg5nsby7jdo44q,merchant,merch_norm_led_10e055q89v9e,1.0,AUTO_MATCH,0,,65543,65543,AP1LLLHOMGBPWFOW,,order_yo76jo1co45x,order_yo76jo1co45x
razorpay,rzp_norm_pay_hh6341j9vugcmh,bank,bank_norm_banktxn_tnp35qiaobjlkiqa,1.0,AUTO_MATCH,0,,99045,96707,FNSKDXJW465KV2CJ,FNSKDXJW465KV2CJ,order_9706x4wyq7d9,
razorpay,rzp_norm_pay_hh6341j9vugcmh,merchant,merch_norm_led_0b7elgoa9fi0,1.0,AUTO_MATCH,0,,99045,99045,FNSKDXJW465KV2CJ,,order_9706x4wyq7d9,order_9706x4wyq7d9
razorpay,rzp_norm_pay_hi6it3gitk5mfv,bank,bank_norm_banktxn_9ba78wz6p1dkydb9,1.0,AUTO_MATCH,0,,24333,23758,0BUY0QUZ8HRKKC09,0BUY0QUZ8HRKKC09,order_ap1r1y8fx901,
razorpay,rzp_norm_pay_hidbb3tw71l1zz,bank,bank_norm_banktxn_mi0jq6shnkqcvz27,1.0,AUTO_MATCH,0,,52305,52305,62TDWN4KDIDNRUI4,62TDWN4KDIDNRUI4,order_h3y5ptafdpfn,
razorpay,rzp_norm_pay_hidbb3tw71l1zz,merchant,merch_norm_led_xv6k5e00pci2,1.0,AUTO_MATCH,0,,52305,52305,62TDWN4KDIDNRUI4,,order_h3y5ptafdpfn,order_h3y5ptafdpfn
razorpay,rzp_norm_pay_hjdzx8osph7foo,bank,bank_norm_banktxn_t3s8njhl9uzq43lg,1.0,AUTO_MATCH,0,,64381,63013,E5J7YFK2I3IIGTHB,E5J7YFK2I3IIGTHB,order_vhyxrwp0xuxr,
razorpay,rzp_norm_pay_hjdzx8osph7foo,merchant,merch_norm_led_tazuh3tk5f7g,1.0,AUTO_MATCH,0,,64381,64381,E5J7YFK2I3IIGTHB,,order_vhyxrwp0xuxr,order_vhyxrwp0xuxr
razorpay,rzp_norm_pay_hk8ysxp8wf0bzi,merchant,merch_norm_led_jxu2lpo9e13n,1.0,AUTO_MATCH,0,,449731,449731,669Q3GYMXQKGZ4ZH,,order_3n94wm3ko3zc,order_3n94wm3ko3zc
razorpay,rzp_norm_pay_hlb3m3254t7kw1,bank,bank_norm_banktxn_fz0s6ifv652hn7j7,1.0,AUTO_MATCH,0,,7938,7769,347AWTL3XBPT2C3V,347AWTL3XBPT2C3V,order_wn754k1j6aal,
razorpay,rzp_norm_pay_hlb3m3254t7kw1,merchant,merch_norm_led_goyw7vkq42mz,1.0,AUTO_MATCH,0,,7938,7938,347AWTL3XBPT2C3V,,order_wn754k1j6aal,order_wn754k1j6aal
razorpay,rzp_norm_pay_hmnsprfj1y58vl,bank,bank_norm_banktxn_k7t1zt7qk3x7t3ds,1.0,AUTO_MATCH,0,,183098,183098,359GOTMKUODFU74C,359GOTMKUODFU74C,order_whxavsnjsbat,
razorpay,rzp_norm_pay_hmnsprfj1y58vl,merchant,merch_norm_led_p4dkai9z6rhl,1.0,AUTO_MATCH,0,,183098,183098,359GOTMKUODFU74C,,order_whxavsnjsbat,order_whxavsnjsbat
razorpay,rzp_norm_pay_hmzld674e3yd95,bank,bank_norm_banktxn_yzyu40mgxi2hfz33,1.0,AUTO_MATCH,0,,318823,311299,19XFD69RK9W603SI,19XFD69RK9W603SI,order_b6r6sq8m5td6,
razorpay,rzp_norm_pay_hmzld674e3yd95,merchant,merch_norm_led_yoqqlx4kdfo9,1.0,AUTO_MATCH,0,,318823,318823,19XFD69RK9W603SI,,order_b6r6sq8m5td6,order_b6r6sq8m5td6
razorpay,rzp_norm_pay_ho1p1oge0pm8cl,bank,bank_norm_banktxn_0ganmj9x0kfsqj8n,1.0,AUTO_MATCH,0,,14778,14778,32OGGXZLIYULF67X,32OGGXZLIYULF67X,order_sypk8j58wlfu,
razorpay,rzp_norm_pay_ho1p1oge0pm8cl,merchant,merch_norm_led_l1uzrzxsyp1b,1.0,AUTO_MATCH,0,,14778,14778,32OGGXZLIYULF67X,,order_sypk8j58wlfu,order_sypk8j58wlfu
razorpay,rzp_norm_pay_hov5usoap4jedp,bank,bank_norm_banktxn_aiohwxjtnsaznvlm,1.0,AUTO_MATCH,0,,216288,216288,ZLUE1YELA65YQXII,ZLUE1YELA65YQXII,order_8gorgl31273y,
razorpay,rzp_norm_pay_hov5usoap4jedp,merchant,merch_norm_led_x8x73b94sty4,1.0,AUTO_MATCH,0,,216288,216288,ZLUE1YELA65YQXII,,order_8gorgl31273y,order_8gorgl31273y
razorpay,rzp_norm_pay_hs50dw1dl7gxkf,bank,bank_norm_banktxn_zgwxpxqlo9anybax,1.0,AUTO_MATCH,0,,322676,322676,S8ZFM5QUD3LE8PV0,S8ZFM5QUD3LE8PV0,order_zaij47gt3nej,
razorpay,rzp_norm_pay_hs50dw1dl7gxkf,merchant,merch_norm_led_ay07xd9fnd2r,1.0,AUTO_MATCH,0,,322676,322676,S8ZFM5QUD3LE8PV0,,order_zaij47gt3nej,order_zaij47gt3nej
razorpay,rzp_norm_pay_huf9nk3rl81leo,bank,bank_norm_banktxn_gib2kg3n5nkquh0b,1.0,AUTO_MATCH,0,,615742,615742,KK0Y6QYGHKRKSY5S,KK0Y6QYGHKRKSY5S,order_s781sa2muz1e,
razorpay,rzp_norm_pay_huf9nk3rl81leo,merchant,merch_norm_led_37pvkf214eg5,1.0,AUTO_MATCH,0,,615742,615742,KK0Y6QYGHKRKSY5S,,order_s781sa2muz1e,order_s781sa2muz1e
razorpay,rzp_norm_pay_hvfddjw5i38poe,bank,bank_norm_banktxn_oyk16cy5fwnj6zjb,1.0,AUTO_MATCH,0,,714155,698986,TL6D7WEZ8CV3YHHG,TL6D7WEZ8CV3YHHG,order_5kmmx31wunvl,
razorpay,rzp_norm_pay_hvfddjw5i38poe,merchant,merch_norm_led_eaphkt24usfe,1.0,AUTO_MATCH,0,,714155,714155,TL6D7WEZ8CV3YHHG,,order_5kmmx31wunvl,order_5kmmx31wunvl
razorpay,rzp_norm_pay_hvjcpb7c11rbmy,bank,bank_norm_banktxn_8u123hpqr6jl1473,1.0,AUTO_MATCH,0,,348209,348209,LCCPASGRPR95M4XF,LCCPASGRPR95M4XF,order_xmsrrgv1d7z0,
razorpay,rzp_norm_pay_hvjcpb7c11rbmy,merchant,merch_norm_led_svt7g21gfyz4,1.0,AUTO_MATCH,0,,348209,348209,LCCPASGRPR95M4XF,,order_xmsrrgv1d7z0,order_xmsrrgv1d7z0
razorpay,rzp_norm_pay_hvoe4r5jnm3dol,bank,bank_norm_banktxn_a2nrg9nisy3oheu5,1.0,AUTO_MATCH,0,,16903,16504,8AQUO4VJS0HMLA9I,8AQUO4VJS0HMLA9I,order_emiadsagrrso,
razorpay,rzp_norm_pay_hvoe4r5jnm3dol,merchant,merch_norm_led_p2ciwve46r27,1.0,AUTO_MATCH,0,,16903,16903,8AQUO4VJS0HMLA9I,,order_emiadsagrrso,order_emiadsagrrso
razorpay,rzp_norm_pay_hw7i7i05dwnpc7,bank,bank_norm_banktxn_y9tb7fotk6qjh7kc,1.0,AUTO_MATCH,0,,251076,245744,293WJJRWWXPPNJY4,293WJJRWWXPPNJY4,order_iaqk907a16sj,
razorpay,rzp_norm_pay_hw7i7i05dwnpc7,merchant,merch_norm_led_97z166c3xk8d,1.0,AUTO_MATCH,0,,251076,251076,293WJJRWWXPPNJY4,,order_iaqk907a16sj,order_iaqk907a16sj
razorpay,rzp_norm_pay_hxr6d560ckx1tt,bank,bank_norm_banktxn_csepctmu2x4l4y0t,1.0,AUTO_MATCH,0,,21086,20464,EXJKFKHPY7QOBC30,EXJKFKHPY7QOBC30,order_535a3glewuno,
razorpay,rzp_norm_pay_hxr6d560ckx1tt,merchant,merch_norm_led_vyedrxbq4ijp,1.0,AUTO_MATCH,0,,21086,21086,EXJKFKHPY7QOBC30,,order_535a3glewuno,order_535a3glewuno
razorpay,rzp_norm_pay_hy69ihsrdctvfw,bank,bank_norm_banktxn_erabknvxi40f9884,1.0,AUTO_MATCH,0,,602598,602598,66VT1LTSD61W3BV4,66VT1LTSD61W3BV4,order_1gs27f0ctr0h,
razorpay,rzp_norm_pay_hy69ihsrdctvfw,merchant,merch_norm_led_7ewwr4zpr1u0,1.0,AUTO_MATCH,0,,602598,602598,66VT1LTSD61W3BV4,,order_1gs27f0ctr0h,order_1gs27f0ctr0h
razorpay,rzp_norm_pay_hy85l5ul1vqf5e,merchant,merch_norm_led_08asrahjlbsw,1.0,AUTO_MATCH,0,,257847,257847,U5HMU3RKYRWRADSW,,order_9h3ho5qk5ppa,order_9h3ho5qk5ppa
razorpay,rzp_norm_pay_i2lwekk05vasat,bank,bank_norm_banktxn_bj2pk44uhu45t3ph,1.0,AUTO_MATCH,0,,273270,266821,65A4CG1RCOY142N1,65A4CG1RCOY142N1,order_sf8zb17zf80n,
razorpay,rzp_norm_pay_i2lwekk05vasat,merchant,merch_norm_led_ymsrwzpc5ag3,1.0,AUTO_MATCH,0,,273270,273270,65A4CG1RCOY142N1,,order_sf8zb17zf80n,order_sf8zb17zf80n
razorpay,rzp_norm_pay_i6x18hmi3wmekp,bank,bank_norm_banktxn_qt35vkaaubhrkadp,1.0,AUTO_MATCH,0,,89355,87458,NKTEVGZM9L4AALZI,NKTEVGZM9L4AALZI,order_nflahfutl2sq,
razorpay,rzp_norm_pay_i6x18hmi3wmekp,merchant,merch_norm_led_vg393exlh2s0,1.0,AUTO_MATCH,0,,89355,89355,NKTEVGZM9L4AALZI,,order_nflahfutl2sq,order_nflahfutl2sq
razorpay,rzp_norm_pay_i7jn2lodcu2rl6,bank,bank_norm_banktxn_ostico3gy0xl9s6g,1.0,AUTO_MATCH,0,,65225,63686,ABX6CF9I4TT55X06,ABX6CF9I4TT55X06,order_4x6p7cysnmkh,
razorpay,rzp_norm_pay_i7jn2lodcu2rl6,merchant,merch_norm_led_eqhugdjuoxyd,1.0,AUTO_MATCH,0,,65225,65225,ABX6CF9I4TT55X06,,order_4x6p7cysnmkh,order_4x6p7cysnmkh
razorpay,rzp_norm_pay_i7s6oluzc48mpm,merchant,merch_norm_led_m9baecqd7z1o,1.0,AUTO_MATCH,0,,63738,63738,20BGHBXSZVMT3E19,,order_5yys57jxr23n,order_5yys57jxr23n
razorpay,rzp_norm_pay_ib0l1kuyipb94p,merchant,merch_norm_led_boj48gonl9nv,1.0,AUTO_MATCH,0,,362923,362923,84I4EX8WU3YRWRK6,,order_dgql5ypk7me5,order_dgql5ypk7me5
razorpay,rzp_norm_pay_icrjdrmc5jkhnq,merchant,merch_norm_led_yrorwjt2v9o2,1.0,AUTO_MATCH,0,,238235,238235,SZUQEF28C0H9DFEX,,order_z7n2yk6ioe6y,order_z7n2yk6ioe6y
razorpay,rzp_norm_pay_idy2ms6zezofwi,bank,bank_norm_banktxn_zg8ag0lt929k3jvz,1.0,AUTO_MATCH,0,,67963,66520,NYCCISB4BBW7O2RH,NYCCISB4BBW7O2RH,order_3ooqkz30gcse,
razorpay,rzp_norm_pay_idy2ms6zezofwi,merchant,merch_norm_led_m4kxebx4waqy,1.0,AUTO_MATCH,0,,67963,67963,NYCCISB4BBW7O2RH,,order_3ooqkz30gcse,order_3ooqkz30gcse
razorpay,rzp_norm_pay_ighm4pq5dv0fg1,bank,bank_norm_banktxn_vlwp3sam3cce193q,1.0,AUTO_MATCH,0,,195634,191479,FF76OMHKHY1Q83K8,FF76OMHKHY1Q83K8,order_yiuxke7k28ti,
razorpay,rzp_norm_pay_ighm4pq5dv0fg1,merchant,merch_norm_led_zb90kdwilaz7,1.0,AUTO_MATCH,0,,195634,195634,FF76OMHKHY1Q83K8,,order_yiuxke7k28ti,order_yiuxke7k28ti
razorpay,rzp_norm_pay_ii9vzdruuhivca,bank,bank_norm_banktxn_jbzcodbhv20jankh,1.0,AUTO_MATCH,0,,41168,41168,TP2G4BY5UV7V5OIH,TP2G4BY5UV7V5OIH,order_ils7lnhrygua,
razorpay,rzp_norm_pay_ii9vzdruuhivca,merchant,merch_norm_led_u7a32se5oz2y,1.0,AUTO_MATCH,0,,41168,41168,TP2G4BY5UV7V5OIH,,order_ils7lnhrygua,order_ils7lnhrygua
razorpay,rzp_norm_pay_iim68wau8gayy4,bank,bank_norm_banktxn_zy5wv7pgosmrz8bj,1.0,AUTO_MATCH,0,,481713,467502,VJZN6EDVMCEGNZBD,VJZN6EDVMCEGNZBD,order_7rriuahxf9kk,
razorpay,rzp_norm_pay_iim68wau8gayy4,merchant,merch_norm_led_tqx2u8lusm4c,1.0,AUTO_MATCH,0,,481713,481713,VJZN6EDVMCEGNZBD,,order_7rriuahxf9kk,order_7rriuahxf9kk
razorpay,rzp_norm_pay_il058984xwjz6d,bank,bank_norm_banktxn_aoqsi310uvekiqbn,1.0,AUTO_MATCH,0,,54651,53361,92AJ4VRQS2PXCZAZ,92AJ4VRQS2PXCZAZ,order_583mf3zxe19b,
razorpay,rzp_norm_pay_il058984xwjz6d,merchant,merch_norm_led_m1795dnlc37a,1.0,AUTO_MATCH,0,,54651,54651,92AJ4VRQS2PXCZAZ,,order_583mf3zxe19b,order_583mf3zxe19b
razorpay,rzp_norm_pay_ilh2yqvx6dw9e6,bank,bank_norm_banktxn_2yjbwk3ss28dry53,1.0,AUTO_MATCH,0,,487730,476219,OFXXAWABS0PUVTVF,OFXXAWABS0PUVTVF,order_6qvphskxffmo,
razorpay,rzp_norm_pay_ilh2yqvx6dw9e6,merchant,merch_norm_led_greof915mjo4,1.0,AUTO_MATCH,0,,487730,487730,OFXXAWABS0PUVTVF,,order_6qvphskxffmo,order_6qvphskxffmo
razorpay,rzp_norm_pay_ilk2ujaw9y1cvh,bank,bank_norm_banktxn_teiwkrcnu88c5k8p,1.0,AUTO_MATCH,0,,746492,746492,ERGOJJ897PQXAWRV,ERGOJJ897PQXAWRV,order_h13040lrxuu3,
razorpay,rzp_norm_pay_ilk2ujaw9y1cvh,merchant,merch_norm_led_2ntiz4ktkx71,1.0,AUTO_MATCH,0,,746492,746492,ERGOJJ897PQXAWRV,,order_h13040lrxuu3,order_h13040lrxuu3
razorpay,rzp_norm_pay_imqlt9wt9aodiw,bank,bank_norm_banktxn_nt2dq9oevtbs453s,1.0,AUTO_MATCH,0,,1444,1444,ROBQ4DX8QZU2SSTS,ROBQ4DX8QZU2SSTS,order_lh1d0wgoxmq0,
razorpay,rzp_norm_pay_imqlt9wt9aodiw,merchant,merch_norm_led_fm78zqbb2qya,1.0,AUTO_MATCH,0,,1444,1444,ROBQ4DX8QZU2SSTS,,order_lh1d0wgoxmq0,order_lh1d0wgoxmq0
razorpay,rzp_norm_pay_in5ntuyannzy9k,bank,bank_norm_banktxn_ya8dp5q7wy2x60gz,1.0,AUTO_MATCH,0,,11200,11200,NR5G8LMTSYA2LW9L,NR5G8LMTSYA2LW9L,order_mqbpntmi9vyq,
razorpay,rzp_norm_pay_in5ntuyannzy9k,merchant,merch_norm_led_aelv7knzpxpe,1.0,AUTO_MATCH,0,,11200,11200,NR5G8LMTSYA2LW9L,,order_mqbpntmi9vyq,order_mqbpntmi9vyq
razorpay,rzp_norm_pay_iog3xvy6ufr7wx,merchant,merch_norm_led_t1o3lect37fo,1.0,AUTO_MATCH,0,,179110,179110,57X3XAKGZK85587N,,order_lsl9hna7oia2,order_lsl9hna7oia2
razorpay,rzp_norm_pay_irf60vy2uyrkso,bank,bank_norm_banktxn_9nf4uk3g0du157xk,1.0,AUTO_MATCH,0,,298042,298042,JVFFHENUFRU26RWN,JVFFHENUFRU26RWN,order_37zxe0h6khiv,
razorpay,rzp_norm_pay_irf60vy2uyrkso,merchant,merch_norm_led_pzsh1ma1km2m,1.0,AUTO_MATCH,0,,298042,298042,JVFFHENUFRU26RWN,,order_37zxe0h6khiv,order_37zxe0h6khiv
razorpay,rzp_norm_pay_irlj5yqyjwvhcb,bank,bank_norm_banktxn_d1w7e89bmtn1g48a,1.0,AUTO_MATCH,0,,50786,49707,NNVYNIKUOKD09GQI,NNVYNIKUOKD09GQI,order_0d9aozpwu1du,
razorpay,rzp_norm_pay_irlj5yqyjwvhcb,merchant,merch_norm_led_qpjfn0hknse6,1.0,AUTO_MATCH,0,,50786,50786,NNVYNIKUOKD09GQI,,order_0d9aozpwu1du,order_0d9aozpwu1du
razorpay,rzp_norm_pay_iscn21ccibegbl,bank,bank_norm_banktxn_yonkrf2cyi9kf3h8,1.0,AUTO_MATCH,0,,880183,880183,LDJTFNNAXR4798CC,LDJTFNNAXR4798CC,order_zfbc1bg618o7,
razorpay,rzp_norm_pay_iscn21ccibegbl,merchant,merch_norm_led_wvd5u4awownv,1.0,AUTO_MATCH,0,,880183,880183,LDJTFNNAXR4798CC,,order_zfbc1bg618o7,order_zfbc1bg618o7
razorpay,rzp_norm_pay_itlzfnwjsu3ofb,bank,bank_norm_banktxn_847zlsbel35htdvv,1.0,AUTO_MATCH,0,,210878,206399,IQSSX4XXRDQ5EKIK,IQSSX4XXRDQ5EKIK,order_xlf839kjq5qu,
razorpay,rzp_norm_pay_itlzfnwjsu3ofb,merchant,merch_norm_led_r8pcwomivt5u,1.0,AUTO_MATCH,0,,210878,210878,IQSSX4XXRDQ5EKIK,,order_xlf839kjq5qu,order_xlf839kjq5qu
razorpay,rzp_norm_pay_iud1xszysl8oea,merchant,merch_norm_led_6o6jelhej7w9,1.0,AUTO_MATCH,0,,769791,769791,43DUU019FDKY8CL1,,order_axgi7eeckz3b,order_axgi7eeckz3b
razorpay,rzp_norm_pay_iymqgovu2bhp9p,bank,bank_norm_banktxn_xn3wa4jwp8x1bcc3,1.0,AUTO_MATCH,0,,382457,382457,HV6E8JSKHQ5CSDQV,HV6E8JSKHQ5CSDQV,order_2plf3uhn1ljj,
razorpay,rzp_norm_pay_iymqgovu2bhp9p,merchant,merch_norm_led_f2t3nchntwp7,1.0,AUTO_MATCH,0,,382457,382457,HV6E8JSKHQ5CSDQV,,order_2plf3uhn1ljj,order_2plf3uhn1ljj
razorpay,rzp_norm_pay_iz68qz8onyekbu,bank,bank_norm_banktxn_gd0tzjltwgg3ae3u,1.0,AUTO_MATCH,0,,23629,23629,PWHS3D5NVRL6BFGG,PWHS3D5NVRL6BFGG,order_fydqwykq1qhk,
razorpay,rzp_norm_pay_iz68qz8onyekbu,merchant,merch_norm_led_u7jol29zr044,1.0,AUTO_MATCH,0,,23629,23629,PWHS3D5NVRL6BFGG,,order_fydqwykq1qhk,order_fydqwykq1qhk
razorpay,rzp_norm_pay_j3fuaminxlwelq,merchant,merch_norm_led_d3f0upxl2rjn,1.0,AUTO_MATCH,0,,66366,66366,SH4BKZ4GVQB6BCP2,,order_fz79uhd99kl6,order_fz79uhd99kl6
razorpay,rzp_norm_pay_j4azolnx7otmbd,bank,bank_norm_banktxn_4wk9uci55ip5cf5l,1.0,AUTO_MATCH,0,,249228,243346,4GOCG8BJA6NTF36B,4GOCG8BJA6NTF36B,order_yd6ejy5z23cy,
razorpay,rzp_norm_pay_j4azolnx7otmbd,merchant,merch_norm_led_mnc34ke2c3ji,1.0,AUTO_MATCH,0,,249228,249228,4GOCG8BJA6NTF36B,,order_yd6ejy5z23cy,order_yd6ejy5z23cy
razorpay,rzp_norm_pay_j4muecurxh05ch,bank,bank_norm_banktxn_tbpr4x3ygfxx4oyj,1.0,AUTO_MATCH,0,,137954,134698,M6JM6HMKYCYVDOZ2,M6JM6HMKYCYVDOZ2,order_4vw400v7nu6j,
razorpay,rzp_norm_pay_j4muecurxh05ch,merchant,merch_norm_led_x8tac12t1joh,1.0,AUTO_MATCH,0,,137954,137954,M6JM6HMKYCYVDOZ2,,order_4vw400v7nu6j,order_4vw400v7nu6j
razorpay,rzp_norm_pay_j51bwbpcw0brj9,bank,bank_norm_banktxn_ke9k8r3245y6bf1u,1.0,AUTO_MATCH,0,,151237,151237,STBBMTXCREQX68E1,STBBMTXCREQX68E1,order_z3e4m6aarkx5,
razorpay,rzp_norm_pay_j51bwbpcw0brj9,merchant,merch_norm_led_dxxz349a58gc,1.0,AUTO_MATCH,0,,151237,151237,STBBMTXCREQX68E1,,order_z3e4m6aarkx5,order_z3e4m6aarkx5
razorpay,rzp_norm_pay_j802obwvsxufkx,bank,bank_norm_banktxn_d7ivw75us9qhx6aw,1.0,AUTO_MATCH,0,,54824,53531,79R9B4CB1J42IAGY,79R9B4CB1J42IAGY,order_kopipj7r8dib,
razorpay,rzp_norm_pay_j802obwvsxufkx,merchant,merch_norm_led_c7z13errq1a0,1.0,AUTO_MATCH,0,,54824,54824,79R9B4CB1J42IAGY,,order_kopipj7r8dib,order_kopipj7r8dib
razorpay,rzp_norm_pay_ja42jitxxlr8lv,bank,bank_norm_banktxn_zgu9d0jq6xh8q6w7,1.0,AUTO_MATCH,0,,336618,336618,7N2OGY336137QSO7,7N2OGY336137QSO7,order_mcap1ee8d1wa,
razorpay,rzp_norm_pay_ja42jitxxlr8lv,merchant,merch_norm_led_i76vccgxcmqi,1.0,AUTO_MATCH,0,,336618,336618,7N2OGY336137QSO7,,order_mcap1ee8d1wa,order_mcap1ee8d1wa
razorpay,rzp_norm_pay_jcfbs5kg1qexkq,bank,bank_norm_banktxn_xya8622t80h1jv47,1.0,AUTO_MATCH,0,,74647,74647,3MMMLEKHI2SXQTTW,3MMMLEKHI2SXQTTW,order_t083t4mctzhb,
razorpay,rzp_norm_pay_jcfbs5kg1qexkq,merchant,merch_norm_led_bip6snvy0h61,1.0,AUTO_MATCH,0,,74647,74647,3MMMLEKHI2SXQTTW,,order_t083t4mctzhb,order_t083t4mctzhb
razorpay,rzp_norm_pay_jco4bl4iao6x58,bank,bank_norm_banktxn_61zjn82u8lh0cvog,1.0,AUTO_MATCH,0,,33223,33223,12O2FAWSMTETTNRI,12O2FAWSMTETTNRI,order_j4ka495fdytd,
razorpay,rzp_norm_pay_jco4bl4iao6x58,merchant,merch_norm_led_j5cf1wgkn98n,1.0,AUTO_MATCH,0,,33223,33223,12O2FAWSMTETTNRI,,order_j4ka495fdytd,order_j4ka495fdytd
razorpay,rzp_norm_pay_jeoqkimczzbd8f,bank,bank_norm_banktxn_ntu06j575mx6o9d4,1.0,AUTO_MATCH,0,,110574,110574,NUNJ90EZ07CETP44,NUNJ90EZ07CETP44,order_jlfdmoqwa8xq,
razorpay,rzp_norm_pay_jeoqkimczzbd8f,merchant,merch_norm_led_mfhaz47mytpl,1.0,AUTO_MATCH,0,,110574,110574,NUNJ90EZ07CETP44,,order_jlfdmoqwa8xq,order_jlfdmoqwa8xq
razorpay,rzp_norm_pay_jgulm1w9ez9xyz,merchant,merch_norm_led_8ui1aomlzkbg,1.0,AUTO_MATCH,0,,86761,86761,9V7JOEMLI9YJRXQD,,order_6p5et5kwy1ve,order_6p5et5kwy1ve
razorpay,rzp_norm_pay_jktsglbdb5g6ry,bank,bank_norm_banktxn_yc5jt9ur17a9svu1,1.0,AUTO_MATCH,0,,126472,123786,PJ5880C71C1DU9FR,PJ5880C71C1DU9FR,order_10p70autpvjn,
razorpay,rzp_norm_pay_jktsglbdb5g6ry,merchant,merch_norm_led_sfcip3l06rqv,1.0,AUTO_MATCH,0,,126472,126472,PJ5880C71C1DU9FR,,order_10p70autpvjn,order_10p70autpvjn
razorpay,rzp_norm_pay_jmwvmtu56i5tiq,bank,bank_norm_banktxn_e3k8g66ha2sqn6ed,1.0,AUTO_MATCH,0,,596073,582006,XPPXRYXJ911EBOL3,XPPXRYXJ911EBOL3,order_43obem61yd8v,
razorpay,rzp_norm_pay_jmwvmtu56i5tiq,merchant,merch_norm_led_lbinur3fq41y,1.0,AUTO_MATCH,0,,596073,596073,XPPXRYXJ911EBOL3,,order_43obem61yd8v,order_43obem61yd8v
razorpay,rzp_norm_pay_jnspvspnuropgu,bank,bank_norm_banktxn_tnjh9a0r4zn2qayt,1.0,AUTO_MATCH,0,,332764,332764,KB4VN3IYXVX8ZWV9,KB4VN3IYXVX8ZWV9,order_p2zm80wl8rjl,
razorpay,rzp_norm_pay_jnspvspnuropgu,merchant,merch_norm_led_exrh23ou8jqr,1.0,AUTO_MATCH,0,,332764,332764,KB4VN3IYXVX8ZWV9,,order_p2zm80wl8rjl,order_p2zm80wl8rjl
razorpay,rzp_norm_pay_jpe56lh4xurdm4,bank,bank_norm_banktxn_9f9jrqk4dqhiagfp,1.0,AUTO_MATCH,0,,139138,139138,ZB1XBVDTHYR3XCNT,ZB1XBVDTHYR3XCNT,order_jwjrykcqpgwt,
razorpay,rzp_norm_pay_jpe56lh4xurdm4,merchant,merch_norm_led_f79c1fjtvzrr,1.0,AUTO_MATCH,0,,139138,139138,ZB1XBVDTHYR3XCNT,,order_jwjrykcqpgwt,order_jwjrykcqpgwt
razorpay,rzp_norm_pay_jptitma6hzfnon,bank,bank_norm_banktxn_g3kpju2fcrhaikc9,1.0,AUTO_MATCH,0,,42347,42347,673NMQBJ49RQSQW1,673NMQBJ49RQSQW1,order_2zo88t0bl8ng,
razorpay,rzp_norm_pay_jptitma6hzfnon,merchant,merch_norm_led_1rkhe8q4iej3,1.0,AUTO_MATCH,0,,42347,42347,673NMQBJ49RQSQW1,,order_2zo88t0bl8ng,order_2zo88t0bl8ng
razorpay,rzp_norm_pay_jpz0jidrktssdw,bank,bank_norm_banktxn_ebxt3zf7t8txzksw,1.0,AUTO_MATCH,0,,48110,48110,12FU4TQCOVPF906R,12FU4TQCOVPF906R,order_ua5iwl5fjec9,
razorpay,rzp_norm_pay_jpz0jidrktssdw,merchant,merch_norm_led_rzsausgfhxvf,1.0,AUTO_MATCH,0,,48110,48110,12FU4TQCOVPF906R,,order_ua5iwl5fjec9,order_ua5iwl5fjec9
razorpay,rzp_norm_pay_jq11ikb58x6n76,bank,bank_norm_banktxn_84606u2unpy6gazf,1.0,AUTO_MATCH,0,,8957,8746,Y5ZYJZJ6P2JQ5LH3,Y5ZYJZJ6P2JQ5LH3,order_glk7bd5e3hjz,
razorpay,rzp_norm_pay_jq11ikb58x6n76,merchant,merch_norm_led_5lab61ud8awf,1.0,AUTO_MATCH,0,,8957,8957,Y5ZYJZJ6P2JQ5LH3,,order_glk7bd5e3hjz,order_glk7bd5e3hjz
razorpay,rzp_norm_pay_jqio98m2sgtra5,bank,bank_norm_banktxn_bytkpsc7637too0b,1.0,AUTO_MATCH,0,,167744,162795,3S48NUK76T4GI1CI,3S48NUK76T4GI1CI,order_zfydke04pwgs,
razorpay,rzp_norm_pay_jqio98m2sgtra5,merchant,merch_norm_led_s58q4mh2wnp5,1.0,AUTO_MATCH,0,,167744,167744,3S48NUK76T4GI1CI,,order_zfydke04pwgs,order_zfydke04pwgs
razorpay,rzp_norm_pay_jqja1fq8nxrd6j,bank,bank_norm_banktxn_iwxw1e6nfzwxbhl8,1.0,AUTO_MATCH,0,,523292,523292,BPENLYBIC15UOJQH,BPENLYBIC15UOJQH,order_g5t2oioamni2,
razorpay,rzp_norm_pay_jqja1fq8nxrd6j,merchant,merch_norm_led_t3l2i3ifdddm,1.0,AUTO_MATCH,0,,523292,523292,BPENLYBIC15UOJQH,,order_g5t2oioamni2,order_g5t2oioamni2
razorpay,rzp_norm_pay_jsr0bgwrrchb3m,bank,bank_norm_banktxn_3qqj6hunefpnaish,1.0,AUTO_MATCH,0,,116659,113906,P5LBOPNL4HVOANFW,P5LBOPNL4HVOANFW,order_frtufhznbuem,
razorpay,rzp_norm_pay_jsr0bgwrrchb3m,merchant,merch_norm_led_prkeldzq8zlf,1.0,AUTO_MATCH,0,,116659,116659,P5LBOPNL4HVOANFW,,order_frtufhznbuem,order_frtufhznbuem
razorpay,rzp_norm_pay_jt938rhok9qtgu,bank,bank_norm_banktxn_dwa8flkb91j6aglp,1.0,AUTO_MATCH,0,,572667,559152,5SUUPO23BA01FRJ8,5SUUPO23BA01FRJ8,order_7w4rqy2ve721,
razorpay,rzp_norm_pay_jt938rhok9qtgu,merchant,merch_norm_led_b691ang1g65c,1.0,AUTO_MATCH,0,,572667,572667,5SUUPO23BA01FRJ8,,order_7w4rqy2ve721,order_7w4rqy2ve721
razorpay,rzp_norm_pay_ju4yoi4e3g2y3w,bank,bank_norm_banktxn_qpb2rzkpq209wzlj,1.0,AUTO_MATCH,0,,46119,45031,D55B49LLELD8I7AR,D55B49LLELD8I7AR,order_q8xekku6ibt2,
razorpay,rzp_norm_pay_ju4yoi4e3g2y3w,merchant,merch_norm_led_4447815m29o5,1.0,AUTO_MATCH,0,,46119,46119,D55B49LLELD8I7AR,,order_q8xekku6ibt2,order_q8xekku6ibt2
razorpay,rzp_norm_pay_juyeooug9xr0is,merchant,merch_norm_led_58ob7bgit4th,1.0,AUTO_MATCH,0,,74135,74135,6GPTFCXLBKZ0040Q,,order_okx26ymrhlhh,order_okx26ymrhlhh
razorpay,rzp_norm_pay_jvp3jg69zeeft9,bank,bank_norm_banktxn_vvpdprfifalako56,1.0,AUTO_MATCH,0,,10635,10410,U4K3RPR9QU1LN7JF,U4K3RPR9QU1LN7JF,order_6ywnqpqlj5fa,
razorpay,rzp_norm_pay_jvp3jg69zeeft9,merchant,merch_norm_led_5509yrv5930u,1.0,AUTO_MATCH,0,,10635,10635,U4K3RPR9QU1LN7JF,,order_6ywnqpqlj5fa,order_6ywnqpqlj5fa
razorpay,rzp_norm_pay_jx8hpzqu27pnoa,bank,bank_norm_banktxn_4sb6n3l90nelc5c7,1.0,AUTO_MATCH,0,,430799,430799,K9HBCL9LO20XKXJO,K9HBCL9LO20XKXJO,order_vvi2a4nv8d59,
razorpay,rzp_norm_pay_jx8hpzqu27pnoa,merchant,merch_norm_led_whnq1lei9f98,1.0,AUTO_MATCH,0,,430799,430799,K9HBCL9LO20XKXJO,,order_vvi2a4nv8d59,order_vvi2a4nv8d59
razorpay,rzp_norm_pay_jzyzy1jv2gqhzl,bank,bank_norm_banktxn_4wlwox2gcg902wx9,1.0,AUTO_MATCH,0,,460263,446685,5DNC60FW4PPVS1N9,5DNC60FW4PPVS1N9,order_km6pdai2lsi6,
razorpay,rzp_norm_pay_jzyzy1jv2gqhzl,merchant,merch_norm_led_kykuwcy2cu1d,1.0,AUTO_MATCH,0,,460263,460263,5DNC60FW4PPVS1N9,,order_km6pdai2lsi6,order_km6pdai2lsi6
razorpay,rzp_norm_pay_k173kzun9koz1r,bank,bank_norm_banktxn_vpy3xqp9z5dsa7ge,1.0,AUTO_MATCH,0,,161476,161476,44896XAF5NML5QL4,44896XAF5NML5QL4,order_kpbk2ik2w38v,
razorpay,rzp_norm_pay_k173kzun9koz1r,merchant,merch_norm_led_f3z13eu22ee9,1.0,AUTO_MATCH,0,,161476,161476,44896XAF5NML5QL4,,order_kpbk2ik2w38v,order_kpbk2ik2w38v
razorpay,rzp_norm_pay_k1vue6zylfttnf,bank,bank_norm_banktxn_y0pogjznquzowapw,1.0,AUTO_MATCH,0,,143398,140014,1PXIJFDX1AKHV5BU,1PXIJFDX1AKHV5BU,order_dmg2kfcahfck,
razorpay,rzp_norm_pay_k1vue6zylfttnf,merchant,merch_norm_led_mk79u366xdq3,1.0,AUTO_MATCH,0,,143398,143398,1PXIJFDX1AKHV5BU,,order_dmg2kfcahfck,order_dmg2kfcahfck
razorpay,rzp_norm_pay_k4bo090fe5grnq,merchant,merch_norm_led_dnnvgkyp7w0k,1.0,AUTO_MATCH,0,,68170,68170,M3JFWPI6PHM2XO9K,,order_mv7qpmvw6d1i,order_mv7qpmvw6d1i
razorpay,rzp_norm_pay_k4ehjbiq8u68ce,merchant,merch_norm_led_vvwkl03ihn2s,1.0,AUTO_MATCH,0,,434729,434729,1PAWB7P0XVZVKUWZ,,order_f3qlfcncnuky,order_f3qlfcncnuky
razorpay,rzp_norm_pay_k89io81cnmo40d,bank,bank_norm_banktxn_3r7nauezvh3a3s5r,1.0,AUTO_MATCH,0,,220526,220526,MZKYNOJ8D1G4919U,MZKYNOJ8D1G4919U,order_m8v16et79hcr,
razorpay,rzp_norm_pay_k89io81cnmo40d,merchant,merch_norm_led_r1qe88ix6lkg,1.0,AUTO_MATCH,0,,220526,220526,MZKYNOJ8D1G4919U,,order_m8v16et79hcr,order_m8v16et79hcr
razorpay,rzp_norm_pay_ka3dv6271hhdd2,bank,bank_norm_banktxn_xmtlnrij9bvvl15d,1.0,AUTO_MATCH,0,,244556,244556,PWIXPNKXJ9AMBTSO,PWIXPNKXJ9AMBTSO,order_n2y3fg2q13xu,
razorpay,rzp_norm_pay_ka3dv6271hhdd2,merchant,merch_norm_led_9n8qsjh8bb5r,1.0,AUTO_MATCH,0,,244556,244556,PWIXPNKXJ9AMBTSO,,order_n2y3fg2q13xu,order_n2y3fg2q13xu
razorpay,rzp_norm_pay_kd480i0kifsvrr,bank,bank_norm_banktxn_0vz4zt62pxkrj8lt,1.0,AUTO_MATCH,0,,18938,18938,F5JD5K54GERUYQA6,F5JD5K54GERUYQA6,order_6wc3xnw336yu,
razorpay,rzp_norm_pay_kd480i0kifsvrr,merchant,merch_norm_led_3qz09rcf4ngb,1.0,AUTO_MATCH,0,,18938,18938,F5JD5K54GERUYQA6,,order_6wc3xnw336yu,order_6wc3xnw336yu
razorpay,rzp_norm_pay_keu0uuhnhiu3y8,bank,bank_norm_banktxn_j18nvzs0doxp3l3p,1.0,AUTO_MATCH,0,,83457,83457,OQ8QBFKO0NE08O4Y,OQ8QBFKO0NE08O4Y,order_c5s4io4lfhqv,
razorpay,rzp_norm_pay_keu0uuhnhiu3y8,merchant,merch_norm_led_f2ppfr0n28x5,1.0,AUTO_MATCH,0,,83457,83457,OQ8QBFKO0NE08O4Y,,order_c5s4io4lfhqv,order_c5s4io4lfhqv
razorpay,rzp_norm_pay_kfau5gubm0uo9c,bank,bank_norm_banktxn_a9kunygxfpd7s26d,1.0,AUTO_MATCH,0,,1404886,1375046,IDQ04P5RWUOE1VCT,IDQ04P5RWUOE1VCT,order_e8tn2hjgwe5v,
razorpay,rzp_norm_pay_kfau5gubm0uo9c,merchant,merch_norm_led_wzy609kszx8b,1.0,AUTO_MATCH,0,,1404886,1404886,IDQ04P5RWUOE1VCT,,order_e8tn2hjgwe5v,order_e8tn2hjgwe5v
razorpay,rzp_norm_pay_khbg05m1gdt3xq,bank,bank_norm_banktxn_oxaukpwgvxk3sxru,1.0,AUTO_MATCH,0,,234529,229547,GKGZSNSUG8MIA3JD,GKGZSNSUG8MIA3JD,order_z1xwflxnmwer,
razorpay,rzp_norm_pay_khbg05m1gdt3xq,merchant,merch_norm_led_bke3w6lx0yps,1.0,AUTO_MATCH,0,,234529,234529,GKGZSNSUG8MIA3JD,,order_z1xwflxnmwer,order_z1xwflxnmwer
razorpay,rzp_norm_pay_ki8p3sz9i47qhd,bank,bank_norm_banktxn_exm6l9fhrpk94vir,1.0,AUTO_MATCH,0,,463463,463463,HX98E3RI845RWGP3,HX98E3RI845RWGP3,order_hbj47gukipr9,
razorpay,rzp_norm_pay_ki8p3sz9i47qhd,merchant,merch_norm_led_gkce6rhk0r2k,1.0,AUTO_MATCH,0,,463463,463463,HX98E3RI845RWGP3,,order_hbj47gukipr9,order_hbj47gukipr9
razorpay,rzp_norm_pay_kijsrasms2mrh3,bank,bank_norm_banktxn_f71bvxoz7ggsdivc,1.0,AUTO_MATCH,0,,20428,19994,NNO29SNNS48XNPKH,NNO29SNNS48XNPKH,order_4pnwa19s284f,
razorpay,rzp_norm_pay_kijsrasms2mrh3,merchant,merch_norm_led_784sbs5km4zy,1.0,AUTO_MATCH,0,,20428,20428,NNO29SNNS48XNPKH,,order_4pnwa19s284f,order_4pnwa19s284f
razorpay,rzp_norm_pay_kj3myiugfzivl8,merchant,merch_norm_led_f028mmclbnpd,1.0,AUTO_MATCH,0,,177289,177289,MI1H97107JP77USX,,order_wuajltzybbil,order_wuajltzybbil
razorpay,rzp_norm_pay_kjfl5cs6wegv99,bank,bank_norm_banktxn_hr5p7l34yq1l0fk2,1.0,AUTO_MATCH,0,,169236,169236,W97TRR3EYFGVXR9Q,W97TRR3EYFGVXR9Q,order_63y2ssynwk5b,
razorpay,rzp_norm_pay_kjfl5cs6wegv99,merchant,merch_norm_led_0vyp46g1trs1,1.0,AUTO_MATCH,0,,169236,169236,W97TRR3EYFGVXR9Q,,order_63y2ssynwk5b,order_63y2ssynwk5b
razorpay,rzp_norm_pay_kktqrfjkj7zb69,bank,bank_norm_banktxn_895vmpaoo91xchv5,1.0,AUTO_MATCH,0,,1497549,1497549,OO513X8AG87PY9QW,OO513X8AG87PY9QW,order_qhl93qj561q6,
razorpay,rzp_norm_pay_kktqrfjkj7zb69,merchant,merch_norm_led_00me8mv88zt3,1.0,AUTO_MATCH,0,,1497549,1497549,OO513X8AG87PY9QW,,order_qhl93qj561q6,order_qhl93qj561q6
razorpay,rzp_norm_pay_kmaa9su2bnzimz,bank,bank_norm_banktxn_4s5mmurc8n7pq84m,1.0,AUTO_MATCH,0,,721096,704078,BWPSFFNFT1RD9D30,BWPSFFNFT1RD9D30,order_kki8a2kiwsb7,
razorpay,rzp_norm_pay_kmaa9su2bnzimz,merchant,merch_norm_led_ruhzodviv3f1,1.0,AUTO_MATCH,0,,721096,721096,BWPSFFNFT1RD9D30,,order_kki8a2kiwsb7,order_kki8a2kiwsb7
razorpay,rzp_norm_pay_kn5pazabbm06yb,bank,bank_norm_banktxn_qp0gl3nrcb4ui21e,1.0,AUTO_MATCH,0,,162463,162463,5AAFH5IB00QPAS28,5AAFH5IB00QPAS28,order_mpajsbzqcgb0,
razorpay,rzp_norm_pay_kn5pazabbm06yb,merchant,merch_norm_led_435efncyb8aj,1.0,AUTO_MATCH,0,,162463,162463,5AAFH5IB00QPAS28,,order_mpajsbzqcgb0,order_mpajsbzqcgb0
razorpay,rzp_norm_pay_kq10qi80b9nvfq,bank,bank_norm_banktxn_28ouj6b5pewagkob,1.0,AUTO_MATCH,0,,252446,252446,8ADAFMJECVGKDRLP,8ADAFMJECVGKDRLP,order_t3s52o165e0e,
razorpay,rzp_norm_pay_kq10qi80b9nvfq,merchant,merch_norm_led_aev9hygdr3o3,1.0,AUTO_MATCH,0,,252446,252446,8ADAFMJECVGKDRLP,,order_t3s52o165e0e,order_t3s52o165e0e
razorpay,rzp_norm_pay_kst19amrq1izvf,bank,bank_norm_banktxn_epvtisabpi0yltb6,1.0,AUTO_MATCH,0,,219257,214600,APZQMDQHKN6KWYYP,APZQMDQHKN6KWYYP,order_oy8o76pdd7ib,
razorpay,rzp_norm_pay_kst19amrq1izvf,merchant,merch_norm_led_oqqqc1e8w5q1,1.0,AUTO_MATCH,0,,219257,219257,APZQMDQHKN6KWYYP,,order_oy8o76pdd7ib,order_oy8o76pdd7ib
razorpay,rzp_norm_pay_ktgjh72spar8ol,bank,bank_norm_banktxn_4ouxjdj2vd3s6tto,1.0,AUTO_MATCH,0,,288661,288661,DXL3TRNWKSWEVLQZ,DXL3TRNWKSWEVLQZ,order_iejsm6p1gflw,
razorpay,rzp_norm_pay_ktgjh72spar8ol,merchant,merch_norm_led_6ck10vwydoa9,1.0,AUTO_MATCH,0,,288661,288661,DXL3TRNWKSWEVLQZ,,order_iejsm6p1gflw,order_iejsm6p1gflw
razorpay,rzp_norm_pay_ktv14u7mutaim8,merchant,merch_norm_led_5d8099syiosc,1.0,AUTO_MATCH,0,,82677,82677,FFZAUO4LDRRLYFB4,,order_w6p6kz4jytpq,order_w6p6kz4jytpq
razorpay,rzp_norm_pay_ktvt45zfs8uhaa,merchant,merch_norm_led_6aa2qw6kkzcd,1.0,AUTO_MATCH,0,,160440,160440,SMBD2YDS3X6OJS30,,order_16bi7ypa40h9,order_16bi7ypa40h9
razorpay,rzp_norm_pay_kukeyl4cuoflai,bank,bank_norm_banktxn_bomcdw2i64u5o3fc,1.0,AUTO_MATCH,0,,25314,25314,1PFDGQ44XVXVCS9X,1PFDGQ44XVXVCS9X,order_q4j8ra1h3wm9,
razorpay,rzp_norm_pay_kukeyl4cuoflai,merchant,merch_norm_led_e3wnii5xjfqr,1.0,AUTO_MATCH,0,,25314,25314,1PFDGQ44XVXVCS9X,,order_q4j8ra1h3wm9,order_q4j8ra1h3wm9
razorpay,rzp_norm_pay_kvjrk5yirnod7p,bank,bank_norm_banktxn_c29m9208x1iaqz2y,1.0,AUTO_MATCH,0,,61985,60156,V8REM8XZ8W0XAD6J,V8REM8XZ8W0XAD6J,order_1dbzzwgyuzj6,
razorpay,rzp_norm_pay_kvjrk5yirnod7p,merchant,merch_norm_led_uybkfgov0swl,1.0,AUTO_MATCH,0,,61985,61985,V8REM8XZ8W0XAD6J,,order_1dbzzwgyuzj6,order_1dbzzwgyuzj6
razorpay,rzp_norm_pay_kxyxpycik8scir,bank,bank_norm_banktxn_jocmy3rwxbwn2d6t,1.0,AUTO_MATCH,0,,1222354,1222354,JVI3X2C5JYBK3Y13,JVI3X2C5JYBK3Y13,order_pro5v1v6kzuo,
razorpay,rzp_norm_pay_kxyxpycik8scir,merchant,merch_norm_led_bek4dvd02od7,1.0,AUTO_MATCH,0,,1222354,1222354,JVI3X2C5JYBK3Y13,,order_pro5v1v6kzuo,order_pro5v1v6kzuo
razorpay,rzp_norm_pay_ky6w72ik38jdtd,bank,bank_norm_banktxn_sf5loofvbmm76oif,1.0,AUTO_MATCH,0,,120074,117524,MWPFDMF30LYKR5NI,MWPFDMF30LYKR5NI,order_p4lxvdop8s5d,
razorpay,rzp_norm_pay_ky6w72ik38jdtd,merchant,merch_norm_led_p28wfuvbt1ay,1.0,AUTO_MATCH,0,,120074,120074,MWPFDMF30LYKR5NI,,order_p4lxvdop8s5d,order_p4lxvdop8s5d
razorpay,rzp_norm_pay_kzpqd8yuxuaxvc,merchant,merch_norm_led_h4phxv843hpq,1.0,AUTO_MATCH,0,,103434,103434,7R0FCBYZW0U01K52,,order_4gajnqb7upjj,order_4gajnqb7upjj
razorpay,rzp_norm_pay_l134ox3h5i4k3t,bank,bank_norm_banktxn_z5vuo3a4g1pxyg4c,1.0,AUTO_MATCH,0,,539056,539056,1VSSIPA3S8PQ88M1,1VSSIPA3S8PQ88M1,order_qbxcsq93nehh,
razorpay,rzp_norm_pay_l134ox3h5i4k3t,merchant,merch_norm_led_ccte58kmacmp,1.0,AUTO_MATCH,0,,539056,539056,1VSSIPA3S8PQ88M1,,order_qbxcsq93nehh,order_qbxcsq93nehh
razorpay,rzp_norm_pay_l8zl2be58pkcat,bank,bank_norm_banktxn_922q7ug4cqjgnhup,1.0,AUTO_MATCH,0,,181349,177497,FHUV4IRL2FMKNMS2,FHUV4IRL2FMKNMS2,order_fkl7is9g3c88,
razorpay,rzp_norm_pay_l8zl2be58pkcat,merchant,merch_norm_led_7a6zf59u0qk1,1.0,AUTO_MATCH,0,,181349,181349,FHUV4IRL2FMKNMS2,,order_fkl7is9g3c88,order_fkl7is9g3c88
razorpay,rzp_norm_pay_l9ests8rpkqcct,merchant,merch_norm_led_mm9xpb1bvfm8,1.0,AUTO_MATCH,0,,256961,256961,KX2219UB84JBKTC7,,order_07h32m9sy41n,order_07h32m9sy41n
razorpay,rzp_norm_pay_ldc7uj895rnw65,bank,bank_norm_banktxn_kwak3yidhb57a6yb,1.0,AUTO_MATCH,0,,44889,43829,3OFOY8GX4VBV6D45,3OFOY8GX4VBV6D45,order_nu5cosxlfs9y,
razorpay,rzp_norm_pay_ldc7uj895rnw65,merchant,merch_norm_led_yxa6gmjt2kif,1.0,AUTO_MATCH,0,,44889,44889,3OFOY8GX4VBV6D45,,order_nu5cosxlfs9y,order_nu5cosxlfs9y
razorpay,rzp_norm_pay_le1vrr6gzp8y2n,merchant,merch_norm_led_m3eq5b29l4cx,1.0,AUTO_MATCH,0,,633919,633919,6XRLU9I0JFJVG7AK,,order_py805unf0sqq,order_py805unf0sqq
razorpay,rzp_norm_pay_lerksjgam9oga3,bank,bank_norm_banktxn_v5tj2nxjpxw5hh2w,1.0,AUTO_MATCH,0,,154700,151414,CFTESRPSOY7O0XKL,CFTESRPSOY7O0XKL,order_i5pi7mdsi2n5,
razorpay,rzp_norm_pay_lerksjgam9oga3,merchant,merch_norm_led_3dlwpai2msgg,1.0,AUTO_MATCH,0,,154700,154700,CFTESRPSOY7O0XKL,,order_i5pi7mdsi2n5,order_i5pi7mdsi2n5
razorpay,rzp_norm_pay_lesz97iaj5eu6u,bank,bank_norm_banktxn_puunmmsfki60ksu8,1.0,AUTO_MATCH,0,,68933,68933,GWDRX7RSACYPRLQ2,GWDRX7RSACYPRLQ2,order_f0rc2xnxd2qz,
razorpay,rzp_norm_pay_lesz97iaj5eu6u,merchant,merch_norm_led_m0i2blywz41y,1.0,AUTO_MATCH,0,,68933,68933,GWDRX7RSACYPRLQ2,,order_f0rc2xnxd2qz,order_f0rc2xnxd2qz
razorpay,rzp_norm_pay_lgu33q3fx43sm6,merchant,merch_norm_led_s6nuza3lbjba,1.0,AUTO_MATCH,0,,86139,86139,6VLP4OW2LRG5XLH7,,order_pcl84g5b0aai,order_pcl84g5b0aai
razorpay,rzp_norm_pay_lh5hbeyq4jk1j7,bank,bank_norm_banktxn_2pelm6v9pcihmkqn,1.0,AUTO_MATCH,0,,656642,642694,71M2JJAY6QJKW2X6,71M2JJAY6QJKW2X6,order_eza9mw4h2506,
razorpay,rzp_norm_pay_lh5hbeyq4jk1j7,merchant,merch_norm_led_zaivqz8kygmv,1.0,AUTO_MATCH,0,,656642,656642,71M2JJAY6QJKW2X6,,order_eza9mw4h2506,order_eza9mw4h2506
razorpay,rzp_norm_pay_li0ig8ubw30c7s,bank,bank_norm_banktxn_l9r37nad28poce1a,1.0,AUTO_MATCH,0,,56643,55439,HGH2ZZKD1CB2TNR0,HGH2ZZKD1CB2TNR0,order_zwfogf5rvxkw,
razorpay,rzp_norm_pay_li0ig8ubw30c7s,merchant,merch_norm_led_fmpmg0f1s7mh,1.0,AUTO_MATCH,0,,56643,56643,HGH2ZZKD1CB2TNR0,,order_zwfogf5rvxkw,order_zwfogf5rvxkw
razorpay,rzp_norm_pay_ljrp1bg5r7cgjw,bank,bank_norm_banktxn_e1ke4itqlyouz0ll,1.0,AUTO_MATCH,0,,408504,408504,PBIH0QD1Q8HHTK6E,PBIH0QD1Q8HHTK6E,order_yf3nudrhbhw2,
razorpay,rzp_norm_pay_ljrp1bg5r7cgjw,merchant,merch_norm_led_kms9tvdyaogp,1.0,AUTO_MATCH,0,,408504,408504,PBIH0QD1Q8HHTK6E,,order_yf3nudrhbhw2,order_yf3nudrhbhw2
razorpay,rzp_norm_pay_ljykjuwvoz8ul5,merchant,merch_norm_led_fpuhtyl9g4g7,1.0,AUTO_MATCH,0,,23633,23633,KFCMJCLXQHGRC8IC,,order_vlyx4ghhiwek,order_vlyx4ghhiwek
razorpay,rzp_norm_pay_lkawxbc7d9rvwd,bank,bank_norm_banktxn_4t7rndllmchn3rxl,1.0,AUTO_MATCH,0,,268304,262606,WP99LHEVQCQPBWV6,WP99LHEVQCQPBWV6,order_jcmyn6ttqfwn,
razorpay,rzp_norm_pay_lkawxbc7d9rvwd,merchant,merch_norm_led_w8gyqf3t9xlk,1.0,AUTO_MATCH,0,,268304,268304,WP99LHEVQCQPBWV6,,order_jcmyn6ttqfwn,order_jcmyn6ttqfwn
razorpay,rzp_norm_pay_lkudxi73p01ro7,bank,bank_norm_banktxn_p1ozchbq1ncfxyaj,1.0,AUTO_MATCH,0,,509659,497631,NOT5W5IDEOSLTLNG,NOT5W5IDEOSLTLNG,order_q4lc5sop1aii,
razorpay,rzp_norm_pay_lkudxi73p01ro7,merchant,merch_norm_led_rpo3y7wtkxz2,1.0,AUTO_MATCH,0,,509659,509659,NOT5W5IDEOSLTLNG,,order_q4lc5sop1aii,order_q4lc5sop1aii
razorpay,rzp_norm_pay_ll1k8ai66i91pq,bank,bank_norm_banktxn_no816247dgyjde6c,1.0,AUTO_MATCH,0,,146833,146833,FDX9888H22KE8BB3,FDX9888H22KE8BB3,order_u26k4gk916pr,
razorpay,rzp_norm_pay_lmv2zapvzok2gh,bank,bank_norm_banktxn_i9g4qw7i90soy5s0,1.0,AUTO_MATCH,0,,98494,98494,3M24L7ESWQBQWGS2,3M24L7ESWQBQWGS2,order_i5jh8g9pv1xy,
razorpay,rzp_norm_pay_lmv2zapvzok2gh,merchant,merch_norm_led_2ry4gernu9et,1.0,AUTO_MATCH,0,,98494,98494,3M24L7ESWQBQWGS2,,order_i5jh8g9pv1xy,order_i5jh8g9pv1xy
razorpay,rzp_norm_pay_lnl0rav7z73oc4,merchant,merch_norm_led_xlhm3qdlupfd,1.0,AUTO_MATCH,0,,126510,126510,82QK4PM58PKGUCU2,,order_ynihy3rosohr,order_ynihy3rosohr
razorpay,rzp_norm_pay_lqv79lnel1asrs,bank,bank_norm_banktxn_fimmlnrb7rzddnuq,1.0,AUTO_MATCH,0,,448018,437445,C4IN7CH6V33LINLZ,C4IN7CH6V33LINLZ,order_g1oj799v9upn,
razorpay,rzp_norm_pay_lqv79lnel1asrs,merchant,merch_norm_led_qw3zm0j51wq3,1.0,AUTO_MATCH,0,,448018,448018,C4IN7CH6V33LINLZ,,order_g1oj799v9upn,order_g1oj799v9upn
razorpay,rzp_norm_pay_ls1ur94g7qdk38,bank,bank_norm_banktxn_jqlft09dwuxfbeaf,1.0,AUTO_MATCH,0,,60110,60110,IKLWB01G48HGM7O6,IKLWB01G48HGM7O6,order_4ib51o77g42o,
razorpay,rzp_norm_pay_ls1ur94g7qdk38,merchant,merch_norm_led_oss1zndj9m4v,1.0,AUTO_MATCH,0,,60110,60110,IKLWB01G48HGM7O6,,order_4ib51o77g42o,order_4ib51o77g42o
razorpay,rzp_norm_pay_lsgh289xi1enni,bank,bank_norm_banktxn_kxnovaxubuo04lej,1.0,AUTO_MATCH,0,,134547,131372,E1DJ90GNWXPUAM9W,E1DJ90GNWXPUAM9W,order_jajusi989iog,
razorpay,rzp_norm_pay_lsgh289xi1enni,merchant,merch_norm_led_de9h7cmvt0xe,1.0,AUTO_MATCH,0,,134547,134547,E1DJ90GNWXPUAM9W,,order_jajusi989iog,order_jajusi989iog
razorpay,rzp_norm_pay_ltmkin3x7svrw2,bank,bank_norm_banktxn_gd04a2gu4etav75t,1.0,AUTO_MATCH,0,,28509,27836,OHPE22J08CQCQ9RZ,OHPE22J08CQCQ9RZ,order_zw49olsh99c5,
razorpay,rzp_norm_pay_ltmkin3x7svrw2,merchant,merch_norm_led_lnugzzlkx9xh,1.0,AUTO_MATCH,0,,28509,28509,OHPE22J08CQCQ9RZ,,order_zw49olsh99c5,order_zw49olsh99c5
razorpay,rzp_norm_pay_lutsmjvz6b5h8y,merchant,merch_norm_led_gne2dxnout22,1.0,AUTO_MATCH,0,,1395119,1395119,YYU9NPEI8TWW5PNW,,order_cg441w1pd2zg,order_cg441w1pd2zg
razorpay,rzp_norm_pay_lvb183dka73jy6,bank,bank_norm_banktxn_bzl60f04qh2h1etp,1.0,AUTO_MATCH,0,,1717811,1681324,RCI8DK8HCV72H6TP,RCI8DK8HCV72H6TP,order_7gqx5fyef4dx,
razorpay,rzp_norm_pay_lvb183dka73jy6,merchant,merch_norm_led_877xz1r2hfw5,1.0,AUTO_MATCH,0,,1717811,1717811,RCI8DK8HCV72H6TP,,order_7gqx5fyef4dx,order_7gqx5fyef4dx
razorpay,rzp_norm_pay_lverz1468eq2dt,bank,bank_norm_banktxn_2uhya0vdql65weh0,1.0,AUTO_MATCH,0,,594148,580126,2G0Q7HSD5LF75GYF,2G0Q7HSD5LF75GYF,order_qy46zs8eddn6,
razorpay,rzp_norm_pay_lverz1468eq2dt,merchant,merch_norm_led_rmmsza161hcb,1.0,AUTO_MATCH,0,,594148,594148,2G0Q7HSD5LF75GYF,,order_qy46zs8eddn6,order_qy46zs8eddn6
razorpay,rzp_norm_pay_lwdt1z73fmshe5,bank,bank_norm_banktxn_3h8ms1dkh2oh9xae,1.0,AUTO_MATCH,0,,103770,101566,MGTBPE6L3W40ZRRS,MGTBPE6L3W40ZRRS,order_z721jbgp279y,
razorpay,rzp_norm_pay_lwdt1z73fmshe5,merchant,merch_norm_led_nwhywvp5yqix,1.0,AUTO_MATCH,0,,103770,103770,MGTBPE6L3W40ZRRS,,order_z721jbgp279y,order_z721jbgp279y
razorpay,rzp_norm_pay_ly2m1jk3n2byhp,bank,bank_norm_banktxn_7m280jl1bz6jdle4,1.0,AUTO_MATCH,0,,453554,442850,EV9KHM0FZ14Q8LZM,EV9KHM0FZ14Q8LZM,order_ta03tchbc2ts,
razorpay,rzp_norm_pay_ly2m1jk3n2byhp,merchant,merch_norm_led_8tgeevlc5679,1.0,AUTO_MATCH,0,,453554,453554,EV9KHM0FZ14Q8LZM,,order_ta03tchbc2ts,order_ta03tchbc2ts
razorpay,rzp_norm_pay_lzosclxjdgac6g,bank,bank_norm_banktxn_m05fhuhapeqg4baq,1.0,AUTO_MATCH,0,,149758,146224,W6Z2H37K7J6I0M3Z,W6Z2H37K7J6I0M3Z,order_hla6amzr2r80,
razorpay,rzp_norm_pay_lzosclxjdgac6g,merchant,merch_norm_led_js8khebildp0,1.0,AUTO_MATCH,0,,149758,149758,W6Z2H37K7J6I0M3Z,,order_hla6amzr2r80,order_hla6amzr2r80
razorpay,rzp_norm_pay_m05b88914eds0i,bank,bank_norm_banktxn_01dfzcfrtcp4j3iv,1.0,AUTO_MATCH,0,,888878,869998,9Y8CQRJFY9RZE5FZ,9Y8CQRJFY9RZE5FZ,order_kuh0zk3ui55e,
razorpay,rzp_norm_pay_m05b88914eds0i,merchant,merch_norm_led_q4inq5ky6w74,1.0,AUTO_MATCH,0,,888878,888878,9Y8CQRJFY9RZE5FZ,,order_kuh0zk3ui55e,order_kuh0zk3ui55e
razorpay,rzp_norm_pay_m0b92q636ffdne,bank,bank_norm_banktxn_imd8e5otty4ilois,1.0,AUTO_MATCH,0,,93661,91672,9BLOHV4WNMJ0S9E0,9BLOHV4WNMJ0S9E0,order_vv53031blr6o,
razorpay,rzp_norm_pay_m0b92q636ffdne,merchant,merch_norm_led_ifs07imc65sv,1.0,AUTO_MATCH,0,,93661,93661,9BLOHV4WNMJ0S9E0,,order_vv53031blr6o,order_vv53031blr6o
razorpay,rzp_norm_pay_m2oo68ykpxlhi5,bank,bank_norm_banktxn_zka95rmp5c3sfws5,1.0,AUTO_MATCH,0,,123842,123842,1AO86X2P0FQFAEN7,1AO86X2P0FQFAEN7,order_qifd655koykj,
razorpay,rzp_norm_pay_m2oo68ykpxlhi5,merchant,merch_norm_led_iwikhjc10til,1.0,AUTO_MATCH,0,,123842,123842,1AO86X2P0FQFAEN7,,order_qifd655koykj,order_qifd655koykj
razorpay,rzp_norm_pay_m3vhn0dfbw3t18,bank,bank_norm_banktxn_s8smuelkjz6it6bo,1.0,AUTO_MATCH,0,,103849,101644,BFLF8VUEVRMLGSP4,BFLF8VUEVRMLGSP4,order_gh0jc510tu6z,
razorpay,rzp_norm_pay_m3vhn0dfbw3t18,merchant,merch_norm_led_qr6lfd8hbt38,1.0,AUTO_MATCH,0,,103849,103849,BFLF8VUEVRMLGSP4,,order_gh0jc510tu6z,order_gh0jc510tu6z
razorpay,rzp_norm_pay_m4oi71v3hhl7oi,bank,bank_norm_banktxn_mclyzdahdln7fce4,1.0,AUTO_MATCH,0,,62791,61458,AKAHQT7D3OIVC1XU,AKAHQT7D3OIVC1XU,order_bf1or407uhxi,
razorpay,rzp_norm_pay_m4oi71v3hhl7oi,merchant,merch_norm_led_qnhc8fbhqemm,1.0,AUTO_MATCH,0,,62791,62791,AKAHQT7D3OIVC1XU,,order_bf1or407uhxi,order_bf1or407uhxi
razorpay,rzp_norm_pay_m4xh2od9gpn6d9,bank,bank_norm_banktxn_ke8zrnv77ai68wd0,1.0,AUTO_MATCH,0,,419528,419528,U1Z6A1N36ODF9FP8,U1Z6A1N36ODF9FP8,order_t532j6brhfxg,
razorpay,rzp_norm_pay_m4xh2od9gpn6d9,merchant,merch_norm_led_1rbfy7wdahn7,1.0,AUTO_MATCH,0,,419528,419528,U1Z6A1N36ODF9FP8,,order_t532j6brhfxg,order_t532j6brhfxg
razorpay,rzp_norm_pay_m50wp8i3nz30zm,bank,bank_norm_banktxn_9vr858qtrbtwrzso,1.0,AUTO_MATCH,0,,24354,23837,DBU8CZONQ9I88041,DBU8CZONQ9I88041,order_7i1frpkopory,
razorpay,rzp_norm_pay_m50wp8i3nz30zm,merchant,merch_norm_led_mebr0vfwhqyn,1.0,AUTO_MATCH,0,,24354,24354,DBU8CZONQ9I88041,,order_7i1frpkopory,order_7i1frpkopory
razorpay,rzp_norm_pay_m6wd6pfcbnefrc,bank,bank_norm_banktxn_qwqnmd8ogvh6g4bh,1.0,AUTO_MATCH,0,,165181,161673,L1TORR2OM1WN9R53,L1TORR2OM1WN9R53,order_2ltmtwop3t3b,
razorpay,rzp_norm_pay_m6wd6pfcbnefrc,merchant,merch_norm_led_0gcrxiwdko30,1.0,AUTO_MATCH,0,,165181,165181,L1TORR2OM1WN9R53,,order_2ltmtwop3t3b,order_2ltmtwop3t3b
razorpay,rzp_norm_pay_m8gzf0wu7d06p5,merchant,merch_norm_led_v5vs6klqixog,1.0,AUTO_MATCH,0,,426027,426027,0R738OUHQUSW1CIC,,order_zx1j46b48o73,order_zx1j46b48o73
razorpay,rzp_norm_pay_m9brsrwxtyxtul,bank,bank_norm_banktxn_79hxiiufrmq74nqz,1.0,AUTO_MATCH,0,,138476,134391,8DQ0LRBTL4DGOFX1,8DQ0LRBTL4DGOFX1,order_ihlwgsi4fh07,
razorpay,rzp_norm_pay_m9brsrwxtyxtul,merchant,merch_norm_led_p88f3t1qlgx1,1.0,AUTO_MATCH,0,,138476,138476,8DQ0LRBTL4DGOFX1,,order_ihlwgsi4fh07,order_ihlwgsi4fh07
razorpay,rzp_norm_pay_mb3u081gara04v,bank,bank_norm_banktxn_o1tlxyuyqmfdjc75,1.0,AUTO_MATCH,0,,551779,551779,TP2XUD4ARVUE5B8S,TP2XUD4ARVUE5B8S,order_6859j4cfrpty,
razorpay,rzp_norm_pay_mb3u081gara04v,merchant,merch_norm_led_oljc1wlbe792,1.0,AUTO_MATCH,0,,551779,551779,TP2XUD4ARVUE5B8S,,order_6859j4cfrpty,order_6859j4cfrpty
razorpay,rzp_norm_pay_md5zk01i8c5y82,bank,bank_norm_banktxn_x6n5yav9cw8rh8m6,1.0,AUTO_MATCH,0,,290724,284549,XISDXMSVSDX9HLKF,XISDXMSVSDX9HLKF,order_ox83jx72f3mj,
razorpay,rzp_norm_pay_md5zk01i8c5y82,merchant,merch_norm_led_wlbnntqxx5ll,1.0,AUTO_MATCH,0,,290724,290724,XISDXMSVSDX9HLKF,,order_ox83jx72f3mj,order_ox83jx72f3mj
razorpay,rzp_norm_pay_mdvcx3zx9cc2t1,bank,bank_norm_banktxn_0opwx4av3janayho,1.0,AUTO_MATCH,0,,164019,160149,860WQCPTXBW4RYO0,860WQCPTXBW4RYO0,order_5yaitv3tn6xp,
razorpay,rzp_norm_pay_mdvcx3zx9cc2t1,merchant,merch_norm_led_kw1ry4s8ai6t,1.0,AUTO_MATCH,0,,164019,164019,860WQCPTXBW4RYO0,,order_5yaitv3tn6xp,order_5yaitv3tn6xp
razorpay,rzp_norm_pay_mesjnzifxhkyw6,bank,bank_norm_banktxn_53hov1oos2edobry,1.0,AUTO_MATCH,0,,56571,56571,D7N92FST71V2HHOJ,D7N92FST71V2HHOJ,order_3mqvh5d8xejz,
razorpay,rzp_norm_pay_mesjnzifxhkyw6,merchant,merch_norm_led_3j2ym1lgd1lr,1.0,AUTO_MATCH,0,,56571,56571,D7N92FST71V2HHOJ,,order_3mqvh5d8xejz,order_3mqvh5d8xejz
razorpay,rzp_norm_pay_mghaedgg2bnzwn,bank,bank_norm_banktxn_vvlfwz7sryenc8hu,1.0,AUTO_MATCH,0,,271961,265543,HYKF5LRIP0ZS8LGV,HYKF5LRIP0ZS8LGV,order_l40xx96s60xs,
razorpay,rzp_norm_pay_mghaedgg2bnzwn,merchant,merch_norm_led_x5707r97xugi,1.0,AUTO_MATCH,0,,271961,271961,HYKF5LRIP0ZS8LGV,,order_l40xx96s60xs,order_l40xx96s60xs
razorpay,rzp_norm_pay_mhy1k5gfxxbuev,bank,bank_norm_banktxn_kkmpciz7g7mtt7z3,1.0,AUTO_MATCH,0,,15300,14975,Q94IQ6EDMGSCFU3A,Q94IQ6EDMGSCFU3A,order_h2ghv5y4c9i2,
razorpay,rzp_norm_pay_mhy1k5gfxxbuev,merchant,merch_norm_led_sg89crqn8yn6,1.0,AUTO_MATCH,0,,15300,15300,Q94IQ6EDMGSCFU3A,,order_h2ghv5y4c9i2,order_h2ghv5y4c9i2
razorpay,rzp_norm_pay_mi6qdm761qvjl6,bank,bank_norm_banktxn_8x5s4xemjsk874as,1.0,AUTO_MATCH,0,,118994,116186,V99FG8QVWT2CBDY7,V99FG8QVWT2CBDY7,order_erepm0l1g4vf,
razorpay,rzp_norm_pay_mi6qdm761qvjl6,merchant,merch_norm_led_krfvd45jdf61,1.0,AUTO_MATCH,0,,118994,118994,V99FG8QVWT2CBDY7,,order_erepm0l1g4vf,order_erepm0l1g4vf
razorpay,rzp_norm_pay_mk8k11c3ytcuq3,merchant,merch_norm_led_ywx0om4e57ha,1.0,AUTO_MATCH,0,,128291,128291,PD2C8WMXRTHEO1IW,,order_buxu3cf87lwd,order_buxu3cf87lwd
razorpay,rzp_norm_pay_ml5s9zog94dr37,bank,bank_norm_banktxn_0ha1tp62tyrl5e66,1.0,AUTO_MATCH,0,,811652,792497,K5OII6Z0LH01XKEX,K5OII6Z0LH01XKEX,order_u5juab8ilc6p,
razorpay,rzp_norm_pay_ml9petdfy3o6vu,bank,bank_norm_banktxn_ufez963b3267hx87,1.0,AUTO_MATCH,0,,501282,501282,KM1TP7G0GWRWT7R3,KM1TP7G0GWRWT7R3,order_w2idy530pd60,
razorpay,rzp_norm_pay_ml9petdfy3o6vu,merchant,merch_norm_led_ozm1whtcxeog,1.0,AUTO_MATCH,0,,501282,501282,KM1TP7G0GWRWT7R3,,order_w2idy530pd60,order_w2idy530pd60
razorpay,rzp_norm_pay_mll4grnwe4hc3m,bank,bank_norm_banktxn_5wrtlqou6sn8j2tm,1.0,AUTO_MATCH,0,,39422,39422,NGYDEWZ2RV66VIBN,NGYDEWZ2RV66VIBN,order_ea6yf6nf2kwo,
razorpay,rzp_norm_pay_mll4grnwe4hc3m,merchant,merch_norm_led_xo6fehugn23j,1.0,AUTO_MATCH,0,,39422,39422,NGYDEWZ2RV66VIBN,,order_ea6yf6nf2kwo,order_ea6yf6nf2kwo
razorpay,rzp_norm_pay_mnk8fuwc1gvmui,bank,bank_norm_banktxn_27r3pgg2cnfi7vuc,1.0,AUTO_MATCH,0,,40466,39511,YJQL42DIZC3Z8I5D,YJQL42DIZC3Z8I5D,order_koyii8oecdfz,
razorpay,rzp_norm_pay_mnk8fuwc1gvmui,merchant,merch_norm_led_die2t7z96ya5,1.0,AUTO_MATCH,0,,40466,40466,YJQL42DIZC3Z8I5D,,order_koyii8oecdfz,order_koyii8oecdfz
razorpay,rzp_norm_pay_mo32i7c6qpvtm9,merchant,merch_norm_led_hu8lq3iotwa2,1.0,AUTO_MATCH,0,,307338,307338,0QIBTA1IDWZ6VQTP,,order_u0s79st6srdk,order_u0s79st6srdk
razorpay,rzp_norm_pay_mop6md1moi6zgc,bank,bank_norm_banktxn_2puhlrzpnaj2o987,1.0,AUTO_MATCH,0,,881356,881356,AQ217DRN73EHIJG8,AQ217DRN73EHIJG8,order_syirs3wu17xu,
razorpay,rzp_norm_pay_mop6md1moi6zgc,merchant,merch_norm_led_kmru8krbbb70,1.0,AUTO_MATCH,0,,881356,881356,AQ217DRN73EHIJG8,,order_syirs3wu17xu,order_syirs3wu17xu
razorpay,rzp_norm_pay_mxt30m78kew3qc,merchant,merch_norm_led_obgczh09vs4m,1.0,AUTO_MATCH,0,,3291092,3291092,IOBBPWUKC54MAGDY,,order_60ldvodaztav,order_60ldvodaztav
razorpay,rzp_norm_pay_mycc5xnrolgfgt,bank,bank_norm_banktxn_klxy757astq6n6y1,1.0,AUTO_MATCH,0,,132846,129711,FB35T2D1VX7TR8FB,FB35T2D1VX7TR8FB,order_w69qxzw70uzo,
razorpay,rzp_norm_pay_mycc5xnrolgfgt,merchant,merch_norm_led_swhj8gotr13g,1.0,AUTO_MATCH,0,,132846,132846,FB35T2D1VX7TR8FB,,order_w69qxzw70uzo,order_w69qxzw70uzo
razorpay,rzp_norm_pay_mygc7uyaqh3zch,bank,bank_norm_banktxn_rxca30tdzplies06,1.0,AUTO_MATCH,0,,284068,284068,WTS6VKROFKV0CW4Y,WTS6VKROFKV0CW4Y,order_hjdh3bxxlk53,
razorpay,rzp_norm_pay_mygc7uyaqh3zch,merchant,merch_norm_led_78pbxt88gsq5,1.0,AUTO_MATCH,0,,284068,284068,WTS6VKROFKV0CW4Y,,order_hjdh3bxxlk53,order_hjdh3bxxlk53
razorpay,rzp_norm_pay_mzwl17yb05063a,bank,bank_norm_banktxn_k3nywa2aggpiduib,1.0,AUTO_MATCH,0,,946671,946671,J0D2R0SU4YTBV3CG,J0D2R0SU4YTBV3CG,order_of2061sehzzf,
razorpay,rzp_norm_pay_mzwl17yb05063a,merchant,merch_norm_led_9kvvwe0j86hk,1.0,AUTO_MATCH,0,,946671,946671,J0D2R0SU4YTBV3CG,,order_of2061sehzzf,order_of2061sehzzf
razorpay,rzp_norm_pay_n0d5nxwtzk2oq0,merchant,merch_norm_led_p6qk0gvbkmd7,1.0,AUTO_MATCH,0,,139358,139358,P1M7H8TU394LEYO7,,order_rsm7h7gxem4l,order_rsm7h7gxem4l
razorpay,rzp_norm_pay_n1ifksz7i59uv1,merchant,merch_norm_led_ub8ariu9wffe,1.0,AUTO_MATCH,0,,26638,26638,FW75ZVH23VGE9OAY,,order_4nfcxv8yfa79,order_4nfcxv8yfa79
razorpay,rzp_norm_pay_n1s0wyrj0qvnq1,bank,bank_norm_banktxn_fm429nlm37elil2e,1.0,AUTO_MATCH,0,,26163,25546,F2HGY2EBAMCFDB0A,F2HGY2EBAMCFDB0A,order_a2y06a2ab4nj,
razorpay,rzp_norm_pay_n1s0wyrj0qvnq1,merchant,merch_norm_led_pwzzidcfcaif,1.0,AUTO_MATCH,0,,26163,26163,F2HGY2EBAMCFDB0A,,order_a2y06a2ab4nj,order_a2y06a2ab4nj
razorpay,rzp_norm_pay_n2z3ws7tee5lv6,bank,bank_norm_banktxn_57etz2gwvr81czcs,1.0,AUTO_MATCH,0,,1988826,1941889,2GG6NBRGIMW9QING,2GG6NBRGIMW9QING,order_r2hbo5ggs5ql,
razorpay,rzp_norm_pay_n2z3ws7tee5lv6,merchant,merch_norm_led_fpkajbuq0vi7,1.0,AUTO_MATCH,0,,1988826,1988826,2GG6NBRGIMW9QING,,order_r2hbo5ggs5ql,order_r2hbo5ggs5ql
razorpay,rzp_norm_pay_n37clagt55szwu,bank,bank_norm_banktxn_9uq9ozgsewtc29nb,1.0,AUTO_MATCH,0,,64288,64288,5I6810VG2HN4LRDD,5I6810VG2HN4LRDD,order_m0n7d7xh5w1m,
razorpay,rzp_norm_pay_n37clagt55szwu,merchant,merch_norm_led_d3o3nqcq2s59,1.0,AUTO_MATCH,0,,64288,64288,5I6810VG2HN4LRDD,,order_m0n7d7xh5w1m,order_m0n7d7xh5w1m
razorpay,rzp_norm_pay_n42508pedg89sv,bank,bank_norm_banktxn_h6n6dynnfadun0wd,1.0,AUTO_MATCH,0,,58567,57185,GCHGYB5FX077KLUP,GCHGYB5FX077KLUP,order_u3ykjarwbfnn,
razorpay,rzp_norm_pay_n42508pedg89sv,merchant,merch_norm_led_vf7tkak9e9hf,1.0,AUTO_MATCH,0,,58567,58567,GCHGYB5FX077KLUP,,order_u3ykjarwbfnn,order_u3ykjarwbfnn
razorpay,rzp_norm_pay_n8tff6xx6kqvki,bank,bank_norm_banktxn_bmb6bzmos8g3nnla,1.0,AUTO_MATCH,0,,154392,154392,S3JNLD114VC6G69U,S3JNLD114VC6G69U,order_7dlhmlst1t3u,
razorpay,rzp_norm_pay_n8tff6xx6kqvki,merchant,merch_norm_led_k6vuiymrk9pj,1.0,AUTO_MATCH,0,,154392,154392,S3JNLD114VC6G69U,,order_7dlhmlst1t3u,order_7dlhmlst1t3u
razorpay,rzp_norm_pay_na0yx6hf48tsq7,bank,bank_norm_banktxn_walkehr0sj81shu9,1.0,AUTO_MATCH,0,,170380,166761,19PONPYOAM68KSDJ,19PONPYOAM68KSDJ,order_tw7mqyfyjmvb,
razorpay,rzp_norm_pay_na0yx6hf48tsq7,merchant,merch_norm_led_qrj4spv1z0zt,1.0,AUTO_MATCH,0,,170380,170380,19PONPYOAM68KSDJ,,order_tw7mqyfyjmvb,order_tw7mqyfyjmvb
razorpay,rzp_norm_pay_na3pjer560du48,bank,bank_norm_banktxn_md9qsd5687omrk8f,1.0,AUTO_MATCH,0,,7023,7023,O566KNJ8O894X0AS,O566KNJ8O894X0AS,order_exs00l7r8u4e,
razorpay,rzp_norm_pay_na3pjer560du48,merchant,merch_norm_led_h5fzi1jdxwcp,1.0,AUTO_MATCH,0,,7023,7023,O566KNJ8O894X0AS,,order_exs00l7r8u4e,order_exs00l7r8u4e
razorpay,rzp_norm_pay_nbh4s7rplkdo27,bank,bank_norm_banktxn_746iqzvbo77vfu0b,1.0,AUTO_MATCH,0,,284004,275626,CYCP4IH7U94QL4JY,CYCP4IH7U94QL4JY,order_y56u0d8z2f9m,
razorpay,rzp_norm_pay_nbh4s7rplkdo27,merchant,merch_norm_led_7ndygm2dnkpt,1.0,AUTO_MATCH,0,,284004,284004,CYCP4IH7U94QL4JY,,order_y56u0d8z2f9m,order_y56u0d8z2f9m
razorpay,rzp_norm_pay_ndm9jsxi7t7mjt,bank,bank_norm_banktxn_ybz4mbuyuc0izrbk,1.0,AUTO_MATCH,0,,117086,117086,C7XDQ54CFXBR2WUW,C7XDQ54CFXBR2WUW,order_cgid2levwy1e,
razorpay,rzp_norm_pay_ndm9jsxi7t7mjt,merchant,merch_norm_led_4kb7sjqkdkeu,1.0,AUTO_MATCH,0,,117086,117086,C7XDQ54CFXBR2WUW,,order_cgid2levwy1e,order_cgid2levwy1e
razorpay,rzp_norm_pay_ndqux6frsk21h9,bank,bank_norm_banktxn_lzrq3kwqsyshja8v,1.0,AUTO_MATCH,0,,112329,112329,Z38U0HN8FWXZMPA8,Z38U0HN8FWXZMPA8,order_6i52mbtox7xu,
razorpay,rzp_norm_pay_ndqux6frsk21h9,merchant,merch_norm_led_lwlhylrnkibw,1.0,AUTO_MATCH,0,,112329,112329,Z38U0HN8FWXZMPA8,,order_6i52mbtox7xu,order_6i52mbtox7xu
razorpay,rzp_norm_pay_nezxbwua0gspur,bank,bank_norm_banktxn_862ui5gge070o5hi,1.0,AUTO_MATCH,0,,591989,578018,583UKD4DOZNC6N8P,583UKD4DOZNC6N8P,order_oo2y8yyvjkws,
razorpay,rzp_norm_pay_nezxbwua0gspur,merchant,merch_norm_led_m9ojmtjhdd4u,1.0,AUTO_MATCH,0,,591989,591989,583UKD4DOZNC6N8P,,order_oo2y8yyvjkws,order_oo2y8yyvjkws
razorpay,rzp_norm_pay_nf4b6txj0os8rs,merchant,merch_norm_led_oulimsq3i5g8,1.0,AUTO_MATCH,0,,139089,139089,ZSKZOGVG079NMF7S,,order_93h5zrac46os,order_93h5zrac46os
razorpay,rzp_norm_pay_nibifzbo8zll1s,bank,bank_norm_banktxn_xc02lh8zwtdhipox,1.0,AUTO_MATCH,0,,398558,390093,FRRIKDK6UPL2GT7Z,FRRIKDK6UPL2GT7Z,order_hdl1mazxnhu0,
razorpay,rzp_norm_pay_nibifzbo8zll1s,merchant,merch_norm_led_rrsygt1q6t1r,1.0,AUTO_MATCH,0,,398558,398558,FRRIKDK6UPL2GT7Z,,order_hdl1mazxnhu0,order_hdl1mazxnhu0
razorpay,rzp_norm_pay_nioql3l4l6zoig,bank,bank_norm_banktxn_894i6wyx2l8o9aba,1.0,AUTO_MATCH,0,,71792,71792,L8X5RWN1NJBDLVCE,L8X5RWN1NJBDLVCE,order_9l59mjp85jzo,
razorpay,rzp_norm_pay_nioql3l4l6zoig,merchant,merch_norm_led_s2qnfsiseyfj,1.0,AUTO_MATCH,0,,71792,71792,L8X5RWN1NJBDLVCE,,order_9l59mjp85jzo,order_9l59mjp85jzo
razorpay,rzp_norm_pay_njep9shx6ztc7u,bank,bank_norm_banktxn_p728w5666v2j1ivy,1.0,AUTO_MATCH,0,,31738,31064,79P4VMYP9SIA33E7,79P4VMYP9SIA33E7,order_zk8uriawgozk,
razorpay,rzp_norm_pay_njep9shx6ztc7u,merchant,merch_norm_led_ueujw3n87t08,1.0,AUTO_MATCH,0,,31738,31738,79P4VMYP9SIA33E7,,order_zk8uriawgozk,order_zk8uriawgozk
razorpay,rzp_norm_pay_njy3p6wjojzvo0,bank,bank_norm_banktxn_qte3o2vavvacqnsq,1.0,AUTO_MATCH,0,,248316,248316,8YRPB9V695TEQOLR,8YRPB9V695TEQOLR,order_xnspjr1docai,
razorpay,rzp_norm_pay_njy3p6wjojzvo0,merchant,merch_norm_led_4gtrqmu7qg1a,1.0,AUTO_MATCH,0,,248316,248316,8YRPB9V695TEQOLR,,order_xnspjr1docai,order_xnspjr1docai
razorpay,rzp_norm_pay_nk74rds5ia1tlt,bank,bank_norm_banktxn_jcjcljtxvaonu7lp,1.0,AUTO_MATCH,0,,258096,252005,M5XYF4BJUSFRTUAG,M5XYF4BJUSFRTUAG,order_j7jbjztfqao8,
razorpay,rzp_norm_pay_nk74rds5ia1tlt,merchant,merch_norm_led_jex2a3ehy1i8,1.0,AUTO_MATCH,0,,258096,258096,M5XYF4BJUSFRTUAG,,order_j7jbjztfqao8,order_j7jbjztfqao8
razorpay,rzp_norm_pay_nlslsqw77a02mq,bank,bank_norm_banktxn_z8f9y06u42pcvx47,1.0,AUTO_MATCH,0,,1059713,1059713,TAS0UNDEMBIACZJG,TAS0UNDEMBIACZJG,order_kkmf3g1uhcdx,
razorpay,rzp_norm_pay_nlslsqw77a02mq,merchant,merch_norm_led_yrxfydlgchlv,1.0,AUTO_MATCH,0,,1059713,1059713,TAS0UNDEMBIACZJG,,order_kkmf3g1uhcdx,order_kkmf3g1uhcdx
razorpay,rzp_norm_pay_np299fgrjdhq0q,merchant,merch_norm_led_e2ob54frns9s,1.0,AUTO_MATCH,0,,10274,10274,477AV4BYKAGPIYII,,order_qohcvg0p2s8e,order_qohcvg0p2s8e
razorpay,rzp_norm_pay_nxp0bpj8dpbjlw,merchant,merch_norm_led_t77yx4q4xavs,1.0,AUTO_MATCH,0,,38160,38160,X1MT44VXGJH339VG,,order_yiods4htzvm1,order_yiods4htzvm1
razorpay,rzp_norm_pay_o0l5pgyezkdfso,bank,bank_norm_banktxn_lvgl70jyhy2jsd7y,1.0,AUTO_MATCH,0,,95629,95629,HEJKTE5UF2EEBGQS,HEJKTE5UF2EEBGQS,order_zg7ztpttr30o,
razorpay,rzp_norm_pay_o0l5pgyezkdfso,merchant,merch_norm_led_5mo1liau3tnj,1.0,AUTO_MATCH,0,,95629,95629,HEJKTE5UF2EEBGQS,,order_zg7ztpttr30o,order_zg7ztpttr30o
razorpay,rzp_norm_pay_o16871g1tangmc,bank,bank_norm_banktxn_fwxgh9tzm9fr5vgq,1.0,AUTO_MATCH,0,,177931,174151,P8N6UIC7P3D8N3EJ,P8N6UIC7P3D8N3EJ,order_r25r3e9gt1s9,
razorpay,rzp_norm_pay_o16871g1tangmc,merchant,merch_norm_led_gljmmtw7bsc6,1.0,AUTO_MATCH,0,,177931,177931,P8N6UIC7P3D8N3EJ,,order_r25r3e9gt1s9,order_r25r3e9gt1s9
razorpay,rzp_norm_pay_o1p5rh7dn6aygz,bank,bank_norm_banktxn_aem481gno7ludggc,1.0,AUTO_MATCH,0,,3164702,3090015,8Q7NOG1R1XBVR710,8Q7NOG1R1XBVR710,order_doknnyavt3q8,
razorpay,rzp_norm_pay_o1p5rh7dn6aygz,merchant,merch_norm_led_zmrcdumwh5fy,1.0,AUTO_MATCH,0,,3164702,3164702,8Q7NOG1R1XBVR710,,order_doknnyavt3q8,order_doknnyavt3q8
razorpay,rzp_norm_pay_o2k6m0aqull6bm,bank,bank_norm_banktxn_wajxc88l35j9mtpa,1.0,AUTO_MATCH,0,,269900,263530,GNLUPJ2EW6QRHP1A,GNLUPJ2EW6QRHP1A,order_jatyb1strpuf,
razorpay,rzp_norm_pay_o65nzx14v4ws8t,bank,bank_norm_banktxn_z84js508fbv62uf8,1.0,AUTO_MATCH,0,,242764,237607,3O3N46PUQ0LHFL9P,3O3N46PUQ0LHFL9P,order_05bqwd7mpagb,
razorpay,rzp_norm_pay_o65nzx14v4ws8t,merchant,merch_norm_led_lsn87bf2cjw3,1.0,AUTO_MATCH,0,,242764,242764,3O3N46PUQ0LHFL9P,,order_05bqwd7mpagb,order_05bqwd7mpagb
razorpay,rzp_norm_pay_o6qwgihoqinwbg,merchant,merch_norm_led_gudsx2kfh9m7,1.0,AUTO_MATCH,0,,42897,42897,HVATK5HJXJ10JOLY,,order_j5yebw45fs8h,order_j5yebw45fs8h
razorpay,rzp_norm_pay_o7utf6tdjr9hwv,bank,bank_norm_banktxn_z6uekt877o8l1pzc,1.0,AUTO_MATCH,0,,224194,218903,T5G5FHC7UOS2R0NN,T5G5FHC7UOS2R0NN,order_9czmxolf9uoz,
razorpay,rzp_norm_pay_o7utf6tdjr9hwv,merchant,merch_norm_led_ngpjpdys06ik,1.0,AUTO_MATCH,0,,224194,224194,T5G5FHC7UOS2R0NN,,order_9czmxolf9uoz,order_9czmxolf9uoz
razorpay,rzp_norm_pay_o9z30awuva4vkf,bank,bank_norm_banktxn_jwzdtln3etlzuns7,1.0,AUTO_MATCH,0,,15398,15071,S5VSK7V16PQ2ZZ05,S5VSK7V16PQ2ZZ05,order_lh3wezopf5ts,
razorpay,rzp_norm_pay_o9z30awuva4vkf,merchant,merch_norm_led_6e0lmizxn62a,1.0,AUTO_MATCH,0,,15398,15398,S5VSK7V16PQ2ZZ05,,order_lh3wezopf5ts,order_lh3wezopf5ts
razorpay,rzp_norm_pay_oa1v500b5iqu8d,bank,bank_norm_banktxn_3c79uvba23nidrgl,1.0,AUTO_MATCH,0,,33064,32284,MQ0ZFC7X6NYWETDH,MQ0ZFC7X6NYWETDH,order_9hxsqfb2bv5j,
razorpay,rzp_norm_pay_oa1v500b5iqu8d,merchant,merch_norm_led_t263yba1vw74,1.0,AUTO_MATCH,0,,33064,33064,MQ0ZFC7X6NYWETDH,,order_9hxsqfb2bv5j,order_9hxsqfb2bv5j
razorpay,rzp_norm_pay_oa6ki9q8qt5xya,bank,bank_norm_banktxn_eesot6r8tp9hfq3p,1.0,AUTO_MATCH,0,,233252,228297,B97TSMH4JGVUB1HL,B97TSMH4JGVUB1HL,order_qu35dr45qose,
razorpay,rzp_norm_pay_oa6ki9q8qt5xya,merchant,merch_norm_led_e22txbddz4uw,1.0,AUTO_MATCH,0,,233252,233252,B97TSMH4JGVUB1HL,,order_qu35dr45qose,order_qu35dr45qose
razorpay,rzp_norm_pay_oapzdwgzwsqdx1,bank,bank_norm_banktxn_o273t8eu9z9ozeeh,1.0,AUTO_MATCH,0,,30766,30766,L5ZY69YXO6W81V0P,L5ZY69YXO6W81V0P,order_91up59fp6b71,
razorpay,rzp_norm_pay_oapzdwgzwsqdx1,merchant,merch_norm_led_wrjt2fk2qvkt,1.0,AUTO_MATCH,0,,30766,30766,L5ZY69YXO6W81V0P,,order_91up59fp6b71,order_91up59fp6b71
razorpay,rzp_norm_pay_oautkq0r1j7wro,merchant,merch_norm_led_khohab1q9llx,1.0,AUTO_MATCH,0,,668458,668458,UKWRJENZF1VKECOC,,order_0nop65zbz851,order_0nop65zbz851
razorpay,rzp_norm_pay_obm73xnvexczmm,bank,bank_norm_banktxn_fsgo685kunrarg6b,1.0,AUTO_MATCH,0,,62131,62131,JMMKET2Q8UBY6QTC,JMMKET2Q8UBY6QTC,order_il5gr25ek65u,
razorpay,rzp_norm_pay_obm73xnvexczmm,merchant,merch_norm_led_r1wgx7wspa03,1.0,AUTO_MATCH,0,,62131,62131,JMMKET2Q8UBY6QTC,,order_il5gr25ek65u,order_il5gr25ek65u
razorpay,rzp_norm_pay_obmyzpu8g0w989,bank,bank_norm_banktxn_35izv0rw8uvwy7p0,1.0,AUTO_MATCH,0,,967549,946998,IHRXEJ5JQK554F5A,IHRXEJ5JQK554F5A,order_oh3nfqtbsmtw,
razorpay,rzp_norm_pay_obmyzpu8g0w989,merchant,merch_norm_led_c0rymfx2saxe,1.0,AUTO_MATCH,0,,967549,967549,IHRXEJ5JQK554F5A,,order_oh3nfqtbsmtw,order_oh3nfqtbsmtw
razorpay,rzp_norm_pay_od63oarzii4ztt,bank,bank_norm_banktxn_d3om67uqzak7k9ww,1.0,AUTO_MATCH,0,,329805,320076,JAVNY535J431X9MB,JAVNY535J431X9MB,order_ryq5urysbq81,
razorpay,rzp_norm_pay_od63oarzii4ztt,merchant,merch_norm_led_12jq1nhq1n2w,1.0,AUTO_MATCH,0,,329805,329805,JAVNY535J431X9MB,,order_ryq5urysbq81,order_ryq5urysbq81
razorpay,rzp_norm_pay_oe36mbuuctiy57,bank,bank_norm_banktxn_1ba1esfmj2necg06,1.0,AUTO_MATCH,0,,538246,538246,I313ALKXTW9KTC7D,I313ALKXTW9KTC7D,order_yjhyvy1m96yi,
razorpay,rzp_norm_pay_oe36mbuuctiy57,merchant,merch_norm_led_qhtyn3q2ecv4,1.0,AUTO_MATCH,0,,538246,538246,I313ALKXTW9KTC7D,,order_yjhyvy1m96yi,order_yjhyvy1m96yi
razorpay,rzp_norm_pay_ogg4q426tkdlyj,bank,bank_norm_banktxn_xekd1q2qvpg0bbwy,1.0,AUTO_MATCH,0,,305276,296270,D0G9VQDR8W6GGHT7,D0G9VQDR8W6GGHT7,order_qg2n72czy08v,
razorpay,rzp_norm_pay_ogg4q426tkdlyj,merchant,merch_norm_led_hwthkm7flyt8,1.0,AUTO_MATCH,0,,305276,305276,D0G9VQDR8W6GGHT7,,order_qg2n72czy08v,order_qg2n72czy08v
razorpay,rzp_norm_pay_ohjm6ifs0hcg9i,bank,bank_norm_banktxn_6tk62bnyfzk0wdfa,1.0,AUTO_MATCH,0,,906402,906402,B96BJ86UCW51EGSD,B96BJ86UCW51EGSD,order_6q9rc7vtuhh9,
razorpay,rzp_norm_pay_ohjm6ifs0hcg9i,merchant,merch_norm_led_u61jkdk5dkrc,1.0,AUTO_MATCH,0,,906402,906402,B96BJ86UCW51EGSD,,order_6q9rc7vtuhh9,order_6q9rc7vtuhh9
razorpay,rzp_norm_pay_ohpagejemgxplb,merchant,merch_norm_led_mzqw422j7kxe,1.0,AUTO_MATCH,0,,182885,182885,Y2DLJQIOR0J3DUPG,,order_7b6mo2fws40x,order_7b6mo2fws40x
razorpay,rzp_norm_pay_oimpdc6t8j0dpg,bank,bank_norm_banktxn_fh25ceehhduqudhy,1.0,AUTO_MATCH,0,,109251,109251,QZEDLE726O6AM17P,QZEDLE726O6AM17P,order_w57bqoit5qs1,
razorpay,rzp_norm_pay_oimpdc6t8j0dpg,merchant,merch_norm_led_6i2yg534rvd2,1.0,AUTO_MATCH,0,,109251,109251,QZEDLE726O6AM17P,,order_w57bqoit5qs1,order_w57bqoit5qs1
razorpay,rzp_norm_pay_oio43tz6astg7u,bank,bank_norm_banktxn_vb32fs8jv3g7m5c3,1.0,AUTO_MATCH,0,,14161,14161,2I6I7XNQ8FFDYF7P,2I6I7XNQ8FFDYF7P,order_rkkwzw8e4q9u,
razorpay,rzp_norm_pay_oio43tz6astg7u,merchant,merch_norm_led_vjkn920cma1n,1.0,AUTO_MATCH,0,,14161,14161,2I6I7XNQ8FFDYF7P,,order_rkkwzw8e4q9u,order_rkkwzw8e4q9u
razorpay,rzp_norm_pay_oiyih8tfzekpm8,bank,bank_norm_banktxn_85npcglbqdpaxzqb,1.0,AUTO_MATCH,0,,184211,184211,EFJ0OA36QRCFH37G,EFJ0OA36QRCFH37G,order_f4zzqtpa9ufl,
razorpay,rzp_norm_pay_oiyih8tfzekpm8,merchant,merch_norm_led_dcnt2ihhnn7j,1.0,AUTO_MATCH,0,,184211,184211,EFJ0OA36QRCFH37G,,order_f4zzqtpa9ufl,order_f4zzqtpa9ufl
razorpay,rzp_norm_pay_ojkx3yic5qka4s,bank,bank_norm_banktxn_e2vxfsd6xfmj6afg,1.0,AUTO_MATCH,0,,76931,76931,38YJLNYSRKN6AQX5,38YJLNYSRKN6AQX5,order_21kc48q1nkvj,
razorpay,rzp_norm_pay_ojkx3yic5qka4s,merchant,merch_norm_led_kbcbnx3bimkv,1.0,AUTO_MATCH,0,,76931,76931,38YJLNYSRKN6AQX5,,order_21kc48q1nkvj,order_21kc48q1nkvj
razorpay,rzp_norm_pay_ojyiknerka6eye,bank,bank_norm_banktxn_yfmzkkzkabjam8k6,1.0,AUTO_MATCH,0,,409858,409858,0FP8B54UF9TVARHY,0FP8B54UF9TVARHY,order_k0v58ilmd6a3,
razorpay,rzp_norm_pay_ojyiknerka6eye,merchant,merch_norm_led_p7wkvn5s43l3,1.0,AUTO_MATCH,0,,409858,409858,0FP8B54UF9TVARHY,,order_k0v58ilmd6a3,order_k0v58ilmd6a3
razorpay,rzp_norm_pay_om79eidgh3t1w1,bank,bank_norm_banktxn_5kggvzwdtt3v3n1s,1.0,AUTO_MATCH,0,,2532728,2472955,1UD79XA464BPJ96W,1UD79XA464BPJ96W,order_qd4flifksyhk,
razorpay,rzp_norm_pay_om79eidgh3t1w1,merchant,merch_norm_led_1n1p8odbspbg,1.0,AUTO_MATCH,0,,2532728,2532728,1UD79XA464BPJ96W,,order_qd4flifksyhk,order_qd4flifksyhk
razorpay,rzp_norm_pay_ombbfkm1m9cvyj,bank,bank_norm_banktxn_ljk8arvkbzmeboji,1.0,AUTO_MATCH,0,,252051,252051,C8LBK31997XN4NP6,C8LBK31997XN4NP6,order_bv253ee1xu0l,
razorpay,rzp_norm_pay_ombbfkm1m9cvyj,merchant,merch_norm_led_8b0p2bke6v9l,1.0,AUTO_MATCH,0,,252051,252051,C8LBK31997XN4NP6,,order_bv253ee1xu0l,order_bv253ee1xu0l
razorpay,rzp_norm_pay_on4xgoexpmmvu0,bank,bank_norm_banktxn_a8w293agbxp1i5ds,1.0,AUTO_MATCH,0,,29687,29687,N7EQL7UUUDAQ1F28,N7EQL7UUUDAQ1F28,order_w8sae4whd9ba,
razorpay,rzp_norm_pay_on4xgoexpmmvu0,merchant,merch_norm_led_uuaeq9bwgalt,1.0,AUTO_MATCH,0,,29687,29687,N7EQL7UUUDAQ1F28,,order_w8sae4whd9ba,order_w8sae4whd9ba
razorpay,rzp_norm_pay_opt90phtj0ln1e,bank,bank_norm_banktxn_g9qmd3kiu5vsg6rx,1.0,AUTO_MATCH,0,,90274,88357,WS48EUBZUFNVPXMR,WS48EUBZUFNVPXMR,order_uk07q0knv2hu,
razorpay,rzp_norm_pay_opt90phtj0ln1e,merchant,merch_norm_led_rvihxp7l6r01,1.0,AUTO_MATCH,0,,90274,90274,WS48EUBZUFNVPXMR,,order_uk07q0knv2hu,order_uk07q0knv2hu
razorpay,rzp_norm_pay_oq5ijronxh3xmu,merchant,merch_norm_led_px8rdr02wue3,1.0,AUTO_MATCH,0,,38307,38307,LQ0OMXLMBBN1JIDR,,order_73u2o76g0bad,order_73u2o76g0bad
razorpay,rzp_norm_pay_orffu2n19gt9gf,bank,bank_norm_banktxn_av064qxqirabnb8c,1.0,AUTO_MATCH,0,,400396,388584,GJWYOJQ56M9HDPJ0,GJWYOJQ56M9HDPJ0,order_a075op5xcrar,
razorpay,rzp_norm_pay_orffu2n19gt9gf,merchant,merch_norm_led_vbw7sdbc3bcg,1.0,AUTO_MATCH,0,,400396,400396,GJWYOJQ56M9HDPJ0,,order_a075op5xcrar,order_a075op5xcrar
razorpay,rzp_norm_pay_osg2szzqwnyksh,bank,bank_norm_banktxn_x9gfsy0hs0i2ucom,1.0,AUTO_MATCH,0,,73768,73768,FSYKDTU34AHD7RHM,FSYKDTU34AHD7RHM,order_453prt9ri5ws,
razorpay,rzp_norm_pay_osg2szzqwnyksh,merchant,merch_norm_led_4wsnpbr83eau,1.0,AUTO_MATCH,0,,73768,73768,FSYKDTU34AHD7RHM,,order_453prt9ri5ws,order_453prt9ri5ws
razorpay,rzp_norm_pay_otxxiwz0nlguib,bank,bank_norm_banktxn_qkvexletk6b90v85,1.0,AUTO_MATCH,0,,409445,400748,ICWW37FTBHAYZI2P,ICWW37FTBHAYZI2P,order_018y9ejes6ib,
razorpay,rzp_norm_pay_otxxiwz0nlguib,merchant,merch_norm_led_ky3lo0bb9hv2,1.0,AUTO_MATCH,0,,409445,409445,ICWW37FTBHAYZI2P,,order_018y9ejes6ib,order_018y9ejes6ib
razorpay,rzp_norm_pay_ov7vzyuuzaw3pg,bank,bank_norm_banktxn_7la1yk2trwqh1u1k,1.0,AUTO_MATCH,0,,800243,800243,LO6RMMQM3FFFJ54J,LO6RMMQM3FFFJ54J,order_vomik3128nm1,
razorpay,rzp_norm_pay_ov7vzyuuzaw3pg,merchant,merch_norm_led_ook6v6dlvwla,1.0,AUTO_MATCH,0,,800243,800243,LO6RMMQM3FFFJ54J,,order_vomik3128nm1,order_vomik3128nm1
razorpay,rzp_norm_pay_ovd9dq2t0ogxv9,merchant,merch_norm_led_jxdtf8e04gqg,1.0,AUTO_MATCH,0,,833013,833013,TU12JXC0SP8TFANL,,order_flxczl5tn83j,order_flxczl5tn83j
razorpay,rzp_norm_pay_ovth6rlfshqosz,bank,bank_norm_banktxn_kqfhdbk50751azxc,1.0,AUTO_MATCH,0,,396373,387019,PXNN8J4V7RXVJVZA,PXNN8J4V7RXVJVZA,order_lqds6oifp476,
razorpay,rzp_norm_pay_ovth6rlfshqosz,merchant,merch_norm_led_7h4h4355825t,1.0,AUTO_MATCH,0,,396373,396373,PXNN8J4V7RXVJVZA,,order_lqds6oifp476,order_lqds6oifp476
razorpay,rzp_norm_pay_owxqac8g3unz6x,bank,bank_norm_banktxn_982iu8us051gd9zx,1.0,AUTO_MATCH,0,,25516,24974,M1Q3PWNFO5NE1K6L,M1Q3PWNFO5NE1K6L,order_7i5ahsw9r5es,
razorpay,rzp_norm_pay_owxqac8g3unz6x,merchant,merch_norm_led_r7ifj73fqt47,1.0,AUTO_MATCH,0,,25516,25516,M1Q3PWNFO5NE1K6L,,order_7i5ahsw9r5es,order_7i5ahsw9r5es
razorpay,rzp_norm_pay_oy3tzmangwbj87,bank,bank_norm_banktxn_sspdfiava1czyoa4,1.0,AUTO_MATCH,0,,25706,25160,NITL9C478C9SIYV5,NITL9C478C9SIYV5,order_zewkgnh32rgj,
razorpay,rzp_norm_pay_oy3tzmangwbj87,merchant,merch_norm_led_um0y34of2glc,1.0,AUTO_MATCH,0,,25706,25706,NITL9C478C9SIYV5,,order_zewkgnh32rgj,order_zewkgnh32rgj
razorpay,rzp_norm_pay_oysti9ihc4cqvm,bank,bank_norm_banktxn_2dzyecc6k6w16pph,1.0,AUTO_MATCH,0,,91109,89174,WDB2C4P7D6US0LFJ,WDB2C4P7D6US0LFJ,order_vapqwg0leprs,
razorpay,rzp_norm_pay_oysti9ihc4cqvm,merchant,merch_norm_led_y0afr8y37ewx,1.0,AUTO_MATCH,0,,91109,91109,WDB2C4P7D6US0LFJ,,order_vapqwg0leprs,order_vapqwg0leprs
razorpay,rzp_norm_pay_oyzu023jaf9qqe,bank,bank_norm_banktxn_nq7wcu27ltujj5qr,1.0,AUTO_MATCH,0,,33021,33021,980A4EK81UQGFLD9,980A4EK81UQGFLD9,order_hmpjl2g2ui9m,
razorpay,rzp_norm_pay_oyzu023jaf9qqe,merchant,merch_norm_led_97ikwjxhu5re,1.0,AUTO_MATCH,0,,33021,33021,980A4EK81UQGFLD9,,order_hmpjl2g2ui9m,order_hmpjl2g2ui9m
razorpay,rzp_norm_pay_ozwcatnfbuck8i,bank,bank_norm_banktxn_y1su3ip2npwsr769,1.0,AUTO_MATCH,0,,236888,236888,LAFT402QXUO4QGY7,LAFT402QXUO4QGY7,order_41dttfsfbtw7,
razorpay,rzp_norm_pay_ozwcatnfbuck8i,merchant,merch_norm_led_g7anql9fudg6,1.0,AUTO_MATCH,0,,236888,236888,LAFT402QXUO4QGY7,,order_41dttfsfbtw7,order_41dttfsfbtw7
razorpay,rzp_norm_pay_p288em45vjwpcq,bank,bank_norm_banktxn_4gsp6bql3xyvnlwk,1.0,AUTO_MATCH,0,,352427,352427,L6VNC5SAR42YGKPC,L6VNC5SAR42YGKPC,order_fy2mygp2u0ge,
razorpay,rzp_norm_pay_p288em45vjwpcq,merchant,merch_norm_led_cuuyw5rqw2pl,1.0,AUTO_MATCH,0,,352427,352427,L6VNC5SAR42YGKPC,,order_fy2mygp2u0ge,order_fy2mygp2u0ge
razorpay,rzp_norm_pay_p33vzgdl0p6vtb,bank,bank_norm_banktxn_az5kkjd49gqvg00i,1.0,AUTO_MATCH,0,,37508,37508,LSQZ70FB38AG06VE,LSQZ70FB38AG06VE,order_dw82tm47fjzr,
razorpay,rzp_norm_pay_p33vzgdl0p6vtb,merchant,merch_norm_led_0jfsz6i47nxt,1.0,AUTO_MATCH,0,,37508,37508,LSQZ70FB38AG06VE,,order_dw82tm47fjzr,order_dw82tm47fjzr
razorpay,rzp_norm_pay_p4tgehmaas6x0m,bank,bank_norm_banktxn_5azzbqf71pytbnj2,1.0,AUTO_MATCH,0,,186089,186089,Q81MQFEPG3SQ9YAS,Q81MQFEPG3SQ9YAS,order_kgv33qzxvf08,
razorpay,rzp_norm_pay_p4uybsatb7fr1z,bank,bank_norm_banktxn_udxoj1gt1h92yrpj,1.0,AUTO_MATCH,0,,187605,187605,BH3I0DJ6UQ0V7CVU,BH3I0DJ6UQ0V7CVU,order_pr1a8pe4qm37,
razorpay,rzp_norm_pay_p4uybsatb7fr1z,merchant,merch_norm_led_vxqcnhf0498o,1.0,AUTO_MATCH,0,,187605,187605,BH3I0DJ6UQ0V7CVU,,order_pr1a8pe4qm37,order_pr1a8pe4qm37
razorpay,rzp_norm_pay_p51daopi97jvrj,bank,bank_norm_banktxn_5itr5uj98jfxri3z,1.0,AUTO_MATCH,0,,230789,225887,5RNBRR52WLTE9VXX,5RNBRR52WLTE9VXX,order_8m6nwcvsouhr,
razorpay,rzp_norm_pay_p51daopi97jvrj,merchant,merch_norm_led_42w6wrq6tgmg,1.0,AUTO_MATCH,0,,230789,230789,5RNBRR52WLTE9VXX,,order_8m6nwcvsouhr,order_8m6nwcvsouhr
razorpay,rzp_norm_pay_p7nsi8cpycsx0d,bank,bank_norm_banktxn_pcz7d98bd3ib63ev,1.0,AUTO_MATCH,0,,68901,67275,P792GQLJKOKROEOD,P792GQLJKOKROEOD,order_s5t4zrkyy1ti,
razorpay,rzp_norm_pay_p7nsi8cpycsx0d,merchant,merch_norm_led_zb1jysdv25be,1.0,AUTO_MATCH,0,,68901,68901,P792GQLJKOKROEOD,,order_s5t4zrkyy1ti,order_s5t4zrkyy1ti
razorpay,rzp_norm_pay_pd13pco973m4og,bank,bank_norm_banktxn_jx2u5bo6kizbu038,1.0,AUTO_MATCH,0,,44829,44829,UFQNAUAKYPSTU3LN,UFQNAUAKYPSTU3LN,order_3swt3jw65dnc,
razorpay,rzp_norm_pay_pd13pco973m4og,merchant,merch_norm_led_fd6d8pwcugq1,1.0,AUTO_MATCH,0,,44829,44829,UFQNAUAKYPSTU3LN,,order_3swt3jw65dnc,order_3swt3jw65dnc
razorpay,rzp_norm_pay_pdtcl6q27stw8v,merchant,merch_norm_led_qyir0x61o933,1.0,AUTO_MATCH,0,,420925,420925,KWOQFHPLIS88QWJZ,,order_0x3zruwbb86o,order_0x3zruwbb86o
razorpay,rzp_norm_pay_pevvrrnm2aehi8,bank,bank_norm_banktxn_c5n5c4cmr76s0avw,1.0,AUTO_MATCH,0,,527050,527050,XP6JOAZXEPDLY3ND,XP6JOAZXEPDLY3ND,order_ez6rbborhwj6,
razorpay,rzp_norm_pay_pevvrrnm2aehi8,merchant,merch_norm_led_iucjjtcsabe7,1.0,AUTO_MATCH,0,,527050,527050,XP6JOAZXEPDLY3ND,,order_ez6rbborhwj6,order_ez6rbborhwj6
razorpay,rzp_norm_pay_pggo56wf3tnjbj,bank,bank_norm_banktxn_1zaapu3qpq19yrnd,1.0,AUTO_MATCH,0,,170253,166636,T03UZZ79LFBL6A5Z,T03UZZ79LFBL6A5Z,order_vdxylbfvuizv,
razorpay,rzp_norm_pay_pggo56wf3tnjbj,merchant,merch_norm_led_zdnt4qjpx860,1.0,AUTO_MATCH,0,,170253,170253,T03UZZ79LFBL6A5Z,,order_vdxylbfvuizv,order_vdxylbfvuizv
razorpay,rzp_norm_pay_pgvrsvqa9w8vt8,merchant,merch_norm_led_jslou88wtss9,1.0,AUTO_MATCH,0,,151667,151667,77NI2X97NJNJIV19,,order_wx7dtu2azn7q,order_wx7dtu2azn7q
razorpay,rzp_norm_pay_phe1f8vthiiee9,bank,bank_norm_banktxn_ziibwaf4og878w8r,1.0,AUTO_MATCH,0,,641160,641160,GPHU9WDI60QS412S,GPHU9WDI60QS412S,order_jmtxrvi3iut8,
razorpay,rzp_norm_pay_phe1f8vthiiee9,merchant,merch_norm_led_mwmu3bix40ln,1.0,AUTO_MATCH,0,,641160,641160,GPHU9WDI60QS412S,,order_jmtxrvi3iut8,order_jmtxrvi3iut8
razorpay,rzp_norm_pay_pmwc04ztoas3hf,bank,bank_norm_banktxn_jrwxoz2yspcgbvaj,1.0,AUTO_MATCH,0,,240940,240940,E18TFZKJHBH39GY0,E18TFZKJHBH39GY0,order_wyl9xs4mxehh,
razorpay,rzp_norm_pay_pmwc04ztoas3hf,merchant,merch_norm_led_st67msztcuy5,1.0,AUTO_MATCH,0,,240940,240940,E18TFZKJHBH39GY0,,order_wyl9xs4mxehh,order_wyl9xs4mxehh
razorpay,rzp_norm_pay_pn1go0u125ih7e,bank,bank_norm_banktxn_77ma8e9z9bbz9i0y,1.0,AUTO_MATCH,0,,422483,422483,QQY3H6V8Y90UQACW,QQY3H6V8Y90UQACW,order_0owqbg2ws600,
razorpay,rzp_norm_pay_pn1go0u125ih7e,merchant,merch_norm_led_huk9xcmj20h5,1.0,AUTO_MATCH,0,,422483,422483,QQY3H6V8Y90UQACW,,order_0owqbg2ws600,order_0owqbg2ws600
razorpay,rzp_norm_pay_pnfz4duylo8cki,bank,bank_norm_banktxn_zw2kagdw5lxwfa9n,1.0,AUTO_MATCH,0,,808535,808535,N8I3L23HK51POQ0N,N8I3L23HK51POQ0N,order_en4a1jnyqezm,
razorpay,rzp_norm_pay_pnfz4duylo8cki,merchant,merch_norm_led_v3a76qyop2ay,1.0,AUTO_MATCH,0,,808535,808535,N8I3L23HK51POQ0N,,order_en4a1jnyqezm,order_en4a1jnyqezm
razorpay,rzp_norm_pay_pukc8ye6zul3nw,bank,bank_norm_banktxn_w41pfv0sa4zn2z88,1.0,AUTO_MATCH,0,,84229,82440,X0EHPS21R6RDYGVF,X0EHPS21R6RDYGVF,order_xj7jwbhqi74x,
razorpay,rzp_norm_pay_pukc8ye6zul3nw,merchant,merch_norm_led_p4pfj2lioiwk,1.0,AUTO_MATCH,0,,84229,84229,X0EHPS21R6RDYGVF,,order_xj7jwbhqi74x,order_xj7jwbhqi74x
razorpay,rzp_norm_pay_pv474vwl7bmatb,bank,bank_norm_banktxn_frr0vzdfi3wccuwd,1.0,AUTO_MATCH,0,,628502,613669,ZSLUO5VPNVAAGNXX,ZSLUO5VPNVAAGNXX,order_4pi8989mfyg4,
razorpay,rzp_norm_pay_pv474vwl7bmatb,merchant,merch_norm_led_p7mboqxpox1y,1.0,AUTO_MATCH,0,,628502,628502,ZSLUO5VPNVAAGNXX,,order_4pi8989mfyg4,order_4pi8989mfyg4
razorpay,rzp_norm_pay_pv8acaib2gf13p,bank,bank_norm_banktxn_08ilj89g9aif19e8,1.0,AUTO_MATCH,0,,803619,784654,5J939ZP689DAZQ7H,5J939ZP689DAZQ7H,order_f462ru6fofl5,
razorpay,rzp_norm_pay_pv8acaib2gf13p,merchant,merch_norm_led_3016c8sxayag,1.0,AUTO_MATCH,0,,803619,803619,5J939ZP689DAZQ7H,,order_f462ru6fofl5,order_f462ru6fofl5
razorpay,rzp_norm_pay_pxlbsrwb16zz6a,bank,bank_norm_banktxn_38mdfvu0yo3jftum,1.0,AUTO_MATCH,0,,130336,130336,0T0RFM6K44ULDF7S,0T0RFM6K44ULDF7S,order_9joo7gay2v0a,
razorpay,rzp_norm_pay_pxlbsrwb16zz6a,merchant,merch_norm_led_ztbnct5v827k,1.0,AUTO_MATCH,0,,130336,130336,0T0RFM6K44ULDF7S,,order_9joo7gay2v0a,order_9joo7gay2v0a
razorpay,rzp_norm_pay_q0lbf2gkzw6pl1,merchant,merch_norm_led_kbpogyryfpzs,1.0,AUTO_MATCH,0,,255210,255210,CIH1QP4UU4X8GYY2,,order_anhjv9g76rk2,order_anhjv9g76rk2
razorpay,rzp_norm_pay_q10y96pcjkrw1j,bank,bank_norm_banktxn_1pesnu6jl956zadv,1.0,AUTO_MATCH,0,,356276,356276,ZHUIYWFO1VPNY6SE,ZHUIYWFO1VPNY6SE,order_htc6guoir5eq,
razorpay,rzp_norm_pay_q10y96pcjkrw1j,merchant,merch_norm_led_f59puxe3vgqj,1.0,AUTO_MATCH,0,,356276,356276,ZHUIYWFO1VPNY6SE,,order_htc6guoir5eq,order_htc6guoir5eq
razorpay,rzp_norm_pay_q3dqo1ou0mjoqy,bank,bank_norm_banktxn_tklohqg5u1y3me42,1.0,AUTO_MATCH,0,,704452,704452,T8Y1P15R8TB3GOKD,T8Y1P15R8TB3GOKD,order_yevehrv1olpa,
razorpay,rzp_norm_pay_q3dqo1ou0mjoqy,merchant,merch_norm_led_1fc19f8u7dtg,1.0,AUTO_MATCH,0,,704452,704452,T8Y1P15R8TB3GOKD,,order_yevehrv1olpa,order_yevehrv1olpa
razorpay,rzp_norm_pay_q74edlqcb8gn4w,bank,bank_norm_banktxn_3gdobbm5rg8f078u,1.0,AUTO_MATCH,0,,43637,43637,OVZJXUWQC5RE3MAV,OVZJXUWQC5RE3MAV,order_9npp4859rsjz,
razorpay,rzp_norm_pay_q74edlqcb8gn4w,merchant,merch_norm_led_ip07vod65wrf,1.0,AUTO_MATCH,0,,43637,43637,OVZJXUWQC5RE3MAV,,order_9npp4859rsjz,order_9npp4859rsjz
razorpay,rzp_norm_pay_q96bu2yw75u8y0,bank,bank_norm_banktxn_0odkqn69rggyrnhp,1.0,AUTO_MATCH,0,,135435,135435,R8GUE5IYQGC00X7X,R8GUE5IYQGC00X7X,order_rxqn2xreuom6,
razorpay,rzp_norm_pay_q96bu2yw75u8y0,merchant,merch_norm_led_dqzzubnzzugj,1.0,AUTO_MATCH,0,,135435,135435,R8GUE5IYQGC00X7X,,order_rxqn2xreuom6,order_rxqn2xreuom6
razorpay,rzp_norm_pay_qafdjs0j1t6gps,bank,bank_norm_banktxn_m126s2oth2vyrbxk,1.0,AUTO_MATCH,0,,1036614,1036614,XDVINP27T1CO614T,XDVINP27T1CO614T,order_6gvvfi7zmkl2,
razorpay,rzp_norm_pay_qafdjs0j1t6gps,merchant,merch_norm_led_k6p97nfzrspf,1.0,AUTO_MATCH,0,,1036614,1036614,XDVINP27T1CO614T,,order_6gvvfi7zmkl2,order_6gvvfi7zmkl2
razorpay,rzp_norm_pay_qb5xn4xywwz1ou,bank,bank_norm_banktxn_2kjwpyug2cim3lh7,1.0,AUTO_MATCH,0,,97231,94936,2MYLBTUB84T2IC2C,2MYLBTUB84T2IC2C,order_2ong1m4mf6l8,
razorpay,rzp_norm_pay_qbfkr5co5k600d,bank,bank_norm_banktxn_iltwn0l7z1k3mo1d,1.0,AUTO_MATCH,0,,241300,235605,TKS5NNLO8CIVQJQ4,TKS5NNLO8CIVQJQ4,order_vg9790qwo23v,
razorpay,rzp_norm_pay_qbfkr5co5k600d,merchant,merch_norm_led_8op8l63e6nf1,1.0,AUTO_MATCH,0,,241300,241300,TKS5NNLO8CIVQJQ4,,order_vg9790qwo23v,order_vg9790qwo23v
razorpay,rzp_norm_pay_qbnl8mtq5m1fcm,bank,bank_norm_banktxn_d00h03fvqmzj16j2,1.0,AUTO_MATCH,0,,66328,64919,GDH9AVYND8704FEY,GDH9AVYND8704FEY,order_wgy3xq4wrxc0,
razorpay,rzp_norm_pay_qbnl8mtq5m1fcm,merchant,merch_norm_led_lrl09mszv22k,1.0,AUTO_MATCH,0,,66328,66328,GDH9AVYND8704FEY,,order_wgy3xq4wrxc0,order_wgy3xq4wrxc0
razorpay,rzp_norm_pay_qch3rv6urok78b,bank,bank_norm_banktxn_f91zkeaody1a5hv7,1.0,AUTO_MATCH,0,,909285,889972,RD2307LHIRFEEHZM,RD2307LHIRFEEHZM,order_7n324h6zyh86,
razorpay,rzp_norm_pay_qch3rv6urok78b,merchant,merch_norm_led_6fqeftabeh60,1.0,AUTO_MATCH,0,,909285,909285,RD2307LHIRFEEHZM,,order_7n324h6zyh86,order_7n324h6zyh86
razorpay,rzp_norm_pay_qdzearhwv5235s,bank,bank_norm_banktxn_yumpvz7d38qkohtu,1.0,AUTO_MATCH,0,,30399,29682,HJZI5IBFKM9YCDUA,HJZI5IBFKM9YCDUA,order_0tz68ilsp4f2,
razorpay,rzp_norm_pay_qdzearhwv5235s,merchant,merch_norm_led_65lxz84xt2xh,1.0,AUTO_MATCH,0,,30399,30399,HJZI5IBFKM9YCDUA,,order_0tz68ilsp4f2,order_0tz68ilsp4f2
razorpay,rzp_norm_pay_qf0q2019nxklar,bank,bank_norm_banktxn_1r091y5o18tmbfej,1.0,AUTO_MATCH,0,,129656,126902,XARE68W7PGZAKD55,XARE68W7PGZAKD55,order_fzpcp3r8obpk,
razorpay,rzp_norm_pay_qf0q2019nxklar,merchant,merch_norm_led_cyfog3h59167,1.0,AUTO_MATCH,0,,129656,129656,XARE68W7PGZAKD55,,order_fzpcp3r8obpk,order_fzpcp3r8obpk
razorpay,rzp_norm_pay_qiyyqewskrz6al,bank,bank_norm_banktxn_kccafp46zooj74l5,1.0,AUTO_MATCH,0,,300285,291427,9SNC8OIWPC835F0P,9SNC8OIWPC835F0P,order_5518xjdxck0f,
razorpay,rzp_norm_pay_qiyyqewskrz6al,merchant,merch_norm_led_oigql9cqnuz9,1.0,AUTO_MATCH,0,,300285,300285,9SNC8OIWPC835F0P,,order_5518xjdxck0f,order_5518xjdxck0f
razorpay,rzp_norm_pay_qjh1gtzcavrqfs,bank,bank_norm_banktxn_h09o0zohooqx47yb,1.0,AUTO_MATCH,0,,34736,34736,S5JGODLF5KLRPJ9C,S5JGODLF5KLRPJ9C,order_kx5zusjhajox,
razorpay,rzp_norm_pay_qjh1gtzcavrqfs,merchant,merch_norm_led_89f8hozv8b3e,1.0,AUTO_MATCH,0,,34736,34736,S5JGODLF5KLRPJ9C,,order_kx5zusjhajox,order_kx5zusjhajox
razorpay,rzp_norm_pay_qjx53044ade17q,merchant,merch_norm_led_svb51wvbti73,1.0,AUTO_MATCH,0,,134783,134783,WJ6IFJIPABW1VG3K,,order_tolnotfbezco,order_tolnotfbezco
razorpay,rzp_norm_pay_qkzs8x0afzokqb,bank,bank_norm_banktxn_3c0t43y4raadtopa,1.0,AUTO_MATCH,0,,35248,35248,00F00LCTY9YPXUA9,00F00LCTY9YPXUA9,order_q20z0ny17xzw,
razorpay,rzp_norm_pay_qkzs8x0afzokqb,merchant,merch_norm_led_7nh4m4z3s08t,1.0,AUTO_MATCH,0,,35248,35248,00F00LCTY9YPXUA9,,order_q20z0ny17xzw,order_q20z0ny17xzw
razorpay,rzp_norm_pay_qleluzoqptdr1e,bank,bank_norm_banktxn_w9ev71nq0acew1hs,1.0,AUTO_MATCH,0,,710969,710969,WJG6YM4QWDAUQ9Y3,WJG6YM4QWDAUQ9Y3,order_967ahkzr5mhu,
razorpay,rzp_norm_pay_qleluzoqptdr1e,merchant,merch_norm_led_f9vb8hcvky66,1.0,AUTO_MATCH,0,,710969,710969,WJG6YM4QWDAUQ9Y3,,order_967ahkzr5mhu,order_967ahkzr5mhu
razorpay,rzp_norm_pay_qlixjcdw0ndqeg,bank,bank_norm_banktxn_b6wc62mxuoxpgo4z,1.0,AUTO_MATCH,0,,302159,295741,GM8ANWBG6IY0ZSGK,GM8ANWBG6IY0ZSGK,order_s5ovw2gsz3mj,
razorpay,rzp_norm_pay_qlixjcdw0ndqeg,merchant,merch_norm_led_h5okv4g6vzsj,1.0,AUTO_MATCH,0,,302159,302159,GM8ANWBG6IY0ZSGK,,order_s5ovw2gsz3mj,order_s5ovw2gsz3mj
razorpay,rzp_norm_pay_qlu3sic96xe29h,bank,bank_norm_banktxn_eqcf0kunjct30yi7,1.0,AUTO_MATCH,0,,508051,497260,44KJYW2K63ECIPNF,44KJYW2K63ECIPNF,order_bpgqxll7192j,
razorpay,rzp_norm_pay_qlu3sic96xe29h,merchant,merch_norm_led_pgess296t0hs,1.0,AUTO_MATCH,0,,508051,508051,44KJYW2K63ECIPNF,,order_bpgqxll7192j,order_bpgqxll7192j
razorpay,rzp_norm_pay_qml95xkoywpgdc,bank,bank_norm_banktxn_letjspd6xdgb10ai,1.0,AUTO_MATCH,0,,60149,58871,SQ5JJGEESEO23WLS,SQ5JJGEESEO23WLS,order_shmc4y2beyiz,
razorpay,rzp_norm_pay_qml95xkoywpgdc,merchant,merch_norm_led_avylacip5k4a,1.0,AUTO_MATCH,0,,60149,60149,SQ5JJGEESEO23WLS,,order_shmc4y2beyiz,order_shmc4y2beyiz
razorpay,rzp_norm_pay_qn5p8f7w7xxgv5,bank,bank_norm_banktxn_nunj123fgzojn7yf,1.0,AUTO_MATCH,0,,175506,170328,HSQG3VYN7KYRUFH9,HSQG3VYN7KYRUFH9,order_f7klofrd96bd,
razorpay,rzp_norm_pay_qn5p8f7w7xxgv5,merchant,merch_norm_led_so0pgj5fjdas,1.0,AUTO_MATCH,0,,175506,175506,HSQG3VYN7KYRUFH9,,order_f7klofrd96bd,order_f7klofrd96bd
razorpay,rzp_norm_pay_qpf222gmdz1hzy,bank,bank_norm_banktxn_io6bz6n36ogkgqo9,1.0,AUTO_MATCH,0,,288546,282417,SD4V0W7PQYZ6E1EY,SD4V0W7PQYZ6E1EY,order_qvak6j0o7s3w,
razorpay,rzp_norm_pay_qpf222gmdz1hzy,merchant,merch_norm_led_nse79meq68sp,1.0,AUTO_MATCH,0,,288546,288546,SD4V0W7PQYZ6E1EY,,order_qvak6j0o7s3w,order_qvak6j0o7s3w
razorpay,rzp_norm_pay_qq3pbk5kvkl6g2,bank,bank_norm_banktxn_7t9l4bdgdfkertns,1.0,AUTO_MATCH,0,,245330,239540,HABUIPRM8JXC2M7T,HABUIPRM8JXC2M7T,order_ps60w00gmwub,
razorpay,rzp_norm_pay_qq3pbk5kvkl6g2,merchant,merch_norm_led_uvsdg8olyuk3,1.0,AUTO_MATCH,0,,245330,245330,HABUIPRM8JXC2M7T,,order_ps60w00gmwub,order_ps60w00gmwub
razorpay,rzp_norm_pay_qrby53spstsyqs,bank,bank_norm_banktxn_9hzuvcom6xyh7yqp,1.0,AUTO_MATCH,0,,295366,295366,D2NDVH2RAG8O73FF,D2NDVH2RAG8O73FF,order_eu4y42msgrwe,
razorpay,rzp_norm_pay_qrby53spstsyqs,merchant,merch_norm_led_5d9j1pfnubgt,1.0,AUTO_MATCH,0,,295366,295366,D2NDVH2RAG8O73FF,,order_eu4y42msgrwe,order_eu4y42msgrwe
razorpay,rzp_norm_pay_qrzsjbuks4hx4b,bank,bank_norm_banktxn_c9h18c2x48aics6k,1.0,AUTO_MATCH,0,,67160,65179,04LZQQXIASANGLAX,04LZQQXIASANGLAX,order_nm86pmcvghsg,
razorpay,rzp_norm_pay_qrzsjbuks4hx4b,merchant,merch_norm_led_2639fj7j833j,1.0,AUTO_MATCH,0,,67160,67160,04LZQQXIASANGLAX,,order_nm86pmcvghsg,order_nm86pmcvghsg
razorpay,rzp_norm_pay_qsc6g7g9qk67yl,bank,bank_norm_banktxn_qku9ucx36qlzjnqc,1.0,AUTO_MATCH,0,,635694,635694,Q49J937ZJEKUE0X3,Q49J937ZJEKUE0X3,order_w3b0bd5ka6y0,
razorpay,rzp_norm_pay_qsc6g7g9qk67yl,merchant,merch_norm_led_bgmi0ner0pkr,1.0,AUTO_MATCH,0,,635694,635694,Q49J937ZJEKUE0X3,,order_w3b0bd5ka6y0,order_w3b0bd5ka6y0
razorpay,rzp_norm_pay_qvtttfqltojmmj,bank,bank_norm_banktxn_n4jxkl1t19og1r8r,1.0,AUTO_MATCH,0,,21593,21083,38ODKNDF3Y8CFC5D,38ODKNDF3Y8CFC5D,order_l3dgw7lgcm76,
razorpay,rzp_norm_pay_qvtttfqltojmmj,merchant,merch_norm_led_0osi6k7jjwur,1.0,AUTO_MATCH,0,,21593,21593,38ODKNDF3Y8CFC5D,,order_l3dgw7lgcm76,order_l3dgw7lgcm76
razorpay,rzp_norm_pay_qx8i3m4qomgk69,bank,bank_norm_banktxn_2jh9dwq3b2l3yye1,1.0,AUTO_MATCH,0,,156719,156719,XQYR1WEKU24S1FQC,XQYR1WEKU24S1FQC,order_bgjg4wui09cc,
razorpay,rzp_norm_pay_qx8i3m4qomgk69,merchant,merch_norm_led_h4dh0r4uvv8h,1.0,AUTO_MATCH,0,,156719,156719,XQYR1WEKU24S1FQC,,order_bgjg4wui09cc,order_bgjg4wui09cc
razorpay,rzp_norm_pay_qxvd728jaoikre,bank,bank_norm_banktxn_jb70bfzsaxz1vfrq,1.0,AUTO_MATCH,0,,57131,55446,ZMWU8OCBUM2BV49O,ZMWU8OCBUM2BV49O,order_hrxinwd600cm,
razorpay,rzp_norm_pay_qxvd728jaoikre,merchant,merch_norm_led_jv2ok07phefm,1.0,AUTO_MATCH,0,,57131,57131,ZMWU8OCBUM2BV49O,,order_hrxinwd600cm,order_hrxinwd600cm
razorpay,rzp_norm_pay_qz07b11d1x7t3j,bank,bank_norm_banktxn_1iqa3zvezje8a6np,1.0,AUTO_MATCH,0,,189786,185755,0CVA4D1J5Z1XJZ8Q,0CVA4D1J5Z1XJZ8Q,order_spllii2zyzwl,
razorpay,rzp_norm_pay_qz07b11d1x7t3j,merchant,merch_norm_led_eicvqw9m8fw6,1.0,AUTO_MATCH,0,,189786,189786,0CVA4D1J5Z1XJZ8Q,,order_spllii2zyzwl,order_spllii2zyzwl
razorpay,rzp_norm_pay_qzeqjk1bq9wunv,bank,bank_norm_banktxn_3gj3v66ergry3oyx,1.0,AUTO_MATCH,0,,113440,113440,WWNXIS21QZ7Z8EU4,WWNXIS21QZ7Z8EU4,order_93c6ic0p6jfb,
razorpay,rzp_norm_pay_qzeqjk1bq9wunv,merchant,merch_norm_led_twky1c69tu2l,1.0,AUTO_MATCH,0,,113440,113440,WWNXIS21QZ7Z8EU4,,order_93c6ic0p6jfb,order_93c6ic0p6jfb
razorpay,rzp_norm_pay_qzlwgmdow42mcj,bank,bank_norm_banktxn_eo8k5sz1bu6kb8sf,1.0,AUTO_MATCH,0,,390455,390455,UEHMPM4E1UAOTJKF,UEHMPM4E1UAOTJKF,order_0neivibd2y43,
razorpay,rzp_norm_pay_qzlwgmdow42mcj,merchant,merch_norm_led_ua8qcxr7t7oz,1.0,AUTO_MATCH,0,,390455,390455,UEHMPM4E1UAOTJKF,,order_0neivibd2y43,order_0neivibd2y43
razorpay,rzp_norm_pay_qzzs0ri53w340u,bank,bank_norm_banktxn_eejhfvivn3rdpzld,1.0,AUTO_MATCH,0,,648657,634879,2CGCI5S433ELV2LY,2CGCI5S433ELV2LY,order_9rvabixlm7ls,
razorpay,rzp_norm_pay_qzzs0ri53w340u,merchant,merch_norm_led_bwpdoeg54n8m,1.0,AUTO_MATCH,0,,648657,648657,2CGCI5S433ELV2LY,,order_9rvabixlm7ls,order_9rvabixlm7ls
razorpay,rzp_norm_pay_r0abnalkc5cg5s,merchant,merch_norm_led_uogtzmoal3zg,1.0,AUTO_MATCH,0,,73782,73782,6OFS2MZHZAZ7SCDD,,order_qbby1mj4vnh2,order_qbby1mj4vnh2
razorpay,rzp_norm_pay_r0r9ihhtbv8jmk,bank,bank_norm_banktxn_np5g2ttj5wi69og1,1.0,AUTO_MATCH,0,,135061,132192,PDR14JHV7NTV4GHL,PDR14JHV7NTV4GHL,order_voyvk46ixfce,
razorpay,rzp_norm_pay_r0r9ihhtbv8jmk,merchant,merch_norm_led_kfn8eb8tpvc3,1.0,AUTO_MATCH,0,,135061,135061,PDR14JHV7NTV4GHL,,order_voyvk46ixfce,order_voyvk46ixfce
razorpay,rzp_norm_pay_r0ux4tmjeschuo,bank,bank_norm_banktxn_igfzxbvx091kzql0,1.0,AUTO_MATCH,0,,192520,188431,W97HNXG6HXJP146F,W97HNXG6HXJP146F,order_haues81fvoez,
razorpay,rzp_norm_pay_r0ux4tmjeschuo,merchant,merch_norm_led_ucb6jrghcpm6,1.0,AUTO_MATCH,0,,192520,192520,W97HNXG6HXJP146F,,order_haues81fvoez,order_haues81fvoez
razorpay,rzp_norm_pay_r606gewxzesnpt,bank,bank_norm_banktxn_1l6afxbzalzrtepb,1.0,AUTO_MATCH,0,,260879,254722,JLTDXUMU6SSK4J27,JLTDXUMU6SSK4J27,order_w9m1u6iq579m,
razorpay,rzp_norm_pay_r606gewxzesnpt,merchant,merch_norm_led_brp1csro0ddh,1.0,AUTO_MATCH,0,,260879,260879,JLTDXUMU6SSK4J27,,order_w9m1u6iq579m,order_w9m1u6iq579m
razorpay,rzp_norm_pay_r6xkcz20f8oecg,bank,bank_norm_banktxn_eivvpmyui6e7iqsk,1.0,AUTO_MATCH,0,,203570,198766,R4VZDB2QGOFMUXBJ,R4VZDB2QGOFMUXBJ,order_u9vbvi8c5xd0,
razorpay,rzp_norm_pay_r6xkcz20f8oecg,merchant,merch_norm_led_fr7btk7mp8uv,1.0,AUTO_MATCH,0,,203570,203570,R4VZDB2QGOFMUXBJ,,order_u9vbvi8c5xd0,order_u9vbvi8c5xd0
razorpay,rzp_norm_pay_r89beiqu6yjhq4,bank,bank_norm_banktxn_h3zguom91mobbjt7,1.0,AUTO_MATCH,0,,129849,127091,006XJTRONCMO1S59,006XJTRONCMO1S59,order_sc8sjf1sposg,
razorpay,rzp_norm_pay_r89beiqu6yjhq4,merchant,merch_norm_led_y3cxx4ift63i,1.0,AUTO_MATCH,0,,129849,129849,006XJTRONCMO1S59,,order_sc8sjf1sposg,order_sc8sjf1sposg
razorpay,rzp_norm_pay_raz0vcen10qgkk,bank,bank_norm_banktxn_1x3nmy88q9c5qtn1,1.0,AUTO_MATCH,0,,565483,565483,BNMXSBCS1RANWTDO,BNMXSBCS1RANWTDO,order_x2jxai2uyaxo,
razorpay,rzp_norm_pay_raz0vcen10qgkk,merchant,merch_norm_led_45nc8s1dj6is,1.0,AUTO_MATCH,0,,565483,565483,BNMXSBCS1RANWTDO,,order_x2jxai2uyaxo,order_x2jxai2uyaxo
razorpay,rzp_norm_pay_rb5muvj0kgnwrr,bank,bank_norm_banktxn_dexa7k10t7d80ihw,1.0,AUTO_MATCH,0,,1149488,1122360,NE4G6WWUBQDGB5A8,NE4G6WWUBQDGB5A8,order_7x9iyvj4havw,
razorpay,rzp_norm_pay_rb5muvj0kgnwrr,merchant,merch_norm_led_gmqtu4nh7too,1.0,AUTO_MATCH,0,,1149488,1149488,NE4G6WWUBQDGB5A8,,order_7x9iyvj4havw,order_7x9iyvj4havw
razorpay,rzp_norm_pay_rbtryq5bvfi877,bank,bank_norm_banktxn_62w94dckpzd6s9er,1.0,AUTO_MATCH,0,,67548,65555,Z2AX3ZYX4OQJNAC7,Z2AX3ZYX4OQJNAC7,order_91a5dw5e25ij,
razorpay,rzp_norm_pay_rbtryq5bvfi877,merchant,merch_norm_led_pv3j4u50dz57,1.0,AUTO_MATCH,0,,67548,67548,Z2AX3ZYX4OQJNAC7,,order_91a5dw5e25ij,order_91a5dw5e25ij
razorpay,rzp_norm_pay_rch664nl1fiay6,bank,bank_norm_banktxn_6lqw6w91ou2ia9t5,1.0,AUTO_MATCH,0,,158150,154791,U23K5J0MIPWCKPM8,U23K5J0MIPWCKPM8,order_4d0jczc2fh52,
razorpay,rzp_norm_pay_rch664nl1fiay6,merchant,merch_norm_led_5ed9awxxls8l,1.0,AUTO_MATCH,0,,158150,158150,U23K5J0MIPWCKPM8,,order_4d0jczc2fh52,order_4d0jczc2fh52
razorpay,rzp_norm_pay_rcmn4sa2wgqixm,merchant,merch_norm_led_2hq77sakof1i,1.0,AUTO_MATCH,0,,709903,709903,N9K70K0LDTKEZ4OI,,order_p17bkrbmf4dn,order_p17bkrbmf4dn
razorpay,rzp_norm_pay_rddicqbq91igfs,bank,bank_norm_banktxn_pn8z2bgawvlt85kx,1.0,AUTO_MATCH,0,,88733,86638,G46Z33LFUM20GWOJ,G46Z33LFUM20GWOJ,order_fnt50u8kpdor,
razorpay,rzp_norm_pay_rddicqbq91igfs,merchant,merch_norm_led_r9g7k28vhnri,1.0,AUTO_MATCH,0,,88733,88733,G46Z33LFUM20GWOJ,,order_fnt50u8kpdor,order_fnt50u8kpdor
razorpay,rzp_norm_pay_rf4ailfgtg44p2,bank,bank_norm_banktxn_nt85g8o3u4ec5hey,1.0,AUTO_MATCH,0,,72675,72675,IHTJYJXMPJJL5GB7,IHTJYJXMPJJL5GB7,order_wgty7za9adhh,
razorpay,rzp_norm_pay_rf4ailfgtg44p2,merchant,merch_norm_led_8spip78dmkgn,1.0,AUTO_MATCH,0,,72675,72675,IHTJYJXMPJJL5GB7,,order_wgty7za9adhh,order_wgty7za9adhh
razorpay,rzp_norm_pay_rfwk8tvymo7cds,bank,bank_norm_banktxn_9tvwab40a5vyb6cg,1.0,AUTO_MATCH,0,,83769,81792,W26RHI3FSDG6PUY6,W26RHI3FSDG6PUY6,order_4yijg3ak39pi,
razorpay,rzp_norm_pay_rfwk8tvymo7cds,merchant,merch_norm_led_xqaylvsereyf,1.0,AUTO_MATCH,0,,83769,83769,W26RHI3FSDG6PUY6,,order_4yijg3ak39pi,order_4yijg3ak39pi
razorpay,rzp_norm_pay_rggz6hj003h2sn,bank,bank_norm_banktxn_7ucqqkhsnwtzfu43,1.0,AUTO_MATCH,0,,199125,199125,QXABZWLJ9TDHGV9N,QXABZWLJ9TDHGV9N,order_q29f73rj2sva,
razorpay,rzp_norm_pay_rggz6hj003h2sn,merchant,merch_norm_led_kc9m3rvt7zkc,1.0,AUTO_MATCH,0,,199125,199125,QXABZWLJ9TDHGV9N,,order_q29f73rj2sva,order_q29f73rj2sva
razorpay,rzp_norm_pay_rhqj6iufmjrzlc,bank,bank_norm_banktxn_s4m6oe9e3jvv9lq4,1.0,AUTO_MATCH,0,,36312,35455,EN5OO2EAFU16G1M3,EN5OO2EAFU16G1M3,order_tiblbktsoyvu,
razorpay,rzp_norm_pay_rhqj6iufmjrzlc,merchant,merch_norm_led_5nmeewi5p81r,1.0,AUTO_MATCH,0,,36312,36312,EN5OO2EAFU16G1M3,,order_tiblbktsoyvu,order_tiblbktsoyvu
razorpay,rzp_norm_pay_ri5rdx8l56u9c3,bank,bank_norm_banktxn_3pktu8568s6px60x,1.0,AUTO_MATCH,0,,164000,164000,3GZ0YWR56ANW1JJE,3GZ0YWR56ANW1JJE,order_cmwa5uboef1y,
razorpay,rzp_norm_pay_ri5rdx8l56u9c3,merchant,merch_norm_led_6tqren85l9qu,1.0,AUTO_MATCH,0,,164000,164000,3GZ0YWR56ANW1JJE,,order_cmwa5uboef1y,order_cmwa5uboef1y
razorpay,rzp_norm_pay_rikokb92drxhk6,bank,bank_norm_banktxn_1ndirsx8ti77srvg,1.0,AUTO_MATCH,0,,95990,93724,6EH96DZWA12YYC0V,6EH96DZWA12YYC0V,order_mia7ihvseaig,
razorpay,rzp_norm_pay_rikokb92drxhk6,merchant,merch_norm_led_58h7m5e4kawl,1.0,AUTO_MATCH,0,,95990,95990,6EH96DZWA12YYC0V,,order_mia7ihvseaig,order_mia7ihvseaig
razorpay,rzp_norm_pay_rjpn96uinpkzyy,bank,bank_norm_banktxn_x5mr5c18eaupd5pi,1.0,AUTO_MATCH,0,,299703,292630,H6JNTMMTCZ4LRSU8,H6JNTMMTCZ4LRSU8,order_hczrzijez1px,
razorpay,rzp_norm_pay_rjpn96uinpkzyy,merchant,merch_norm_led_vdspxtonqiv6,1.0,AUTO_MATCH,0,,299703,299703,H6JNTMMTCZ4LRSU8,,order_hczrzijez1px,order_hczrzijez1px
razorpay,rzp_norm_pay_rkwswaj8nqnz8d,merchant,merch_norm_led_xr14m3wefhk4,1.0,AUTO_MATCH,0,,2686150,2686150,XCGOO1X7GIXP28PL,,order_zlg2jil1ezpc,order_zlg2jil1ezpc
razorpay,rzp_norm_pay_rmryzva090gzv5,bank,bank_norm_banktxn_91rmjuckrg8s8gdq,1.0,AUTO_MATCH,0,,501953,490107,9U7SILD4INNM0Z33,9U7SILD4INNM0Z33,order_1eoleivoi5gi,
razorpay,rzp_norm_pay_rmryzva090gzv5,merchant,merch_norm_led_521xagk3x7gr,1.0,AUTO_MATCH,0,,501953,501953,9U7SILD4INNM0Z33,,order_1eoleivoi5gi,order_1eoleivoi5gi
razorpay,rzp_norm_pay_rn90njxzxn3td9,bank,bank_norm_banktxn_0zi2unxwa89u8jwk,1.0,AUTO_MATCH,0,,63488,62139,BD82PQ9S8L2V0482,BD82PQ9S8L2V0482,order_nt5qb3uuaq8n,
razorpay,rzp_norm_pay_rn90njxzxn3td9,merchant,merch_norm_led_e4vwlwuwudh3,1.0,AUTO_MATCH,0,,63488,63488,BD82PQ9S8L2V0482,,order_nt5qb3uuaq8n,order_nt5qb3uuaq8n
razorpay,rzp_norm_pay_roe1sh8orddw5b,bank,bank_norm_banktxn_hsm5lafxlzs9m1ot,1.0,AUTO_MATCH,0,,441723,441723,I4TFFO7AEDCZ5ZGL,I4TFFO7AEDCZ5ZGL,order_9x10beu3q1c4,
razorpay,rzp_norm_pay_roe1sh8orddw5b,merchant,merch_norm_led_4e98es11f6fj,1.0,AUTO_MATCH,0,,441723,441723,I4TFFO7AEDCZ5ZGL,,order_9x10beu3q1c4,order_9x10beu3q1c4
razorpay,rzp_norm_pay_rp1nw1ykq08z6v,merchant,merch_norm_led_va79s4k9p5u7,1.0,AUTO_MATCH,0,,528689,528689,F1ZST99ORPSEHKXR,,order_3www0s9h93ul,order_3www0s9h93ul
razorpay,rzp_norm_pay_rq859djuxl4o50,bank,bank_norm_banktxn_qbvf17hv4nurgu7n,1.0,AUTO_MATCH,0,,423369,414376,V2JJVZTE109GJU7I,V2JJVZTE109GJU7I,order_qhqbzt8cboiz,
razorpay,rzp_norm_pay_rq859djuxl4o50,merchant,merch_norm_led_w1ga39kt8ma3,1.0,AUTO_MATCH,0,,423369,423369,V2JJVZTE109GJU7I,,order_qhqbzt8cboiz,order_qhqbzt8cboiz
razorpay,rzp_norm_pay_rs49tjh16e1ms8,bank,bank_norm_banktxn_09p5roxgk36kr8al,1.0,AUTO_MATCH,0,,67616,67616,RZWUZR7B389YMI2H,RZWUZR7B389YMI2H,order_kcfajt2tc1pz,
razorpay,rzp_norm_pay_rs49tjh16e1ms8,merchant,merch_norm_led_ygx71q0ilybs,1.0,AUTO_MATCH,0,,67616,67616,RZWUZR7B389YMI2H,,order_kcfajt2tc1pz,order_kcfajt2tc1pz
razorpay,rzp_norm_pay_rso1waypv5do0l,bank,bank_norm_banktxn_x3y3dxw2ig43i3hf,1.0,AUTO_MATCH,0,,3216962,3216962,9GN5DN3046LIP7UM,9GN5DN3046LIP7UM,order_gir81znqh37c,
razorpay,rzp_norm_pay_rso1waypv5do0l,merchant,merch_norm_led_4mpowl4dlcx6,1.0,AUTO_MATCH,0,,3216962,3216962,9GN5DN3046LIP7UM,,order_gir81znqh37c,order_gir81znqh37c
razorpay,rzp_norm_pay_rudzjf7knqvrkt,bank,bank_norm_banktxn_pxe9wsoz5r2m56u0,1.0,AUTO_MATCH,0,,17730,17730,2C52KQPK6G4EJC1S,2C52KQPK6G4EJC1S,order_aobqeaudagev,
razorpay,rzp_norm_pay_rudzjf7knqvrkt,merchant,merch_norm_led_ahbfrfsgdtfy,1.0,AUTO_MATCH,0,,17730,17730,2C52KQPK6G4EJC1S,,order_aobqeaudagev,order_aobqeaudagev
razorpay,rzp_norm_pay_rvguu83653i0ze,bank,bank_norm_banktxn_usbttgnsl3a6xxmb,1.0,AUTO_MATCH,0,,324702,324702,UMECI98KDE88G8NV,UMECI98KDE88G8NV,order_wgftzbp15ysu,
razorpay,rzp_norm_pay_rvguu83653i0ze,merchant,merch_norm_led_56ixjr2eocxe,1.0,AUTO_MATCH,0,,324702,324702,UMECI98KDE88G8NV,,order_wgftzbp15ysu,order_wgftzbp15ysu
razorpay,rzp_norm_pay_rvpjssj5qcomr2,bank,bank_norm_banktxn_t0bnm7axatqdrjf5,1.0,AUTO_MATCH,0,,124723,121780,OHRBTS57M8OEKD3N,OHRBTS57M8OEKD3N,order_gl21qfmkeuc2,
razorpay,rzp_norm_pay_rvpjssj5qcomr2,merchant,merch_norm_led_kixzlpmiqrfj,1.0,AUTO_MATCH,0,,124723,124723,OHRBTS57M8OEKD3N,,order_gl21qfmkeuc2,order_gl21qfmkeuc2
razorpay,rzp_norm_pay_rvyyl7rzb1czn9,bank,bank_norm_banktxn_3zk7gpqsnt6oki18,1.0,AUTO_MATCH,0,,722707,722707,WZL56YZ55OVYVCHW,WZL56YZ55OVYVCHW,order_xntj34li5n1p,
razorpay,rzp_norm_pay_rvyyl7rzb1czn9,merchant,merch_norm_led_c6cibozcomt6,1.0,AUTO_MATCH,0,,722707,722707,WZL56YZ55OVYVCHW,,order_xntj34li5n1p,order_xntj34li5n1p
razorpay,rzp_norm_pay_rwrfqjjjw71pc8,bank,bank_norm_banktxn_u87681dw9wc26n0n,1.0,AUTO_MATCH,0,,1348953,1320301,45BHSGDL3RUYA3DW,45BHSGDL3RUYA3DW,order_qsc81o1h8i98,
razorpay,rzp_norm_pay_rwrfqjjjw71pc8,merchant,merch_norm_led_mjvr5rz3ow2f,1.0,AUTO_MATCH,0,,1348953,1348953,45BHSGDL3RUYA3DW,,order_qsc81o1h8i98,order_qsc81o1h8i98
razorpay,rzp_norm_pay_rxc516d280nqy4,bank,bank_norm_banktxn_1eigom4ai4yfxwjp,1.0,AUTO_MATCH,0,,52799,51553,4SRO458XJ67VE3YL,4SRO458XJ67VE3YL,order_lbxvcduwmmz8,
razorpay,rzp_norm_pay_rxc516d280nqy4,merchant,merch_norm_led_3y7ug12lqgcl,1.0,AUTO_MATCH,0,,52799,52799,4SRO458XJ67VE3YL,,order_lbxvcduwmmz8,order_lbxvcduwmmz8
razorpay,rzp_norm_pay_ry9359296k9pb3,bank,bank_norm_banktxn_70z5vwc5elt43cqr,1.0,AUTO_MATCH,0,,27815,27224,N11RTFRLWSG9D7M6,N11RTFRLWSG9D7M6,order_urunvkt6wrs9,
razorpay,rzp_norm_pay_ry9359296k9pb3,merchant,merch_norm_led_7uqnww5xwfto,1.0,AUTO_MATCH,0,,27815,27815,N11RTFRLWSG9D7M6,,order_urunvkt6wrs9,order_urunvkt6wrs9
razorpay,rzp_norm_pay_rzw2t06w95llvg,bank,bank_norm_banktxn_66v782ejnuh7slom,1.0,AUTO_MATCH,0,,35744,35744,4U4JHLNUROO9MCQS,4U4JHLNUROO9MCQS,order_58n6b6yycci0,
razorpay,rzp_norm_pay_rzw2t06w95llvg,merchant,merch_norm_led_bd038bib8es5,1.0,AUTO_MATCH,0,,35744,35744,4U4JHLNUROO9MCQS,,order_58n6b6yycci0,order_58n6b6yycci0
razorpay,rzp_norm_pay_s08ifok8j2mmer,bank,bank_norm_banktxn_r2optxqi48njvb83,1.0,AUTO_MATCH,0,,1283324,1283324,Y97MSVFXNHPQ9C8E,Y97MSVFXNHPQ9C8E,order_gw5ysnh1fphw,
razorpay,rzp_norm_pay_s08ifok8j2mmer,merchant,merch_norm_led_gbxobaq80oqp,1.0,AUTO_MATCH,0,,1283324,1283324,Y97MSVFXNHPQ9C8E,,order_gw5ysnh1fphw,order_gw5ysnh1fphw
razorpay,rzp_norm_pay_s1vyrp7tu3pvfp,bank,bank_norm_banktxn_b48kpt2zyhfryiy1,1.0,AUTO_MATCH,0,,22440,21963,MKA5PN0LYS6GP94X,MKA5PN0LYS6GP94X,order_x90n0oy95abe,
razorpay,rzp_norm_pay_s1vyrp7tu3pvfp,merchant,merch_norm_led_a82l2eyrgwi8,1.0,AUTO_MATCH,0,,22440,22440,MKA5PN0LYS6GP94X,,order_x90n0oy95abe,order_x90n0oy95abe
razorpay,rzp_norm_pay_s2m8tth0amwwdm,bank,bank_norm_banktxn_ae66vukef6boq43g,1.0,AUTO_MATCH,0,,206659,201782,P4UOUBWXG8KMP421,P4UOUBWXG8KMP421,order_xow4b9mlt8hj,
razorpay,rzp_norm_pay_s2m8tth0amwwdm,merchant,merch_norm_led_724sn1bk6so8,1.0,AUTO_MATCH,0,,206659,206659,P4UOUBWXG8KMP421,,order_xow4b9mlt8hj,order_xow4b9mlt8hj
razorpay,rzp_norm_pay_s30shz00q5z292,bank,bank_norm_banktxn_nfytvn7j8kw1vi9a,1.0,AUTO_MATCH,0,,11426,11183,NAGHJM1SRKJTXW6K,NAGHJM1SRKJTXW6K,order_c7nnrttkb7qc,
razorpay,rzp_norm_pay_s30shz00q5z292,merchant,merch_norm_led_7a0cudq006jk,1.0,AUTO_MATCH,0,,11426,11426,NAGHJM1SRKJTXW6K,,order_c7nnrttkb7qc,order_c7nnrttkb7qc
razorpay,rzp_norm_pay_s5hpued397fs27,bank,bank_norm_banktxn_pglz85j7n5uqfwq5,1.0,AUTO_MATCH,0,,564029,564029,FG5YX7NSRN5N396W,FG5YX7NSRN5N396W,order_xdavg0c7riuh,
razorpay,rzp_norm_pay_s5hpued397fs27,merchant,merch_norm_led_z1zmj0e3c9me,1.0,AUTO_MATCH,0,,564029,564029,FG5YX7NSRN5N396W,,order_xdavg0c7riuh,order_xdavg0c7riuh
razorpay,rzp_norm_pay_s87n42z531gie0,merchant,merch_norm_led_8e1ogo7icwcw,1.0,AUTO_MATCH,0,,14782,14782,SQCZ0XBOCAPSQE65,,order_28tve80olpi9,order_28tve80olpi9
razorpay,rzp_norm_pay_sbqllw4d8r6clg,merchant,merch_norm_led_ffoi97m9qgnx,1.0,AUTO_MATCH,0,,8720,8720,KE2HPUJ1T6YNEE74,,order_8s05z8dc833a,order_8s05z8dc833a
razorpay,rzp_norm_pay_sc82c1fvo4yjvy,bank,bank_norm_banktxn_6ta467ve4crlpk7y,1.0,AUTO_MATCH,0,,140349,140349,Y9E429V1U2F80B3J,Y9E429V1U2F80B3J,order_s12l3l2p7dxt,
razorpay,rzp_norm_pay_sc82c1fvo4yjvy,merchant,merch_norm_led_8kd2bl47h9qa,1.0,AUTO_MATCH,0,,140349,140349,Y9E429V1U2F80B3J,,order_s12l3l2p7dxt,order_s12l3l2p7dxt
razorpay,rzp_norm_pay_sdoxeyn3ks1cg1,bank,bank_norm_banktxn_jbmgiorli85umr8u,1.0,AUTO_MATCH,0,,1244192,1244192,HXGZHCUT20QBVLL7,HXGZHCUT20QBVLL7,order_5qn2y74cqg1f,
razorpay,rzp_norm_pay_sdoxeyn3ks1cg1,merchant,merch_norm_led_law007q4sdhj,1.0,AUTO_MATCH,0,,1244192,1244192,HXGZHCUT20QBVLL7,,order_5qn2y74cqg1f,order_5qn2y74cqg1f
razorpay,rzp_norm_pay_sgha3ep3uyliyc,bank,bank_norm_banktxn_6t06n26rvu818m48,1.0,AUTO_MATCH,0,,1702348,1702348,R35GLS9E8PV4HYLW,R35GLS9E8PV4HYLW,order_c0nwv9fzdpy0,
razorpay,rzp_norm_pay_sgha3ep3uyliyc,merchant,merch_norm_led_27z9zm8fe9s0,1.0,AUTO_MATCH,0,,1702348,1702348,R35GLS9E8PV4HYLW,,order_c0nwv9fzdpy0,order_c0nwv9fzdpy0
razorpay,rzp_norm_pay_sgk65o0zmxt26m,bank,bank_norm_banktxn_8t6lp3edxvyxm9wn,1.0,AUTO_MATCH,0,,397854,397854,HTR48WXE0VHO67FU,HTR48WXE0VHO67FU,order_ab7dcoxo30wc,
razorpay,rzp_norm_pay_sgk65o0zmxt26m,merchant,merch_norm_led_zwpw6ygftpf3,1.0,AUTO_MATCH,0,,397854,397854,HTR48WXE0VHO67FU,,order_ab7dcoxo30wc,order_ab7dcoxo30wc
razorpay,rzp_norm_pay_slo6vmxdjh4te1,bank,bank_norm_banktxn_beqssyn5hmlhjihj,1.0,AUTO_MATCH,0,,240637,240637,MVNA8WWE91EVGZ21,MVNA8WWE91EVGZ21,order_w5w59i9h7are,
razorpay,rzp_norm_pay_slo6vmxdjh4te1,merchant,merch_norm_led_9tev9rzcaedg,1.0,AUTO_MATCH,0,,240637,240637,MVNA8WWE91EVGZ21,,order_w5w59i9h7are,order_w5w59i9h7are
razorpay,rzp_norm_pay_sm75vkqdih3q39,bank,bank_norm_banktxn_4822ruzsart7nr5j,1.0,AUTO_MATCH,0,,52484,51245,FDBBODVC4QXBJCQW,FDBBODVC4QXBJCQW,order_726obrqquatw,
razorpay,rzp_norm_pay_sm75vkqdih3q39,merchant,merch_norm_led_t04aydgmi5oh,1.0,AUTO_MATCH,0,,52484,52484,FDBBODVC4QXBJCQW,,order_726obrqquatw,order_726obrqquatw
razorpay,rzp_norm_pay_sn07757vwe1uh6,bank,bank_norm_banktxn_sk728da5zg257wjn,1.0,AUTO_MATCH,0,,265999,258152,1PZYXV4XY7D7BB0Z,1PZYXV4XY7D7BB0Z,order_bourj86k4ybp,
razorpay,rzp_norm_pay_sn07757vwe1uh6,merchant,merch_norm_led_yar0fj2xiys8,1.0,AUTO_MATCH,0,,265999,265999,1PZYXV4XY7D7BB0Z,,order_bourj86k4ybp,order_bourj86k4ybp
razorpay,rzp_norm_pay_snfui1kv5hjpnq,bank,bank_norm_banktxn_zemzraqvdrpjxkf9,1.0,AUTO_MATCH,0,,99916,99916,GL4HORZYQMWCHWCI,GL4HORZYQMWCHWCI,order_vg3oyvdnjgne,
razorpay,rzp_norm_pay_snfui1kv5hjpnq,merchant,merch_norm_led_1tunxu0wifaq,1.0,AUTO_MATCH,0,,99916,99916,GL4HORZYQMWCHWCI,,order_vg3oyvdnjgne,order_vg3oyvdnjgne
razorpay,rzp_norm_pay_snqeg0gok6ijgj,bank,bank_norm_banktxn_94f6ervlgxedvvu8,1.0,AUTO_MATCH,0,,387737,378586,WYPJOK1ZE1GF5UZI,WYPJOK1ZE1GF5UZI,order_qnvjx4ikak8w,
razorpay,rzp_norm_pay_snqeg0gok6ijgj,merchant,merch_norm_led_s7ng9ag7ak0d,1.0,AUTO_MATCH,0,,387737,387737,WYPJOK1ZE1GF5UZI,,order_qnvjx4ikak8w,order_qnvjx4ikak8w
razorpay,rzp_norm_pay_sqjs0jzq15plp4,bank,bank_norm_banktxn_xm7drx4hy1hhoelz,1.0,AUTO_MATCH,0,,269583,263858,R8W1BO6HB9XIVIOV,R8W1BO6HB9XIVIOV,order_9jrq8lqm49n4,
razorpay,rzp_norm_pay_sqjs0jzq15plp4,merchant,merch_norm_led_228s85s6h768,1.0,AUTO_MATCH,0,,269583,269583,R8W1BO6HB9XIVIOV,,order_9jrq8lqm49n4,order_9jrq8lqm49n4
razorpay,rzp_norm_pay_sr8f7hu059p1nq,bank,bank_norm_banktxn_1c7pxylcn4cmwbrf,1.0,AUTO_MATCH,0,,160861,157065,96GWVRE19WP8W75Z,96GWVRE19WP8W75Z,order_a8poaeo836ei,
razorpay,rzp_norm_pay_sr8f7hu059p1nq,merchant,merch_norm_led_visxxx9jl7xv,1.0,AUTO_MATCH,0,,160861,160861,96GWVRE19WP8W75Z,,order_a8poaeo836ei,order_a8poaeo836ei
razorpay,rzp_norm_pay_sst7oc7kcx3p9t,merchant,merch_norm_led_exqqzx4jld8j,1.0,AUTO_MATCH,0,,74847,74847,8R2WELZYTIDNJ3WK,,order_wp75x4azehh2,order_wp75x4azehh2
razorpay,rzp_norm_pay_stsqi8ctxwk2s1,bank,bank_norm_banktxn_5a5n462zy0yl3oqn,1.0,AUTO_MATCH,0,,1095520,1072252,BEA0367AHFH6MW98,BEA0367AHFH6MW98,order_jtnmac0fdk16,
razorpay,rzp_norm_pay_stsqi8ctxwk2s1,merchant,merch_norm_led_elp6h31z6jm8,1.0,AUTO_MATCH,0,,1095520,1095520,BEA0367AHFH6MW98,,order_jtnmac0fdk16,order_jtnmac0fdk16
razorpay,rzp_norm_pay_syayj71pv9tk90,bank,bank_norm_banktxn_c15ys5wpcvkw3np9,1.0,AUTO_MATCH,0,,22756,22756,8Z7J1PESM5K3CXEH,8Z7J1PESM5K3CXEH,order_ywliui9sl7u2,
razorpay,rzp_norm_pay_syayj71pv9tk90,merchant,merch_norm_led_rnon0immjsz5,1.0,AUTO_MATCH,0,,22756,22756,8Z7J1PESM5K3CXEH,,order_ywliui9sl7u2,order_ywliui9sl7u2
razorpay,rzp_norm_pay_sywt2s5mbfypso,merchant,merch_norm_led_17ahyblnhgbx,1.0,AUTO_MATCH,0,,488322,488322,YVOY9RWV98KXCV2Y,,order_ucyb1sho44tv,order_ucyb1sho44tv
razorpay,rzp_norm_pay_syzr4ue8stq1qc,bank,bank_norm_banktxn_usuvxn8hlweq4ywc,1.0,AUTO_MATCH,0,,33181,32477,ZGEQPFFUNQ5WHMEL,ZGEQPFFUNQ5WHMEL,order_l4fqz3rnui4q,
razorpay,rzp_norm_pay_syzr4ue8stq1qc,merchant,merch_norm_led_sijyaco2i8hh,1.0,AUTO_MATCH,0,,33181,33181,ZGEQPFFUNQ5WHMEL,,order_l4fqz3rnui4q,order_l4fqz3rnui4q
razorpay,rzp_norm_pay_t00i16vcetl56a,bank,bank_norm_banktxn_0j91omkhh0z0kz9x,1.0,AUTO_MATCH,0,,699053,682555,5Q16R5NJAMFK8NFS,5Q16R5NJAMFK8NFS,order_xq4e7xxdlls2,
razorpay,rzp_norm_pay_t00i16vcetl56a,merchant,merch_norm_led_87ljrc0wfuu8,1.0,AUTO_MATCH,0,,699053,699053,5Q16R5NJAMFK8NFS,,order_xq4e7xxdlls2,order_xq4e7xxdlls2
razorpay,rzp_norm_pay_t3bfuu5ygf06ba,bank,bank_norm_banktxn_sufaeyl928fb16g0,1.0,AUTO_MATCH,0,,327656,319923,PIG2BZ8KFAPTOBGA,PIG2BZ8KFAPTOBGA,order_1nrvfdc9ud8d,
razorpay,rzp_norm_pay_t3bfuu5ygf06ba,merchant,merch_norm_led_4rcebxhi8djv,1.0,AUTO_MATCH,0,,327656,327656,PIG2BZ8KFAPTOBGA,,order_1nrvfdc9ud8d,order_1nrvfdc9ud8d
razorpay,rzp_norm_pay_t4cpiqugn6jkes,bank,bank_norm_banktxn_triqv2n3qy0ycwd4,1.0,AUTO_MATCH,0,,497676,497676,37XN667KRUFEYM4K,37XN667KRUFEYM4K,order_mbmsjjxy9k8q,
razorpay,rzp_norm_pay_t4cpiqugn6jkes,merchant,merch_norm_led_egrk3bvkwr3f,1.0,AUTO_MATCH,0,,497676,497676,37XN667KRUFEYM4K,,order_mbmsjjxy9k8q,order_mbmsjjxy9k8q
razorpay,rzp_norm_pay_t4i9l3l8le0nmz,bank,bank_norm_banktxn_61ulcn2bgphxi6ad,1.0,AUTO_MATCH,0,,153437,153437,EX6R4895FK664FD3,EX6R4895FK664FD3,order_vvepibvdtmt9,
razorpay,rzp_norm_pay_t4i9l3l8le0nmz,merchant,merch_norm_led_88bea2zufxku,1.0,AUTO_MATCH,0,,153437,153437,EX6R4895FK664FD3,,order_vvepibvdtmt9,order_vvepibvdtmt9
razorpay,rzp_norm_pay_t5c2saa56dyo2w,bank,bank_norm_banktxn_ji8bn95p09lbdh59,1.0,AUTO_MATCH,0,,33163,33163,7V7AZ4U0TGJFQ39E,7V7AZ4U0TGJFQ39E,order_u4ov9b71gkhq,
razorpay,rzp_norm_pay_t5c2saa56dyo2w,merchant,merch_norm_led_1hjsubo1dbqm,1.0,AUTO_MATCH,0,,33163,33163,7V7AZ4U0TGJFQ39E,,order_u4ov9b71gkhq,order_u4ov9b71gkhq
razorpay,rzp_norm_pay_t79m5ilb2lw19x,bank,bank_norm_banktxn_gd26olmr8ewzvxww,1.0,AUTO_MATCH,0,,87542,87542,MJUGSPL21G5WWLRP,MJUGSPL21G5WWLRP,order_p1o2iz1bbg0q,
razorpay,rzp_norm_pay_t79m5ilb2lw19x,merchant,merch_norm_led_somrf4do3q88,1.0,AUTO_MATCH,0,,87542,87542,MJUGSPL21G5WWLRP,,order_p1o2iz1bbg0q,order_p1o2iz1bbg0q
razorpay,rzp_norm_pay_t7tlwg1le4yzql,bank,bank_norm_banktxn_n5u5hsgl01u3rhg3,1.0,AUTO_MATCH,0,,1259034,1259034,HQ30FI50NZZBXS1F,HQ30FI50NZZBXS1F,order_ykbbwwuo7sat,
razorpay,rzp_norm_pay_t7tlwg1le4yzql,merchant,merch_norm_led_u4bkeiq66kll,1.0,AUTO_MATCH,0,,1259034,1259034,HQ30FI50NZZBXS1F,,order_ykbbwwuo7sat,order_ykbbwwuo7sat
razorpay,rzp_norm_pay_t92sj4umdu33rf,bank,bank_norm_banktxn_63zxmwx5x76hbz7v,1.0,AUTO_MATCH,0,,108208,105654,XLXCTNMYBQEA5XHN,XLXCTNMYBQEA5XHN,order_afzzvtdena60,
razorpay,rzp_norm_pay_t92sj4umdu33rf,merchant,merch_norm_led_zfi80qgccklc,1.0,AUTO_MATCH,0,,108208,108208,XLXCTNMYBQEA5XHN,,order_afzzvtdena60,order_afzzvtdena60
razorpay,rzp_norm_pay_te0kdiay0vx4q9,bank,bank_norm_banktxn_6iqs2o3zthq499we,1.0,AUTO_MATCH,0,,33489,32698,P3ERT3L3H77TUSRC,P3ERT3L3H77TUSRC,order_c3o7m3u73rp7,
razorpay,rzp_norm_pay_te0kdiay0vx4q9,merchant,merch_norm_led_1wvyxjusyww9,1.0,AUTO_MATCH,0,,33489,33489,P3ERT3L3H77TUSRC,,order_c3o7m3u73rp7,order_c3o7m3u73rp7
razorpay,rzp_norm_pay_tfcczmpzfpls23,bank,bank_norm_banktxn_4eyr0owbxs8ws29g,1.0,AUTO_MATCH,0,,61401,60097,PB7FGCFNS5B1KVJ8,PB7FGCFNS5B1KVJ8,order_7l2fhd7r9bck,
razorpay,rzp_norm_pay_tfcczmpzfpls23,merchant,merch_norm_led_npjke73up3u1,1.0,AUTO_MATCH,0,,61401,61401,PB7FGCFNS5B1KVJ8,,order_7l2fhd7r9bck,order_7l2fhd7r9bck
razorpay,rzp_norm_pay_tg2l7n1z400lqs,bank,bank_norm_banktxn_1aiacnsssi5j2nu5,1.0,AUTO_MATCH,0,,153422,148896,BG7F19BXOU63PQKR,BG7F19BXOU63PQKR,order_emaqenn5urfn,
razorpay,rzp_norm_pay_tg2l7n1z400lqs,merchant,merch_norm_led_vlc98vvmap7k,1.0,AUTO_MATCH,0,,153422,153422,BG7F19BXOU63PQKR,,order_emaqenn5urfn,order_emaqenn5urfn
razorpay,rzp_norm_pay_tgxtz4cg1m7h0k,bank,bank_norm_banktxn_o9knr5hh69ys343c,1.0,AUTO_MATCH,0,,107384,107384,WMJ68CGW60IKAKKF,WMJ68CGW60IKAKKF,order_34z6fo4v202h,
razorpay,rzp_norm_pay_tgxtz4cg1m7h0k,merchant,merch_norm_led_87l9g6vr776j,1.0,AUTO_MATCH,0,,107384,107384,WMJ68CGW60IKAKKF,,order_34z6fo4v202h,order_34z6fo4v202h
razorpay,rzp_norm_pay_th3ekd22loxh7s,bank,bank_norm_banktxn_dt1gk2dwq1vajc2q,1.0,AUTO_MATCH,0,,215644,210555,OC06K3Z88WC2994E,OC06K3Z88WC2994E,order_9vdh3pvlg7eb,
razorpay,rzp_norm_pay_th3ekd22loxh7s,merchant,merch_norm_led_8wtchl78n7s9,1.0,AUTO_MATCH,0,,215644,215644,OC06K3Z88WC2994E,,order_9vdh3pvlg7eb,order_9vdh3pvlg7eb
razorpay,rzp_norm_pay_tig233kgf5a8aq,bank,bank_norm_banktxn_qs4oizgfm7imip8o,1.0,AUTO_MATCH,0,,169139,169139,DJURHKBC9KCUUIBA,DJURHKBC9KCUUIBA,order_jbe9sajjm2ew,
razorpay,rzp_norm_pay_tig233kgf5a8aq,merchant,merch_norm_led_2klewnmmywl6,1.0,AUTO_MATCH,0,,169139,169139,DJURHKBC9KCUUIBA,,order_jbe9sajjm2ew,order_jbe9sajjm2ew
razorpay,rzp_norm_pay_tiwxerxcz8n9ni,bank,bank_norm_banktxn_y242d1ab68dln6b6,1.0,AUTO_MATCH,0,,336558,336558,IOQ1RY9GU6MUKQ61,IOQ1RY9GU6MUKQ61,order_d2clflb4m4vc,
razorpay,rzp_norm_pay_tiwxerxcz8n9ni,merchant,merch_norm_led_qwe8c9zmg6g8,1.0,AUTO_MATCH,0,,336558,336558,IOQ1RY9GU6MUKQ61,,order_d2clflb4m4vc,order_d2clflb4m4vc
razorpay,rzp_norm_pay_tk7oubq1lxrme5,bank,bank_norm_banktxn_p25vpuxsdwx3764d,1.0,AUTO_MATCH,0,,142205,139184,TTAA9ZTGLWCPVIAY,TTAA9ZTGLWCPVIAY,order_hdhbb2v2id52,
razorpay,rzp_norm_pay_tk7oubq1lxrme5,merchant,merch_norm_led_2mb9dxena9dt,1.0,AUTO_MATCH,0,,142205,142205,TTAA9ZTGLWCPVIAY,,order_hdhbb2v2id52,order_hdhbb2v2id52
razorpay,rzp_norm_pay_tl9a4tw0qqvsjw,bank,bank_norm_banktxn_vz7wg7jtobfw2apv,1.0,AUTO_MATCH,0,,146700,143238,FDR5Z6FKLRNTAT9Z,FDR5Z6FKLRNTAT9Z,order_4wc04pcrwh8r,
razorpay,rzp_norm_pay_tl9a4tw0qqvsjw,merchant,merch_norm_led_3iq4zrtu5qh4,1.0,AUTO_MATCH,0,,146700,146700,FDR5Z6FKLRNTAT9Z,,order_4wc04pcrwh8r,order_4wc04pcrwh8r
razorpay,rzp_norm_pay_tmrdzconb0csnx,merchant,merch_norm_led_lkanx0pq34cw,1.0,AUTO_MATCH,0,,100854,100854,UP2GH31UTVBUY62N,,order_c0jl6ngw0h2h,order_c0jl6ngw0h2h
razorpay,rzp_norm_pay_torryb7aviqa6d,merchant,merch_norm_led_k7zqn3ptqhl4,1.0,AUTO_MATCH,0,,472424,472424,AK2JJ4JVNDSRCSZB,,order_djnmzbnpmpa4,order_djnmzbnpmpa4
razorpay,rzp_norm_pay_tpb0nhlos4l12r,bank,bank_norm_banktxn_rqzciz9oypaot0xe,1.0,AUTO_MATCH,0,,270315,270315,EI0SYK6PHU2X0NZC,EI0SYK6PHU2X0NZC,order_rorh540pnj55,
razorpay,rzp_norm_pay_tpb0nhlos4l12r,merchant,merch_norm_led_yrzzx7uxv4n1,1.0,AUTO_MATCH,0,,270315,270315,EI0SYK6PHU2X0NZC,,order_rorh540pnj55,order_rorh540pnj55
razorpay,rzp_norm_pay_tppeh0g6sggtrl,bank,bank_norm_banktxn_msglx2vqqjytxj7e,1.0,AUTO_MATCH,0,,47119,46118,N4T6FN9ZJKGT1K01,N4T6FN9ZJKGT1K01,order_b8jppxl7qb4u,
razorpay,rzp_norm_pay_tppeh0g6sggtrl,merchant,merch_norm_led_yf7btr2vyfcm,1.0,AUTO_MATCH,0,,47119,47119,N4T6FN9ZJKGT1K01,,order_b8jppxl7qb4u,order_b8jppxl7qb4u
razorpay,rzp_norm_pay_trrp357cnaog8l,merchant,merch_norm_led_k8nodvghzhml,1.0,AUTO_MATCH,0,,153735,153735,1NRDQV2JHSUU7H2M,,order_d7srv0xmqsk7,order_d7srv0xmqsk7
razorpay,rzp_norm_pay_trxgaotf80hh5f,bank,bank_norm_banktxn_5hzk4sbghgv8eb93,1.0,AUTO_MATCH,0,,745492,729658,KGBST1S0T2MUZDQ3,KGBST1S0T2MUZDQ3,order_yilp2hnhg07j,
razorpay,rzp_norm_pay_trxgaotf80hh5f,merchant,merch_norm_led_e72bwsk2ze3g,1.0,AUTO_MATCH,0,,745492,745492,KGBST1S0T2MUZDQ3,,order_yilp2hnhg07j,order_yilp2hnhg07j
razorpay,rzp_norm_pay_tvazovkrpy1vcj,merchant,merch_norm_led_soaepoqfszr7,1.0,AUTO_MATCH,0,,122997,122997,2BRJU88C4GQI9290,,order_lt71t6tw1qmk,order_lt71t6tw1qmk
razorpay,rzp_norm_pay_tx751y39fyzfpu,merchant,merch_norm_led_xoflf51oueed,1.0,AUTO_MATCH,0,,1923167,1923167,CMISBXPFPAJ1AEWG,,order_08mskfmrjh44,order_08mskfmrjh44
razorpay,rzp_norm_pay_txgz07yhl7irat,bank,bank_norm_banktxn_y88uzagxrdycjpns,1.0,AUTO_MATCH,0,,20914,20421,YX0KV17NJF3F55V4,YX0KV17NJF3F55V4,order_0gwbw6jwc9na,
razorpay,rzp_norm_pay_txgz07yhl7irat,merchant,merch_norm_led_xs7fe4l1zee0,1.0,AUTO_MATCH,0,,20914,20914,YX0KV17NJF3F55V4,,order_0gwbw6jwc9na,order_0gwbw6jwc9na
razorpay,rzp_norm_pay_tz2hyfcgqkyot8,bank,bank_norm_banktxn_s68qxxv1i5lkvy6f,1.0,AUTO_MATCH,0,,3044660,2979991,3KUJE1XVZ0DSXBLF,3KUJE1XVZ0DSXBLF,order_o3b6d4w1rrqj,
razorpay,rzp_norm_pay_tz2hyfcgqkyot8,merchant,merch_norm_led_sc4ia7ulo8hu,1.0,AUTO_MATCH,0,,3044660,3044660,3KUJE1XVZ0DSXBLF,,order_o3b6d4w1rrqj,order_o3b6d4w1rrqj
razorpay,rzp_norm_pay_tz6o9oxusel73m,bank,bank_norm_banktxn_rvsreooen8ufp01s,1.0,AUTO_MATCH,0,,112083,109437,TAEP6OQ92YS8PYOE,TAEP6OQ92YS8PYOE,order_tdjjqxl02isg,
razorpay,rzp_norm_pay_tz6o9oxusel73m,merchant,merch_norm_led_nn0g0zh7cwew,1.0,AUTO_MATCH,0,,112083,112083,TAEP6OQ92YS8PYOE,,order_tdjjqxl02isg,order_tdjjqxl02isg
razorpay,rzp_norm_pay_u0vuwyp7xbnq4q,bank,bank_norm_banktxn_mv3jdyxccbcxg17b,1.0,AUTO_MATCH,0,,66859,66859,JIOR5QK5UNZRPQBP,JIOR5QK5UNZRPQBP,order_rg2az08z19ab,
razorpay,rzp_norm_pay_u0vuwyp7xbnq4q,merchant,merch_norm_led_p4tpgznssias,1.0,AUTO_MATCH,0,,66859,66859,JIOR5QK5UNZRPQBP,,order_rg2az08z19ab,order_rg2az08z19ab
razorpay,rzp_norm_pay_u31fhfthc9moui,bank,bank_norm_banktxn_n8b4jgarsfnczg8k,1.0,AUTO_MATCH,0,,371224,362464,G647181O0V6FPD32,G647181O0V6FPD32,order_1ldo8k59d74l,
razorpay,rzp_norm_pay_u31fhfthc9moui,merchant,merch_norm_led_r77q6kjh9q5y,1.0,AUTO_MATCH,0,,371224,371224,G647181O0V6FPD32,,order_1ldo8k59d74l,order_1ldo8k59d74l
razorpay,rzp_norm_pay_u35li98v2nnuta,merchant,merch_norm_led_v8ght0rugn0t,1.0,AUTO_MATCH,0,,201977,201977,KFYB26YUVQS5AHG4,,order_23keqzx3zrhe,order_23keqzx3zrhe
razorpay,rzp_norm_pay_u6l2hk7pvysvzw,bank,bank_norm_banktxn_5tfbcz6mill8tzur,1.0,AUTO_MATCH,0,,95381,95381,BPCLMHQ2DCOC52LS,BPCLMHQ2DCOC52LS,order_257m6dbryjbc,
razorpay,rzp_norm_pay_u6l2hk7pvysvzw,merchant,merch_norm_led_ao0bdlri1e0y,1.0,AUTO_MATCH,0,,95381,95381,BPCLMHQ2DCOC52LS,,order_257m6dbryjbc,order_257m6dbryjbc
razorpay,rzp_norm_pay_u7ht2y9u9dk2o3,bank,bank_norm_banktxn_jacmquuyarmo0zc4,1.0,AUTO_MATCH,0,,71935,70407,94HP5JSQXDGB35RL,94HP5JSQXDGB35RL,order_nrud3d1rhgb5,
razorpay,rzp_norm_pay_u7ht2y9u9dk2o3,merchant,merch_norm_led_9kk09t9vk7qg,1.0,AUTO_MATCH,0,,71935,71935,94HP5JSQXDGB35RL,,order_nrud3d1rhgb5,order_nrud3d1rhgb5
razorpay,rzp_norm_pay_u7hx19qe9mv1fr,bank,bank_norm_banktxn_0v9t9xizajvi4i0t,1.0,AUTO_MATCH,0,,474783,463578,MLPQHJC2XL7RTMI7,MLPQHJC2XL7RTMI7,order_nd5co6hysxbg,
razorpay,rzp_norm_pay_u7hx19qe9mv1fr,merchant,merch_norm_led_2di73vj0rm03,1.0,AUTO_MATCH,0,,474783,474783,MLPQHJC2XL7RTMI7,,order_nd5co6hysxbg,order_nd5co6hysxbg
razorpay,rzp_norm_pay_u7q5w9ucjy5d42,bank,bank_norm_banktxn_rsczegjywczjbkeo,1.0,AUTO_MATCH,0,,283253,276568,DNSGXFL9QX3PHYR2,DNSGXFL9QX3PHYR2,order_gl29mzpeb4ti,
razorpay,rzp_norm_pay_u7q5w9ucjy5d42,merchant,merch_norm_led_jp8y3ll3ssh3,1.0,AUTO_MATCH,0,,283253,283253,DNSGXFL9QX3PHYR2,,order_gl29mzpeb4ti,order_gl29mzpeb4ti
razorpay,rzp_norm_pay_u8il1zf931xkzs,bank,bank_norm_banktxn_80xbtvcgzdbgx1vg,1.0,AUTO_MATCH,0,,738753,721318,18781VRLXDMV7UXR,18781VRLXDMV7UXR,order_k94eaojhoje6,
razorpay,rzp_norm_pay_u8il1zf931xkzs,merchant,merch_norm_led_9pw07sm36tum,1.0,AUTO_MATCH,0,,738753,738753,18781VRLXDMV7UXR,,order_k94eaojhoje6,order_k94eaojhoje6
razorpay,rzp_norm_pay_u92x19i71i5n3t,bank,bank_norm_banktxn_j2z88u1p2ojjflrm,1.0,AUTO_MATCH,0,,193790,189674,NOR5EI1HSM222JLZ,NOR5EI1HSM222JLZ,order_jf7po0x7r75l,
razorpay,rzp_norm_pay_u92x19i71i5n3t,merchant,merch_norm_led_w2epdzdpiv8a,1.0,AUTO_MATCH,0,,193790,193790,NOR5EI1HSM222JLZ,,order_jf7po0x7r75l,order_jf7po0x7r75l
razorpay,rzp_norm_pay_uanhink0f0sky8,bank,bank_norm_banktxn_tdt8a7vohy0dp4im,1.0,AUTO_MATCH,0,,115475,113022,0SK5QCY0PRBPUJ02,0SK5QCY0PRBPUJ02,order_lgrus9fosvxc,
razorpay,rzp_norm_pay_uanhink0f0sky8,merchant,merch_norm_led_jg1b5nol1kxh,1.0,AUTO_MATCH,0,,115475,115475,0SK5QCY0PRBPUJ02,,order_lgrus9fosvxc,order_lgrus9fosvxc
razorpay,rzp_norm_pay_uc3xt5hc1c0913,merchant,merch_norm_led_f5wypjnhty33,1.0,AUTO_MATCH,0,,613436,613436,KSXYXA4EATEY7LB9,,order_lpbp2u0biviw,order_lpbp2u0biviw
razorpay,rzp_norm_pay_ueuq8iapo88ng9,merchant,merch_norm_led_quu5mf1aaraj,1.0,AUTO_MATCH,0,,151603,151603,F67TBBPJ4GVLQ004,,order_2eqe35h36l9t,order_2eqe35h36l9t
razorpay,rzp_norm_pay_uevafyr4mnaxkh,bank,bank_norm_banktxn_y6k0he3flr18xmzq,1.0,AUTO_MATCH,0,,276485,270612,VUUYDOSR1UJ62NDH,VUUYDOSR1UJ62NDH,order_tkurdvwae1lk,
razorpay,rzp_norm_pay_uevafyr4mnaxkh,merchant,merch_norm_led_or0qdmjtp1vk,1.0,AUTO_MATCH,0,,276485,276485,VUUYDOSR1UJ62NDH,,order_tkurdvwae1lk,order_tkurdvwae1lk
razorpay,rzp_norm_pay_uf1c6ovzu6aq6n,merchant,merch_norm_led_15iekaje1vh6,1.0,AUTO_MATCH,0,,112577,112577,LK13LI2W2ZDVPTFX,,order_izu9069g38ni,order_izu9069g38ni
razorpay,rzp_norm_pay_ufuqc66rmrqt36,bank,bank_norm_banktxn_dp3ao0ogtirzv9ci,1.0,AUTO_MATCH,0,,35447,34610,HTF4SZ63Y05FAQVU,HTF4SZ63Y05FAQVU,order_3pl6fccys8rb,
razorpay,rzp_norm_pay_ufuqc66rmrqt36,merchant,merch_norm_led_d3y3k33uwxa3,1.0,AUTO_MATCH,0,,35447,35447,HTF4SZ63Y05FAQVU,,order_3pl6fccys8rb,order_3pl6fccys8rb
razorpay,rzp_norm_pay_ug5hqmnjk5bfdl,bank,bank_norm_banktxn_k045qnepgt1prruv,1.0,AUTO_MATCH,0,,734322,716993,CEWQJWPL13SIGDKB,CEWQJWPL13SIGDKB,order_n4qj5mqpc1co,
razorpay,rzp_norm_pay_ug5hqmnjk5bfdl,merchant,merch_norm_led_w6dg4jl9hhzr,1.0,AUTO_MATCH,0,,734322,734322,CEWQJWPL13SIGDKB,,order_n4qj5mqpc1co,order_n4qj5mqpc1co
razorpay,rzp_norm_pay_ug8dej79yfifu1,bank,bank_norm_banktxn_hx67t99l7bkujx7m,1.0,AUTO_MATCH,0,,17372,17372,O6CGOZEF8UPP5ODW,O6CGOZEF8UPP5ODW,order_ftlbpqwnume4,
razorpay,rzp_norm_pay_ug8dej79yfifu1,merchant,merch_norm_led_dbjr3oew6x0x,1.0,AUTO_MATCH,0,,17372,17372,O6CGOZEF8UPP5ODW,,order_ftlbpqwnume4,order_ftlbpqwnume4
razorpay,rzp_norm_pay_uia5zyjbjofw7n,bank,bank_norm_banktxn_tk7gn4xehubf3ltz,1.0,AUTO_MATCH,0,,52826,51704,WSBGSDKDXVN7NF03,WSBGSDKDXVN7NF03,order_4a77qhvbgoib,
razorpay,rzp_norm_pay_uia5zyjbjofw7n,merchant,merch_norm_led_agkc41w58gpj,1.0,AUTO_MATCH,0,,52826,52826,WSBGSDKDXVN7NF03,,order_4a77qhvbgoib,order_4a77qhvbgoib
razorpay,rzp_norm_pay_ujgv1uglb8igys,bank,bank_norm_banktxn_le1hjkotmw4zpf8j,1.0,AUTO_MATCH,0,,519729,508690,ZT14M8M3QFLJ7RSX,ZT14M8M3QFLJ7RSX,order_pe7o13spi5qk,
razorpay,rzp_norm_pay_ujgv1uglb8igys,merchant,merch_norm_led_dck0ym578tgw,1.0,AUTO_MATCH,0,,519729,519729,ZT14M8M3QFLJ7RSX,,order_pe7o13spi5qk,order_pe7o13spi5qk
razorpay,rzp_norm_pay_ul37w3dx9zv8e9,bank,bank_norm_banktxn_gs7r91b9fawycuui,1.0,AUTO_MATCH,0,,1257806,1228122,FD6U1WSP37JPUBFY,FD6U1WSP37JPUBFY,order_jj0vc74097x6,
razorpay,rzp_norm_pay_ul37w3dx9zv8e9,merchant,merch_norm_led_i6vnhpo6tqr9,1.0,AUTO_MATCH,0,,1257806,1257806,FD6U1WSP37JPUBFY,,order_jj0vc74097x6,order_jj0vc74097x6
razorpay,rzp_norm_pay_upx5tbbmutkgnz,bank,bank_norm_banktxn_db1kbb9dqa6rk4jf,1.0,AUTO_MATCH,0,,175977,175977,ZF6P3ZBS7UB4TDCS,ZF6P3ZBS7UB4TDCS,order_hu8o92k95wto,
razorpay,rzp_norm_pay_upx5tbbmutkgnz,merchant,merch_norm_led_zz9faknfydkz,1.0,AUTO_MATCH,0,,175977,175977,ZF6P3ZBS7UB4TDCS,,order_hu8o92k95wto,order_hu8o92k95wto
razorpay,rzp_norm_pay_ur6yfto9n0uqu4,bank,bank_norm_banktxn_j65p2ke1og2v0ej8,1.0,AUTO_MATCH,0,,159629,155861,3J6WOE2EAOJLPGRT,3J6WOE2EAOJLPGRT,order_qb6v92iyxxpz,
razorpay,rzp_norm_pay_ur6yfto9n0uqu4,merchant,merch_norm_led_l7s37z4nz6cp,1.0,AUTO_MATCH,0,,159629,159629,3J6WOE2EAOJLPGRT,,order_qb6v92iyxxpz,order_qb6v92iyxxpz
razorpay,rzp_norm_pay_uswkiktiut1p2x,bank,bank_norm_banktxn_opy5y3n8s912zkgp,1.0,AUTO_MATCH,0,,211066,206085,TNJ54KRN9UT35MOA,TNJ54KRN9UT35MOA,order_llzwcjynqiea,
razorpay,rzp_norm_pay_uswkiktiut1p2x,merchant,merch_norm_led_f6rhq2ppjcaf,1.0,AUTO_MATCH,0,,211066,211066,TNJ54KRN9UT35MOA,,order_llzwcjynqiea,order_llzwcjynqiea
razorpay,rzp_norm_pay_utdl9kkmp8nwz6,bank,bank_norm_banktxn_wtfdm33ivuiy06r8,1.0,AUTO_MATCH,0,,310899,304296,QFAKKCAVWTVJV15P,QFAKKCAVWTVJV15P,order_kft7hsf963io,
razorpay,rzp_norm_pay_utdl9kkmp8nwz6,merchant,merch_norm_led_gnpn2p3zcnzi,1.0,AUTO_MATCH,0,,310899,310899,QFAKKCAVWTVJV15P,,order_kft7hsf963io,order_kft7hsf963io
razorpay,rzp_norm_pay_uv10yzq01xhyi1,bank,bank_norm_banktxn_u30a5vrl6x2eduh2,1.0,AUTO_MATCH,0,,27367,26785,HP5NPTFEJ525POOZ,HP5NPTFEJ525POOZ,order_wrb66x9fcxgm,
razorpay,rzp_norm_pay_uv10yzq01xhyi1,merchant,merch_norm_led_4hy2bk1d9p4j,1.0,AUTO_MATCH,0,,27367,27367,HP5NPTFEJ525POOZ,,order_wrb66x9fcxgm,order_wrb66x9fcxgm
razorpay,rzp_norm_pay_uxdl1mbq2bt1px,bank,bank_norm_banktxn_qws0lw0v42pn71rh,1.0,AUTO_MATCH,0,,58083,56370,P6D78CVTGNXJ6DFV,P6D78CVTGNXJ6DFV,order_ulru3u5y7abf,
razorpay,rzp_norm_pay_uxdl1mbq2bt1px,merchant,merch_norm_led_2v2txdyjsxhw,1.0,AUTO_MATCH,0,,58083,58083,P6D78CVTGNXJ6DFV,,order_ulru3u5y7abf,order_ulru3u5y7abf
razorpay,rzp_norm_pay_uzpduotf6o8k8p,bank,bank_norm_banktxn_lobr9ijou2gqbapx,1.0,AUTO_MATCH,0,,2124547,2124547,NNLW0P4E8VC2DJR5,NNLW0P4E8VC2DJR5,order_kirpy4mv1ebf,
razorpay,rzp_norm_pay_uzpduotf6o8k8p,merchant,merch_norm_led_6t5m6p0ak8wo,1.0,AUTO_MATCH,0,,2124547,2124547,NNLW0P4E8VC2DJR5,,order_kirpy4mv1ebf,order_kirpy4mv1ebf
razorpay,rzp_norm_pay_v1qz42c2dev0m5,merchant,merch_norm_led_gdw1j0dbldvo,1.0,AUTO_MATCH,0,,40604,40604,WOACGLCKGP7IS1SW,,order_nwapd9y0ihzn,order_nwapd9y0ihzn
razorpay,rzp_norm_pay_v27e674sm7vfdn,merchant,merch_norm_led_909zqyuzi9uu,1.0,AUTO_MATCH,0,,89444,89444,JEZVZU4T4EKDMW53,,order_zcq9ib7l5lrj,order_zcq9ib7l5lrj
razorpay,rzp_norm_pay_v5kteeelewdv2b,merchant,merch_norm_led_lpttiufn72qt,1.0,AUTO_MATCH,0,,65490,65490,X792TP9HY2MAAG8T,,order_fyi3krito6at,order_fyi3krito6at
razorpay,rzp_norm_pay_v603h026dx0oxh,merchant,merch_norm_led_u6oic9xw28v5,1.0,AUTO_MATCH,0,,245339,245339,3ML60TP817XHFNSU,,order_vulrlnlkfnpo,order_vulrlnlkfnpo
razorpay,rzp_norm_pay_v95w46getigt36,bank,bank_norm_banktxn_a783a6qusbom18uv,1.0,AUTO_MATCH,0,,171642,167591,LMSH5NLB7PPTHOUQ,LMSH5NLB7PPTHOUQ,order_b2inkr76208a,
razorpay,rzp_norm_pay_v95w46getigt36,merchant,merch_norm_led_7qs24gk0xelx,1.0,AUTO_MATCH,0,,171642,171642,LMSH5NLB7PPTHOUQ,,order_b2inkr76208a,order_b2inkr76208a
razorpay,rzp_norm_pay_v9j8s54rdsx12h,bank,bank_norm_banktxn_961dpug22blg9v1w,1.0,AUTO_MATCH,0,,228043,222661,ZSU24KAJBHIF528D,ZSU24KAJBHIF528D,order_s90axyzadsv0,
razorpay,rzp_norm_pay_v9j8s54rdsx12h,merchant,merch_norm_led_d6w7y3fhc1t6,1.0,AUTO_MATCH,0,,228043,228043,ZSU24KAJBHIF528D,,order_s90axyzadsv0,order_s90axyzadsv0
razorpay,rzp_norm_pay_v9l28w13j4tu2v,bank,bank_norm_banktxn_pvwl5m3rpxw4mmt7,1.0,AUTO_MATCH,0,,85764,85764,85OHMUKBVMIBWC8Z,85OHMUKBVMIBWC8Z,order_fhr2f6q6ej0v,
razorpay,rzp_norm_pay_v9l28w13j4tu2v,merchant,merch_norm_led_knqq5qqzj2fq,1.0,AUTO_MATCH,0,,85764,85764,85OHMUKBVMIBWC8Z,,order_fhr2f6q6ej0v,order_fhr2f6q6ej0v
razorpay,rzp_norm_pay_v9uvkea78doklr,bank,bank_norm_banktxn_rc12orkz3ih1pqjj,1.0,AUTO_MATCH,0,,404548,395955,BG0F3A8WEJCOHJNO,BG0F3A8WEJCOHJNO,order_ig6gc014n0dz,
razorpay,rzp_norm_pay_v9uvkea78doklr,merchant,merch_norm_led_qn4lt6v9e308,1.0,AUTO_MATCH,0,,404548,404548,BG0F3A8WEJCOHJNO,,order_ig6gc014n0dz,order_ig6gc014n0dz
razorpay,rzp_norm_pay_v9zs3c93eb2uga,bank,bank_norm_banktxn_fv6l1i7pn6k915tu,1.0,AUTO_MATCH,0,,375697,366830,97M5DIBAWHD0XBQ4,97M5DIBAWHD0XBQ4,order_tr7v2smzvtv7,
razorpay,rzp_norm_pay_v9zs3c93eb2uga,merchant,merch_norm_led_th0l2sk8d3ik,1.0,AUTO_MATCH,0,,375697,375697,97M5DIBAWHD0XBQ4,,order_tr7v2smzvtv7,order_tr7v2smzvtv7
razorpay,rzp_norm_pay_vanag67ew020f2,bank,bank_norm_banktxn_k5zt0ncijftnvcyf,1.0,AUTO_MATCH,0,,507698,507698,KH4N7W3BEX2P4TIJ,KH4N7W3BEX2P4TIJ,order_uno9b2zqekfq,
razorpay,rzp_norm_pay_vanag67ew020f2,merchant,merch_norm_led_90q1eym0l0oj,1.0,AUTO_MATCH,0,,507698,507698,KH4N7W3BEX2P4TIJ,,order_uno9b2zqekfq,order_uno9b2zqekfq
razorpay,rzp_norm_pay_vcm6xoa9l9skp3,bank,bank_norm_banktxn_qpr2y7bd8vxzihv2,1.0,AUTO_MATCH,0,,278400,271830,S6BN5NX2G6XAW0L4,S6BN5NX2G6XAW0L4,order_0a8f28ei2not,
razorpay,rzp_norm_pay_vcm6xoa9l9skp3,merchant,merch_norm_led_zocq5k8upkzi,1.0,AUTO_MATCH,0,,278400,278400,S6BN5NX2G6XAW0L4,,order_0a8f28ei2not,order_0a8f28ei2not
razorpay,rzp_norm_pay_vdkewic0u4wjqr,merchant,merch_norm_led_dxshapdi0miv,1.0,AUTO_MATCH,0,,24070,24070,CO2MU93SC54NQVQB,,order_01fl7h3dde6f,order_01fl7h3dde6f
razorpay,rzp_norm_pay_ve3x1rkz4hqu7v,bank,bank_norm_banktxn_cav6qvjfdz31mgma,1.0,AUTO_MATCH,0,,211672,206677,ELT8IOQNUADI5U8B,ELT8IOQNUADI5U8B,order_msr1aicumsew,
razorpay,rzp_norm_pay_ve3x1rkz4hqu7v,merchant,merch_norm_led_bw24lr7e7zev,1.0,AUTO_MATCH,0,,211672,211672,ELT8IOQNUADI5U8B,,order_msr1aicumsew,order_msr1aicumsew
razorpay,rzp_norm_pay_vfbqn8dgrnnir4,bank,bank_norm_banktxn_r0vw5fwitl4fg2th,1.0,AUTO_MATCH,0,,57930,57930,4WBW7JDLDLGBLR8Y,4WBW7JDLDLGBLR8Y,order_83eyhqtbrgj3,
razorpay,rzp_norm_pay_vfbqn8dgrnnir4,merchant,merch_norm_led_5wk1ny8g3mkh,1.0,AUTO_MATCH,0,,57930,57930,4WBW7JDLDLGBLR8Y,,order_83eyhqtbrgj3,order_83eyhqtbrgj3
razorpay,rzp_norm_pay_vfho363lhynsi7,bank,bank_norm_banktxn_tetnlcgg187qrpv3,1.0,AUTO_MATCH,0,,155611,155611,FKYGZXI184KNSDBK,FKYGZXI184KNSDBK,order_u84kq99jcz5s,
razorpay,rzp_norm_pay_vfho363lhynsi7,merchant,merch_norm_led_x3wn1r2wkyvi,1.0,AUTO_MATCH,0,,155611,155611,FKYGZXI184KNSDBK,,order_u84kq99jcz5s,order_u84kq99jcz5s
razorpay,rzp_norm_pay_vh6kn1tlvqgjof,bank,bank_norm_banktxn_aqo8jeh6ty4jx2yo,1.0,AUTO_MATCH,0,,178187,173981,PNIK54R33B89RLRV,PNIK54R33B89RLRV,order_b6jz7pjah3ic,
razorpay,rzp_norm_pay_vh6kn1tlvqgjof,merchant,merch_norm_led_nzo6jq974eoy,1.0,AUTO_MATCH,0,,178187,178187,PNIK54R33B89RLRV,,order_b6jz7pjah3ic,order_b6jz7pjah3ic
razorpay,rzp_norm_pay_viiyxzcaftl0vb,bank,bank_norm_banktxn_cpc9fy12gfqgsnxj,1.0,AUTO_MATCH,0,,71259,71259,D7Q1DJXAFRVYZDZV,D7Q1DJXAFRVYZDZV,order_9xky9nzlhmk7,
razorpay,rzp_norm_pay_viiyxzcaftl0vb,merchant,merch_norm_led_qqhxruh6pev5,1.0,AUTO_MATCH,0,,71259,71259,D7Q1DJXAFRVYZDZV,,order_9xky9nzlhmk7,order_9xky9nzlhmk7
razorpay,rzp_norm_pay_vjxkvwf3glkoks,merchant,merch_norm_led_6n83fk55xm1l,1.0,AUTO_MATCH,0,,1186963,1186963,PURGGGDQEAT2NQ6G,,order_pntwoz03ml48,order_pntwoz03ml48
razorpay,rzp_norm_pay_vkrhd2ua6wwtt4,merchant,merch_norm_led_i6mzlncte3hd,1.0,AUTO_MATCH,0,,1002159,1002159,72GYLSZQS79OKUAZ,,order_r6okwtbeqfj4,order_r6okwtbeqfj4
razorpay,rzp_norm_pay_vm2y3jpq0oewbw,bank,bank_norm_banktxn_k6iwtgu5k68lhnzf,1.0,AUTO_MATCH,0,,129971,126904,BLB7BEZ0BIGO8VOF,BLB7BEZ0BIGO8VOF,order_n2i6q9tl0a1a,
razorpay,rzp_norm_pay_vm2y3jpq0oewbw,merchant,merch_norm_led_ykeelwi4rmem,1.0,AUTO_MATCH,0,,129971,129971,BLB7BEZ0BIGO8VOF,,order_n2i6q9tl0a1a,order_n2i6q9tl0a1a
razorpay,rzp_norm_pay_vnj1yhb0qr3jm9,bank,bank_norm_banktxn_4jz38me1whcupapi,1.0,AUTO_MATCH,0,,112655,110262,ESHNS25PK9SQ5EQZ,ESHNS25PK9SQ5EQZ,order_xyr0o43olqtf,
razorpay,rzp_norm_pay_vnj1yhb0qr3jm9,merchant,merch_norm_led_hjtvbk0yibf9,1.0,AUTO_MATCH,0,,112655,112655,ESHNS25PK9SQ5EQZ,,order_xyr0o43olqtf,order_xyr0o43olqtf
razorpay,rzp_norm_pay_vql4ldx8266h1o,bank,bank_norm_banktxn_swiraahin71jq8k0,1.0,AUTO_MATCH,0,,559529,559529,VBHKMEFVNPKOUQGX,VBHKMEFVNPKOUQGX,order_marpibrsen49,
razorpay,rzp_norm_pay_vql4ldx8266h1o,merchant,merch_norm_led_q8qkoyl793q8,1.0,AUTO_MATCH,0,,559529,559529,VBHKMEFVNPKOUQGX,,order_marpibrsen49,order_marpibrsen49
razorpay,rzp_norm_pay_vrw2tqzv3bhiqg,merchant,merch_norm_led_fhyglhkfqtcb,1.0,AUTO_MATCH,0,,185519,185519,192VNG99GZZ25JTO,,order_hacmxohwh1bu,order_hacmxohwh1bu
razorpay,rzp_norm_pay_vsfqo1yk7z5sjv,bank,bank_norm_banktxn_bluguuuhfsa59ewh,1.0,AUTO_MATCH,0,,1246110,1216702,WMNS7F7YGGGO4RFK,WMNS7F7YGGGO4RFK,order_eorndsxxmxsj,
razorpay,rzp_norm_pay_vsfqo1yk7z5sjv,merchant,merch_norm_led_wtsno45zxuln,1.0,AUTO_MATCH,0,,1246110,1246110,WMNS7F7YGGGO4RFK,,order_eorndsxxmxsj,order_eorndsxxmxsj
razorpay,rzp_norm_pay_vufytasztosyaf,bank,bank_norm_banktxn_j7ws93bw54d00xhf,1.0,AUTO_MATCH,0,,234476,234476,GWOLTHC1P91OX4JZ,GWOLTHC1P91OX4JZ,order_p0zib8oql6jg,
razorpay,rzp_norm_pay_vufytasztosyaf,merchant,merch_norm_led_d7i5z74sqfc1,1.0,AUTO_MATCH,0,,234476,234476,GWOLTHC1P91OX4JZ,,order_p0zib8oql6jg,order_p0zib8oql6jg
razorpay,rzp_norm_pay_vuqlr6agw4mqzk,bank,bank_norm_banktxn_qnbpoe11ze5tcga3,1.0,AUTO_MATCH,0,,455917,446233,7AFX8QKSU8GBKIC5,7AFX8QKSU8GBKIC5,order_t13bs80pcjk5,
razorpay,rzp_norm_pay_vuqlr6agw4mqzk,merchant,merch_norm_led_prg95na70xrt,1.0,AUTO_MATCH,0,,455917,455917,7AFX8QKSU8GBKIC5,,order_t13bs80pcjk5,order_t13bs80pcjk5
razorpay,rzp_norm_pay_vw1phkzeuhhkul,bank,bank_norm_banktxn_vrglehqmk4mrj7ps,1.0,AUTO_MATCH,0,,104235,101775,VHYTH54IXOARSK77,VHYTH54IXOARSK77,order_95emc5ukmlaw,
razorpay,rzp_norm_pay_vw1phkzeuhhkul,merchant,merch_norm_led_xrf03dmwb37p,1.0,AUTO_MATCH,0,,104235,104235,VHYTH54IXOARSK77,,order_95emc5ukmlaw,order_95emc5ukmlaw
razorpay,rzp_norm_pay_vxkop7mmtbj58k,bank,bank_norm_banktxn_v8cozwvqvqsva51e,1.0,AUTO_MATCH,0,,463716,453867,RBVYBZAVI8BKS3M0,RBVYBZAVI8BKS3M0,order_7fj7bn9woq8o,
razorpay,rzp_norm_pay_vxkop7mmtbj58k,merchant,merch_norm_led_i2heyiatvzw7,1.0,AUTO_MATCH,0,,463716,463716,RBVYBZAVI8BKS3M0,,order_7fj7bn9woq8o,order_7fj7bn9woq8o
razorpay,rzp_norm_pay_vxsa46oc07rl5q,merchant,merch_norm_led_gadb5bjc09lw,1.0,AUTO_MATCH,0,,609518,609518,1DLWS5V3B03MKN06,,order_y21hub6kclu2,order_y21hub6kclu2
razorpay,rzp_norm_pay_vyvkfktuwz56r4,bank,bank_norm_banktxn_na9ixdnxgutdl8ax,1.0,AUTO_MATCH,0,,878514,859855,VAXV8ZQP0I7RIHXK,VAXV8ZQP0I7RIHXK,order_o80ax7acs72r,
razorpay,rzp_norm_pay_vyvkfktuwz56r4,merchant,merch_norm_led_u0kqb9u40jcc,1.0,AUTO_MATCH,0,,878514,878514,VAXV8ZQP0I7RIHXK,,order_o80ax7acs72r,order_o80ax7acs72r
razorpay,rzp_norm_pay_vzoxo26667fnqp,bank,bank_norm_banktxn_gadzzkpmbv5lmyek,1.0,AUTO_MATCH,0,,63355,62010,L6IQ1TGMMMFHS3KT,L6IQ1TGMMMFHS3KT,order_2mstx2pr1db1,
razorpay,rzp_norm_pay_vzoxo26667fnqp,merchant,merch_norm_led_j65pkvbocgvm,1.0,AUTO_MATCH,0,,63355,63355,L6IQ1TGMMMFHS3KT,,order_2mstx2pr1db1,order_2mstx2pr1db1
razorpay,rzp_norm_pay_vzv8kpwo876189,bank,bank_norm_banktxn_wbc9e78p2hc9r1c5,1.0,AUTO_MATCH,0,,75520,75520,V5RF9WBFH7GFRCU6,V5RF9WBFH7GFRCU6,order_mw0f3lr0ruii,
razorpay,rzp_norm_pay_w12tk2qx8cfufe,bank,bank_norm_banktxn_fd0lwszawx0aamlv,1.0,AUTO_MATCH,0,,296646,296646,S3SFYNGP0N95TD84,S3SFYNGP0N95TD84,order_fhti5brvzwpl,
razorpay,rzp_norm_pay_w12tk2qx8cfufe,merchant,merch_norm_led_pd3wxydv2s40,1.0,AUTO_MATCH,0,,296646,296646,S3SFYNGP0N95TD84,,order_fhti5brvzwpl,order_fhti5brvzwpl
razorpay,rzp_norm_pay_w2mnrij4i48gdq,bank,bank_norm_banktxn_7ursln12hcvlc6ls,1.0,AUTO_MATCH,0,,55779,54462,7JYDQVXG0F85SSH5,7JYDQVXG0F85SSH5,order_4p3n0b2sp57w,
razorpay,rzp_norm_pay_w2mnrij4i48gdq,merchant,merch_norm_led_m8bk3yfzp2c3,1.0,AUTO_MATCH,0,,55779,55779,7JYDQVXG0F85SSH5,,order_4p3n0b2sp57w,order_4p3n0b2sp57w
razorpay,rzp_norm_pay_w63st766z2w6a7,bank,bank_norm_banktxn_f9xqe8rqqtxn1s90,1.0,AUTO_MATCH,0,,2017193,1974348,7CSQ0FULIWA5HNQN,7CSQ0FULIWA5HNQN,order_dnaiswv69nl8,
razorpay,rzp_norm_pay_w63st766z2w6a7,merchant,merch_norm_led_x45lkpar3p29,1.0,AUTO_MATCH,0,,2017193,2017193,7CSQ0FULIWA5HNQN,,order_dnaiswv69nl8,order_dnaiswv69nl8
razorpay,rzp_norm_pay_w7vwlk4s7mifpz,bank,bank_norm_banktxn_aooi1f3sm0l1rh1x,1.0,AUTO_MATCH,0,,63378,63378,2420QKPY5YDCC5PU,2420QKPY5YDCC5PU,order_2dhngyd1ih3x,
razorpay,rzp_norm_pay_w7vwlk4s7mifpz,merchant,merch_norm_led_73os736son61,1.0,AUTO_MATCH,0,,63378,63378,2420QKPY5YDCC5PU,,order_2dhngyd1ih3x,order_2dhngyd1ih3x
razorpay,rzp_norm_pay_w8g3wem5ec6mtb,bank,bank_norm_banktxn_f1bupudq1xqeddm2,1.0,AUTO_MATCH,0,,74069,72321,9K78OP3ZQR751ZH0,9K78OP3ZQR751ZH0,order_3zbfro5oa15s,
razorpay,rzp_norm_pay_w8g3wem5ec6mtb,merchant,merch_norm_led_pppvr0lm1x12,1.0,AUTO_MATCH,0,,74069,74069,9K78OP3ZQR751ZH0,,order_3zbfro5oa15s,order_3zbfro5oa15s
razorpay,rzp_norm_pay_wa63r9yozm8622,bank,bank_norm_banktxn_sdevhap0ymm28pan,1.0,AUTO_MATCH,0,,402118,392628,5GW99HD1BLKWXZNK,5GW99HD1BLKWXZNK,order_tel24cbmt1ji,
razorpay,rzp_norm_pay_wa63r9yozm8622,merchant,merch_norm_led_7hfkdnkq7ta0,1.0,AUTO_MATCH,0,,402118,402118,5GW99HD1BLKWXZNK,,order_tel24cbmt1ji,order_tel24cbmt1ji
razorpay,rzp_norm_pay_wa8o6kh18jzgic,bank,bank_norm_banktxn_7i59t1qo6zkeq2xv,1.0,AUTO_MATCH,0,,396700,396700,L125NMPSWC9DNCO0,L125NMPSWC9DNCO0,order_gktuqp4fyyrl,
razorpay,rzp_norm_pay_wa8o6kh18jzgic,merchant,merch_norm_led_y2s8081edzz6,1.0,AUTO_MATCH,0,,396700,396700,L125NMPSWC9DNCO0,,order_gktuqp4fyyrl,order_gktuqp4fyyrl
razorpay,rzp_norm_pay_wbe02s4kgvlm17,bank,bank_norm_banktxn_had6nqfuy5e74n6w,1.0,AUTO_MATCH,0,,528583,516108,H1YAYBIPJ7FS5QK3,H1YAYBIPJ7FS5QK3,order_cdos954kosx4,
razorpay,rzp_norm_pay_wbe02s4kgvlm17,merchant,merch_norm_led_4fo11hs3jrji,1.0,AUTO_MATCH,0,,528583,528583,H1YAYBIPJ7FS5QK3,,order_cdos954kosx4,order_cdos954kosx4
razorpay,rzp_norm_pay_wc8in670rs1bi4,bank,bank_norm_banktxn_wgpibyvfjnsocnwt,1.0,AUTO_MATCH,0,,158861,158861,OSD0T97VZB48U13P,OSD0T97VZB48U13P,order_4qejtzstq9uh,
razorpay,rzp_norm_pay_wc8in670rs1bi4,merchant,merch_norm_led_c655dnibkzou,1.0,AUTO_MATCH,0,,158861,158861,OSD0T97VZB48U13P,,order_4qejtzstq9uh,order_4qejtzstq9uh
razorpay,rzp_norm_pay_wcb6aykkjhn6ym,bank,bank_norm_banktxn_mjn8sxlbj17e89ej,1.0,AUTO_MATCH,0,,675012,675012,9WECZXYZ7QT4781U,9WECZXYZ7QT4781U,order_908xinvqla6d,
razorpay,rzp_norm_pay_wcb6aykkjhn6ym,merchant,merch_norm_led_8d85r741ur2c,1.0,AUTO_MATCH,0,,675012,675012,9WECZXYZ7QT4781U,,order_908xinvqla6d,order_908xinvqla6d
razorpay,rzp_norm_pay_wcwj7qtfitxldp,bank,bank_norm_banktxn_31ybhygmx6e0zyzc,1.0,AUTO_MATCH,0,,83001,81042,WP0KA72AP8T2PPIZ,WP0KA72AP8T2PPIZ,order_yy6oiy1gik0a,
razorpay,rzp_norm_pay_wcwj7qtfitxldp,merchant,merch_norm_led_2lujyzfug6zm,1.0,AUTO_MATCH,0,,83001,83001,WP0KA72AP8T2PPIZ,,order_yy6oiy1gik0a,order_yy6oiy1gik0a
razorpay,rzp_norm_pay_wj4oehivtbvqc9,bank,bank_norm_banktxn_fvd7g091e13y60e5,1.0,AUTO_MATCH,0,,116686,114208,IEGHZ7NZW9OXUIIE,IEGHZ7NZW9OXUIIE,order_0mn5nt0gmce0,
razorpay,rzp_norm_pay_wj4oehivtbvqc9,merchant,merch_norm_led_47j0vmntyra4,1.0,AUTO_MATCH,0,,116686,116686,IEGHZ7NZW9OXUIIE,,order_0mn5nt0gmce0,order_0mn5nt0gmce0
razorpay,rzp_norm_pay_wl99htpun78lzc,merchant,merch_norm_led_ds0hccec7ywd,1.0,AUTO_MATCH,0,,388020,388020,EDG89YMPAXET8EVB,,order_u13mdpqdc8vr,order_u13mdpqdc8vr
razorpay,rzp_norm_pay_wllbglvzt6lxg4,bank,bank_norm_banktxn_mx9xx3ynyexana6a,1.0,AUTO_MATCH,0,,158651,158651,8MJSRZ5WBPWC9E1C,8MJSRZ5WBPWC9E1C,order_nr1y86et77zi,
razorpay,rzp_norm_pay_wllbglvzt6lxg4,merchant,merch_norm_led_e9yrch3pioxq,1.0,AUTO_MATCH,0,,158651,158651,8MJSRZ5WBPWC9E1C,,order_nr1y86et77zi,order_nr1y86et77zi
razorpay,rzp_norm_pay_wn4r1c7945jg8c,bank,bank_norm_banktxn_56ixoavwc8wikcx7,1.0,AUTO_MATCH,0,,171080,167447,GRGB9NN88V4B0UJH,GRGB9NN88V4B0UJH,order_y5jlh3f8uh6l,
razorpay,rzp_norm_pay_wn4r1c7945jg8c,merchant,merch_norm_led_a7rr3h01zery,1.0,AUTO_MATCH,0,,171080,171080,GRGB9NN88V4B0UJH,,order_y5jlh3f8uh6l,order_y5jlh3f8uh6l
razorpay,rzp_norm_pay_wozophdb0ad0wt,bank,bank_norm_banktxn_k5zg8qik30mehbg1,1.0,AUTO_MATCH,0,,651760,651760,YFI29H8H3FDY70MN,YFI29H8H3FDY70MN,order_wxgjeihz7ae2,
razorpay,rzp_norm_pay_wozophdb0ad0wt,merchant,merch_norm_led_y6ogzdsekhdp,1.0,AUTO_MATCH,0,,651760,651760,YFI29H8H3FDY70MN,,order_wxgjeihz7ae2,order_wxgjeihz7ae2
razorpay,rzp_norm_pay_ws7w4fdknq4ri9,bank,bank_norm_banktxn_ewzqy7x3uxxskhci,1.0,AUTO_MATCH,0,,564235,550919,I916DKWWMDO29O54,I916DKWWMDO29O54,order_1knlqnui1an2,
razorpay,rzp_norm_pay_ws7w4fdknq4ri9,merchant,merch_norm_led_flfnetk7fsqn,1.0,AUTO_MATCH,0,,564235,564235,I916DKWWMDO29O54,,order_1knlqnui1an2,order_1knlqnui1an2
razorpay,rzp_norm_pay_wto6l0iwzi7k1w,bank,bank_norm_banktxn_ssvvhnbni78dws9i,1.0,AUTO_MATCH,0,,101396,101396,MMDNLWW43W89SSLJ,MMDNLWW43W89SSLJ,order_8giqi2fl1sqn,
razorpay,rzp_norm_pay_wto6l0iwzi7k1w,merchant,merch_norm_led_fuu21v3ilniz,1.0,AUTO_MATCH,0,,101396,101396,MMDNLWW43W89SSLJ,,order_8giqi2fl1sqn,order_8giqi2fl1sqn
razorpay,rzp_norm_pay_wu0202y8b83mf8,bank,bank_norm_banktxn_c2pqk3pwxwntr2bt,1.0,AUTO_MATCH,0,,127087,127087,O4S705IUYBGTM67V,O4S705IUYBGTM67V,order_a2yfmo3xx1ir,
razorpay,rzp_norm_pay_wu0202y8b83mf8,merchant,merch_norm_led_c7r1fm39jl0p,1.0,AUTO_MATCH,0,,127087,127087,O4S705IUYBGTM67V,,order_a2yfmo3xx1ir,order_a2yfmo3xx1ir
razorpay,rzp_norm_pay_wv5o9yefmrz3kz,merchant,merch_norm_led_jwni4zemak8n,1.0,AUTO_MATCH,0,,481761,481761,PT18SVAWT4KONRNT,,order_42y17nddthck,order_42y17nddthck
razorpay,rzp_norm_pay_wv82d4nj7qoojn,bank,bank_norm_banktxn_f96in3mtor4imwzu,1.0,AUTO_MATCH,0,,84366,82574,F91ESGVPTTNDT8Q3,F91ESGVPTTNDT8Q3,order_1kvc1dr9s8jp,
razorpay,rzp_norm_pay_wv82d4nj7qoojn,merchant,merch_norm_led_2u4mlcjwa069,1.0,AUTO_MATCH,0,,84366,84366,F91ESGVPTTNDT8Q3,,order_1kvc1dr9s8jp,order_1kvc1dr9s8jp
razorpay,rzp_norm_pay_x0lubwfsxc04zz,bank,bank_norm_banktxn_282vl82gp3tid1pg,1.0,AUTO_MATCH,0,,105009,102531,OT0DAS6YWSMXSL3Z,OT0DAS6YWSMXSL3Z,order_rnxip1silqak,
razorpay,rzp_norm_pay_x0lubwfsxc04zz,merchant,merch_norm_led_yguvca29jgh0,1.0,AUTO_MATCH,0,,105009,105009,OT0DAS6YWSMXSL3Z,,order_rnxip1silqak,order_rnxip1silqak
razorpay,rzp_norm_pay_x3gv2uwfsxvvla,merchant,merch_norm_led_djvlo4r6ton3,1.0,AUTO_MATCH,0,,478771,478771,EWNS9XAP916QM6KK,,order_crco6xjnhh6y,order_crco6xjnhh6y
razorpay,rzp_norm_pay_x3xwqrea2v2wfh,bank,bank_norm_banktxn_aw6shvum02cjl893,1.0,AUTO_MATCH,0,,2759963,2759963,3UIHLPKS8RUPNH5W,3UIHLPKS8RUPNH5W,order_wh9rvjysqbqm,
razorpay,rzp_norm_pay_x3xwqrea2v2wfh,merchant,merch_norm_led_brbpe3d8ogma,1.0,AUTO_MATCH,0,,2759963,2759963,3UIHLPKS8RUPNH5W,,order_wh9rvjysqbqm,order_wh9rvjysqbqm
razorpay,rzp_norm_pay_x492vl031p5mnx,merchant,merch_norm_led_q748xvi2w74t,1.0,AUTO_MATCH,0,,18909,18909,B86JYJH5CN5SPCD3,,order_mea9ggkmrlbd,order_mea9ggkmrlbd
razorpay,rzp_norm_pay_x49lz3bkpa5shu,bank,bank_norm_banktxn_tpo0md4duxdtiuoo,1.0,AUTO_MATCH,0,,127651,127651,KO9R4P3GPJF11SAJ,KO9R4P3GPJF11SAJ,order_r3jj3j9h6i9q,
razorpay,rzp_norm_pay_x49lz3bkpa5shu,merchant,merch_norm_led_evuubjbgauwj,1.0,AUTO_MATCH,0,,127651,127651,KO9R4P3GPJF11SAJ,,order_r3jj3j9h6i9q,order_r3jj3j9h6i9q
razorpay,rzp_norm_pay_x4e53bizuraf1c,bank,bank_norm_banktxn_u98fnhtftb7fa24o,1.0,AUTO_MATCH,0,,8917,8707,YBF0KAHW1WW3P8A3,YBF0KAHW1WW3P8A3,order_446hby7tznb9,
razorpay,rzp_norm_pay_x4e53bizuraf1c,merchant,merch_norm_led_80itxvpzypxt,1.0,AUTO_MATCH,0,,8917,8917,YBF0KAHW1WW3P8A3,,order_446hby7tznb9,order_446hby7tznb9
razorpay,rzp_norm_pay_x67iztho7bf502,bank,bank_norm_banktxn_yhd45oa43pm5jgtd,1.0,AUTO_MATCH,0,,22053,21533,DLDCAU28WPQRWRYN,DLDCAU28WPQRWRYN,order_9i5nl7vkxpds,
razorpay,rzp_norm_pay_x67iztho7bf502,merchant,merch_norm_led_pnic51lmsv42,1.0,AUTO_MATCH,0,,22053,22053,DLDCAU28WPQRWRYN,,order_9i5nl7vkxpds,order_9i5nl7vkxpds
razorpay,rzp_norm_pay_x6gjjfghqappbq,merchant,merch_norm_led_33su9kzj330q,1.0,AUTO_MATCH,0,,476901,476901,KLBATTUT5CNYQ7P1,,order_dm6x6eyechj5,order_dm6x6eyechj5
razorpay,rzp_norm_pay_x7ad7vmkqcd5wn,bank,bank_norm_banktxn_08x98u23dinqaqbb,1.0,AUTO_MATCH,0,,67979,67979,NJ4RJE5OU1HK29FB,NJ4RJE5OU1HK29FB,order_ugw7t10oqp6m,
razorpay,rzp_norm_pay_x7ad7vmkqcd5wn,merchant,merch_norm_led_x9bn7a1vdjpn,1.0,AUTO_MATCH,0,,67979,67979,NJ4RJE5OU1HK29FB,,order_ugw7t10oqp6m,order_ugw7t10oqp6m
razorpay,rzp_norm_pay_x8d31vdu0fwsvi,bank,bank_norm_banktxn_hey2mitgwwe07xr3,1.0,AUTO_MATCH,0,,300357,293269,IHLMGAZFNWYUGB63,IHLMGAZFNWYUGB63,order_rhewl1xxans1,
razorpay,rzp_norm_pay_x8d31vdu0fwsvi,merchant,merch_norm_led_y1tneeznosr0,1.0,AUTO_MATCH,0,,300357,300357,IHLMGAZFNWYUGB63,,order_rhewl1xxans1,order_rhewl1xxans1
razorpay,rzp_norm_pay_x9tv2kphp7q3ur,bank,bank_norm_banktxn_5rj8c6omhi7ctbtu,1.0,AUTO_MATCH,0,,594355,594355,CHR5SR9E7DCQ70GI,CHR5SR9E7DCQ70GI,order_8pidxm00ketb,
razorpay,rzp_norm_pay_x9tv2kphp7q3ur,merchant,merch_norm_led_oxnuq2rdgib2,1.0,AUTO_MATCH,0,,594355,594355,CHR5SR9E7DCQ70GI,,order_8pidxm00ketb,order_8pidxm00ketb
razorpay,rzp_norm_pay_xaa60me5q47utq,bank,bank_norm_banktxn_egbjltxxh8krn92o,1.0,AUTO_MATCH,0,,28912,28230,6UVC8EW89E56PI6F,6UVC8EW89E56PI6F,order_ys80juug8kyn,
razorpay,rzp_norm_pay_xaa60me5q47utq,merchant,merch_norm_led_3cb092fapk0u,1.0,AUTO_MATCH,0,,28912,28912,6UVC8EW89E56PI6F,,order_ys80juug8kyn,order_ys80juug8kyn
razorpay,rzp_norm_pay_xaebtkj5dxu3nk,bank,bank_norm_banktxn_wqvmdo00hkjlvi8v,1.0,AUTO_MATCH,0,,92434,90470,CQ2U2AJ7H60U6UZT,CQ2U2AJ7H60U6UZT,order_ii1ljvkmcbi7,
razorpay,rzp_norm_pay_xaebtkj5dxu3nk,merchant,merch_norm_led_netdtdapmcs9,1.0,AUTO_MATCH,0,,92434,92434,CQ2U2AJ7H60U6UZT,,order_ii1ljvkmcbi7,order_ii1ljvkmcbi7
razorpay,rzp_norm_pay_xafznzmlb1407n,bank,bank_norm_banktxn_f41db0h63ev8w439,1.0,AUTO_MATCH,0,,50511,50511,6ZT0C8A6STL38MGX,6ZT0C8A6STL38MGX,order_jjjzjv90sh3n,
razorpay,rzp_norm_pay_xafznzmlb1407n,merchant,merch_norm_led_tblskm79rdt3,1.0,AUTO_MATCH,0,,50511,50511,6ZT0C8A6STL38MGX,,order_jjjzjv90sh3n,order_jjjzjv90sh3n
razorpay,rzp_norm_pay_xblzy4p60esqda,bank,bank_norm_banktxn_d5f8j2aunibm24pn,1.0,AUTO_MATCH,0,,555448,555448,Z0WOKK70XQ6T0VWD,Z0WOKK70XQ6T0VWD,order_i0ew1jdvg5ar,
razorpay,rzp_norm_pay_xblzy4p60esqda,merchant,merch_norm_led_snnkujxod9z4,1.0,AUTO_MATCH,0,,555448,555448,Z0WOKK70XQ6T0VWD,,order_i0ew1jdvg5ar,order_i0ew1jdvg5ar
razorpay,rzp_norm_pay_xdua7e7rzb8o3x,bank,bank_norm_banktxn_3ghpajnkj1sv00ke,1.0,AUTO_MATCH,0,,37820,36928,YZFY0CSHSEY76EDS,YZFY0CSHSEY76EDS,order_0ds4n6e4syjh,
razorpay,rzp_norm_pay_xdua7e7rzb8o3x,merchant,merch_norm_led_mkwx8dgz67w1,1.0,AUTO_MATCH,0,,37820,37820,YZFY0CSHSEY76EDS,,order_0ds4n6e4syjh,order_0ds4n6e4syjh
razorpay,rzp_norm_pay_xf0krz83z3wb1u,bank,bank_norm_banktxn_10aauz8ntwxflgda,1.0,AUTO_MATCH,0,,43237,42216,H9CMGV5D3AV80AK5,H9CMGV5D3AV80AK5,order_w0wwba28mb70,
razorpay,rzp_norm_pay_xf0krz83z3wb1u,merchant,merch_norm_led_r2ebaj3z0tu2,1.0,AUTO_MATCH,0,,43237,43237,H9CMGV5D3AV80AK5,,order_w0wwba28mb70,order_w0wwba28mb70
razorpay,rzp_norm_pay_xff697zv1padbx,bank,bank_norm_banktxn_70z5icno5i3fzikf,1.0,AUTO_MATCH,0,,69861,69861,B014XOTRO721WZUO,B014XOTRO721WZUO,order_w3zda97270be,
razorpay,rzp_norm_pay_xff697zv1padbx,merchant,merch_norm_led_5w3uhqz8ckjq,1.0,AUTO_MATCH,0,,69861,69861,B014XOTRO721WZUO,,order_w3zda97270be,order_w3zda97270be
razorpay,rzp_norm_pay_xfumnn1hlyfyvn,merchant,merch_norm_led_4oh8opee7o6i,1.0,AUTO_MATCH,0,,322256,322256,ENW0ICDF7NQQG173,,order_20vt23c7s964,order_20vt23c7s964
razorpay,rzp_norm_pay_xghdt3po5ysmqg,bank,bank_norm_banktxn_o1ifnqr2l2efshrw,1.0,AUTO_MATCH,0,,169284,169284,NX239SUA70XJL2TZ,NX239SUA70XJL2TZ,order_qt8oepz4nj5x,
razorpay,rzp_norm_pay_xghdt3po5ysmqg,merchant,merch_norm_led_fd1pusd1pu7z,1.0,AUTO_MATCH,0,,169284,169284,NX239SUA70XJL2TZ,,order_qt8oepz4nj5x,order_qt8oepz4nj5x
razorpay,rzp_norm_pay_xgs6lpumqrk0l4,bank,bank_norm_banktxn_28gbzr4uyals7j28,1.0,AUTO_MATCH,0,,75024,75024,DNRXK1HK1LQQEVLJ,DNRXK1HK1LQQEVLJ,order_ywr16ovigbdi,
razorpay,rzp_norm_pay_xgs6lpumqrk0l4,merchant,merch_norm_led_l3fykvrbojw4,1.0,AUTO_MATCH,0,,75024,75024,DNRXK1HK1LQQEVLJ,,order_ywr16ovigbdi,order_ywr16ovigbdi
razorpay,rzp_norm_pay_xguis3ka86v77h,bank,bank_norm_banktxn_q6qjqdvzw45dx3px,1.0,AUTO_MATCH,0,,1416377,1382950,4VDKQF6QC6ATNMSB,4VDKQF6QC6ATNMSB,order_yqlqmx6zy60r,
razorpay,rzp_norm_pay_xguis3ka86v77h,merchant,merch_norm_led_a37d0v4rvmca,1.0,AUTO_MATCH,0,,1416377,1416377,4VDKQF6QC6ATNMSB,,order_yqlqmx6zy60r,order_yqlqmx6zy60r
razorpay,rzp_norm_pay_xhtx5x5fu4yj3l,bank,bank_norm_banktxn_g8hhg07b9snbgfvb,1.0,AUTO_MATCH,0,,290909,284044,2JG3UA3I1IV58W4H,2JG3UA3I1IV58W4H,order_y0utwulqmiia,
razorpay,rzp_norm_pay_xhtx5x5fu4yj3l,merchant,merch_norm_led_x2l599vqofsa,1.0,AUTO_MATCH,0,,290909,290909,2JG3UA3I1IV58W4H,,order_y0utwulqmiia,order_y0utwulqmiia
razorpay,rzp_norm_pay_xhydjauoqz3xgr,bank,bank_norm_banktxn_mf9p2rvhp8v83ldp,1.0,AUTO_MATCH,0,,282857,276850,LESFNXPPV6MKGHQ1,LESFNXPPV6MKGHQ1,order_35w2h0dcjz04,
razorpay,rzp_norm_pay_xhydjauoqz3xgr,merchant,merch_norm_led_j469xmqs9wn2,1.0,AUTO_MATCH,0,,282857,282857,LESFNXPPV6MKGHQ1,,order_35w2h0dcjz04,order_35w2h0dcjz04
razorpay,rzp_norm_pay_xjfoehxp5krkyw,bank,bank_norm_banktxn_3r2oxa5usqhpv1lv,1.0,AUTO_MATCH,0,,132651,129520,U1SXU1EC35H47W9O,U1SXU1EC35H47W9O,order_uci1gzpfyg4c,
razorpay,rzp_norm_pay_xjfoehxp5krkyw,merchant,merch_norm_led_ja0m23y2024x,1.0,AUTO_MATCH,0,,132651,132651,U1SXU1EC35H47W9O,,order_uci1gzpfyg4c,order_uci1gzpfyg4c
razorpay,rzp_norm_pay_xjgl6hdrvaxpx6,merchant,merch_norm_led_p177f50fy8uj,1.0,AUTO_MATCH,0,,227753,227753,FVY5HL01A6ST3NK9,,order_5bd1dxwlry75,order_5bd1dxwlry75
razorpay,rzp_norm_pay_xlqvv40inowzbr,bank,bank_norm_banktxn_64g0zhwtg9q7mjt7,1.0,AUTO_MATCH,0,,226474,219793,1L8M5DPBUBKYP7WB,1L8M5DPBUBKYP7WB,order_fjbjbdnbxxu0,
razorpay,rzp_norm_pay_xlqvv40inowzbr,merchant,merch_norm_led_a4o8untcfb21,1.0,AUTO_MATCH,0,,226474,226474,1L8M5DPBUBKYP7WB,,order_fjbjbdnbxxu0,order_fjbjbdnbxxu0
razorpay,rzp_norm_pay_xmyw7b0ronocbn,bank,bank_norm_banktxn_5tv51q8in18oihte,1.0,AUTO_MATCH,0,,14075,14075,ULEG7YDMLUZ2A8W1,ULEG7YDMLUZ2A8W1,order_q9tra8fqyf5b,
razorpay,rzp_norm_pay_xmyw7b0ronocbn,merchant,merch_norm_led_ndh6if41dbf7,1.0,AUTO_MATCH,0,,14075,14075,ULEG7YDMLUZ2A8W1,,order_q9tra8fqyf5b,order_q9tra8fqyf5b
razorpay,rzp_norm_pay_xrysp49sqvo97c,bank,bank_norm_banktxn_6s2dpgbfvfd4dj9j,1.0,AUTO_MATCH,0,,15557,15190,JZNF4B32XL2J31BH,JZNF4B32XL2J31BH,order_ljkp4he7mcwc,
razorpay,rzp_norm_pay_xrysp49sqvo97c,merchant,merch_norm_led_4is7wupa4uui,1.0,AUTO_MATCH,0,,15557,15557,JZNF4B32XL2J31BH,,order_ljkp4he7mcwc,order_ljkp4he7mcwc
razorpay,rzp_norm_pay_xsbmprj44dm0sr,bank,bank_norm_banktxn_i98nef8dz5jed7q4,1.0,AUTO_MATCH,0,,48043,48043,S76IVK3MB82649U0,S76IVK3MB82649U0,order_iosaspcdqw12,
razorpay,rzp_norm_pay_xsbmprj44dm0sr,merchant,merch_norm_led_rpujjqv2v77x,1.0,AUTO_MATCH,0,,48043,48043,S76IVK3MB82649U0,,order_iosaspcdqw12,order_iosaspcdqw12
razorpay,rzp_norm_pay_xt0g5c7zte8eck,merchant,merch_norm_led_hpj8btc32qfp,1.0,AUTO_MATCH,0,,473668,473668,ZYFFCDSXVDEKX3KZ,,order_6l3q8cfjh1nf,order_6l3q8cfjh1nf
razorpay,rzp_norm_pay_xuz07msff2ko7o,bank,bank_norm_banktxn_r491tl2543bgz4eg,1.0,AUTO_MATCH,0,,87164,87164,CKW56AYY04DDR6DY,CKW56AYY04DDR6DY,order_gyi1xnwwsv2i,
razorpay,rzp_norm_pay_xuz07msff2ko7o,merchant,merch_norm_led_qosprk1o7y04,1.0,AUTO_MATCH,0,,87164,87164,CKW56AYY04DDR6DY,,order_gyi1xnwwsv2i,order_gyi1xnwwsv2i
razorpay,rzp_norm_pay_y2sh5a1jz7z5cy,bank,bank_norm_banktxn_og576yai9bg59jqa,1.0,AUTO_MATCH,0,,1138055,1138055,FS5YKP2V1LRBQ1XK,FS5YKP2V1LRBQ1XK,order_3xcuw17yb1hd,
razorpay,rzp_norm_pay_y2sh5a1jz7z5cy,merchant,merch_norm_led_3kb13jo6k9qk,1.0,AUTO_MATCH,0,,1138055,1138055,FS5YKP2V1LRBQ1XK,,order_3xcuw17yb1hd,order_3xcuw17yb1hd
razorpay,rzp_norm_pay_y50v6fuvve0l6j,bank,bank_norm_banktxn_hln25a1gf5axryrr,1.0,AUTO_MATCH,0,,1039535,1015002,0IJ16A4SZLRDJCP4,0IJ16A4SZLRDJCP4,order_p0scvb3j2fbj,
razorpay,rzp_norm_pay_y50v6fuvve0l6j,merchant,merch_norm_led_tsmoipwcofd9,1.0,AUTO_MATCH,0,,1039535,1039535,0IJ16A4SZLRDJCP4,,order_p0scvb3j2fbj,order_p0scvb3j2fbj
razorpay,rzp_norm_pay_y87dwqyauzgs8r,bank,bank_norm_banktxn_57xjrm69gb71oftz,1.0,AUTO_MATCH,0,,308170,308170,P2HYME6BCGGDLXHZ,P2HYME6BCGGDLXHZ,order_gddc0jnra2pp,
razorpay,rzp_norm_pay_y87dwqyauzgs8r,merchant,merch_norm_led_5u1jzeogx65q,1.0,AUTO_MATCH,0,,308170,308170,P2HYME6BCGGDLXHZ,,order_gddc0jnra2pp,order_gddc0jnra2pp
razorpay,rzp_norm_pay_y8xggas7w1gnk5,bank,bank_norm_banktxn_n1owb780enw7fsl5,1.0,AUTO_MATCH,0,,244654,244654,EPL7WDU1JT2ACT7A,EPL7WDU1JT2ACT7A,order_byn7a6ujjsnr,
razorpay,rzp_norm_pay_y8xggas7w1gnk5,merchant,merch_norm_led_rbgn9g2nnwtb,1.0,AUTO_MATCH,0,,244654,244654,EPL7WDU1JT2ACT7A,,order_byn7a6ujjsnr,order_byn7a6ujjsnr
razorpay,rzp_norm_pay_y9fjn8hks3l4kl,bank,bank_norm_banktxn_1dzmhuzsbqx6c79b,1.0,AUTO_MATCH,0,,390761,390761,T5O7XOAWOTGUQBDU,T5O7XOAWOTGUQBDU,order_ux8pcyy0cah9,
razorpay,rzp_norm_pay_y9fjn8hks3l4kl,merchant,merch_norm_led_h5be8w0pbmfg,1.0,AUTO_MATCH,0,,390761,390761,T5O7XOAWOTGUQBDU,,order_ux8pcyy0cah9,order_ux8pcyy0cah9
razorpay,rzp_norm_pay_y9m571c5yrs81u,bank,bank_norm_banktxn_jtnqpntc8uuj53l0,1.0,AUTO_MATCH,0,,138754,135479,05L3HFH050BPNLTO,05L3HFH050BPNLTO,order_m6hhnqr4qpto,
razorpay,rzp_norm_pay_y9m571c5yrs81u,merchant,merch_norm_led_rxk19ff3jrb7,1.0,AUTO_MATCH,0,,138754,138754,05L3HFH050BPNLTO,,order_m6hhnqr4qpto,order_m6hhnqr4qpto
razorpay,rzp_norm_pay_ybimkwvs5oit9a,bank,bank_norm_banktxn_p664uz31px56g95o,1.0,AUTO_MATCH,0,,136657,136657,PHSNXSQAB18FG5DA,PHSNXSQAB18FG5DA,order_lqp45alekkih,
razorpay,rzp_norm_pay_ybimkwvs5oit9a,merchant,merch_norm_led_jefis88xa12m,1.0,AUTO_MATCH,0,,136657,136657,PHSNXSQAB18FG5DA,,order_lqp45alekkih,order_lqp45alekkih
razorpay,rzp_norm_pay_ybsp1rt2p9n05u,merchant,merch_norm_led_sfeh1lypfkir,1.0,AUTO_MATCH,0,,2643345,2643345,F8CRVFPLG35UD745,,order_ap66y3kr3ofb,order_ap66y3kr3ofb
razorpay,rzp_norm_pay_ybtrxyjmuye5sj,bank,bank_norm_banktxn_pfaooeg5rfxhiyhq,1.0,AUTO_MATCH,0,,107156,104880,Y0VUJ0RIE0ZNCQZR,Y0VUJ0RIE0ZNCQZR,order_nqg9j00x8miu,
razorpay,rzp_norm_pay_ybtrxyjmuye5sj,merchant,merch_norm_led_c4b8i7tshvck,1.0,AUTO_MATCH,0,,107156,107156,Y0VUJ0RIE0ZNCQZR,,order_nqg9j00x8miu,order_nqg9j00x8miu
razorpay,rzp_norm_pay_yd0zdb15je7fyg,bank,bank_norm_banktxn_wupw100utriatt2t,1.0,AUTO_MATCH,0,,64351,62832,ET9YXUBXST4D2J9E,ET9YXUBXST4D2J9E,order_4lf54xae3ue5,
razorpay,rzp_norm_pay_yd0zdb15je7fyg,merchant,merch_norm_led_xn9nf4cxkj4e,1.0,AUTO_MATCH,0,,64351,64351,ET9YXUBXST4D2J9E,,order_4lf54xae3ue5,order_4lf54xae3ue5
razorpay,rzp_norm_pay_yd31hlw5pub5f0,bank,bank_norm_banktxn_fxj736mbabgbhgg1,1.0,AUTO_MATCH,0,,570126,556670,5ZSPMQVBBH6AWOL1,5ZSPMQVBBH6AWOL1,order_h825zn3maue7,
razorpay,rzp_norm_pay_yd31hlw5pub5f0,merchant,merch_norm_led_pr5mb883vohy,1.0,AUTO_MATCH,0,,570126,570126,5ZSPMQVBBH6AWOL1,,order_h825zn3maue7,order_h825zn3maue7
razorpay,rzp_norm_pay_yf5fkj17imqs1o,bank,bank_norm_banktxn_ohe7lx36og9w5l0c,1.0,AUTO_MATCH,0,,35139,34309,EZWHF394TY7QUW0O,EZWHF394TY7QUW0O,order_b4lysc0ngxah,
razorpay,rzp_norm_pay_yf5fkj17imqs1o,merchant,merch_norm_led_s27u39qj2s3d,1.0,AUTO_MATCH,0,,35139,35139,EZWHF394TY7QUW0O,,order_b4lysc0ngxah,order_b4lysc0ngxah
razorpay,rzp_norm_pay_yfjaoczyvhkm53,bank,bank_norm_banktxn_q5h3j4rtka2btw6h,1.0,AUTO_MATCH,0,,653776,638346,GPDX6R51MKZVND19,GPDX6R51MKZVND19,order_9efnnxwmt9we,
razorpay,rzp_norm_pay_yfjaoczyvhkm53,merchant,merch_norm_led_lgy54z7uawhl,1.0,AUTO_MATCH,0,,653776,653776,GPDX6R51MKZVND19,,order_9efnnxwmt9we,order_9efnnxwmt9we
razorpay,rzp_norm_pay_yg154a9laxycum,bank,bank_norm_banktxn_lq0kt586xz78uvzz,1.0,AUTO_MATCH,0,,109899,107305,EVZTOKNC22SC0M1N,EVZTOKNC22SC0M1N,order_1lor6wpdacu4,
razorpay,rzp_norm_pay_yg154a9laxycum,merchant,merch_norm_led_l72kfjyri263,1.0,AUTO_MATCH,0,,109899,109899,EVZTOKNC22SC0M1N,,order_1lor6wpdacu4,order_1lor6wpdacu4
razorpay,rzp_norm_pay_yhvuzalwvmet4n,bank,bank_norm_banktxn_vd7cg3evv4t0dvd1,1.0,AUTO_MATCH,0,,305352,298867,V3PDE564R56LLE1F,V3PDE564R56LLE1F,order_ri6kfd2s1oqq,
razorpay,rzp_norm_pay_yhvuzalwvmet4n,merchant,merch_norm_led_q6y830inx82u,1.0,AUTO_MATCH,0,,305352,305352,V3PDE564R56LLE1F,,order_ri6kfd2s1oqq,order_ri6kfd2s1oqq
razorpay,rzp_norm_pay_yi0yywnqew0byl,bank,bank_norm_banktxn_zzzxhaeng084qy2r,1.0,AUTO_MATCH,0,,153870,150601,NMPGYU2C87XT0FN2,NMPGYU2C87XT0FN2,order_94933i5phzn5,
razorpay,rzp_norm_pay_yi0yywnqew0byl,merchant,merch_norm_led_z4elodo99hir,1.0,AUTO_MATCH,0,,153870,153870,NMPGYU2C87XT0FN2,,order_94933i5phzn5,order_94933i5phzn5
razorpay,rzp_norm_pay_yi8rxn7vtcru35,bank,bank_norm_banktxn_6plrqdfdm2x9ic8o,1.0,AUTO_MATCH,0,,85212,83402,687N42HMOAJHQB92,687N42HMOAJHQB92,order_08v43k80cyta,
razorpay,rzp_norm_pay_yi8rxn7vtcru35,merchant,merch_norm_led_8kfy5h0f3vkk,1.0,AUTO_MATCH,0,,85212,85212,687N42HMOAJHQB92,,order_08v43k80cyta,order_08v43k80cyta
razorpay,rzp_norm_pay_yikue94rm3bh9d,merchant,merch_norm_led_a0bwz4mb3wm8,1.0,AUTO_MATCH,0,,119185,119185,XN1AF1M1RRS6GYLE,,order_xcmhg0t440ta,order_xcmhg0t440ta
razorpay,rzp_norm_pay_yix3e0bm6mt7p4,bank,bank_norm_banktxn_nyhyzkjtqb0reiwo,1.0,AUTO_MATCH,0,,493344,482866,2S44DWCM4GRFNITP,2S44DWCM4GRFNITP,order_ljqt9c0ij6yn,
razorpay,rzp_norm_pay_yix3e0bm6mt7p4,merchant,merch_norm_led_vdt1b6up7ugc,1.0,AUTO_MATCH,0,,493344,493344,2S44DWCM4GRFNITP,,order_ljqt9c0ij6yn,order_ljqt9c0ij6yn
razorpay,rzp_norm_pay_yjh0p29o2nj3m8,bank,bank_norm_banktxn_meyj69s6e9nef8mx,1.0,AUTO_MATCH,0,,222283,217037,5LE1AEDCOTS3M9V8,5LE1AEDCOTS3M9V8,order_6x1b0vtvc3yw,
razorpay,rzp_norm_pay_yjh0p29o2nj3m8,merchant,merch_norm_led_zwg1j5rbvhb8,1.0,AUTO_MATCH,0,,222283,222283,5LE1AEDCOTS3M9V8,,order_6x1b0vtvc3yw,order_6x1b0vtvc3yw
razorpay,rzp_norm_pay_yjtpo23vj059o6,bank,bank_norm_banktxn_tnnr4afi125k8b1i,1.0,AUTO_MATCH,0,,567022,550294,3JWPLR0ZGONHHKOT,3JWPLR0ZGONHHKOT,order_enz6n6j6ynj3,
razorpay,rzp_norm_pay_yjtpo23vj059o6,merchant,merch_norm_led_15m1uraha169,1.0,AUTO_MATCH,0,,567022,567022,3JWPLR0ZGONHHKOT,,order_enz6n6j6ynj3,order_enz6n6j6ynj3
razorpay,rzp_norm_pay_ylwbisucd482es,bank,bank_norm_banktxn_dphigdaq5g9a03t9,1.0,AUTO_MATCH,0,,84469,84469,55QBB2PK520HGCPG,55QBB2PK520HGCPG,order_779smfnkt5ib,
razorpay,rzp_norm_pay_ylwbisucd482es,merchant,merch_norm_led_aspwfkatw3ws,1.0,AUTO_MATCH,0,,84469,84469,55QBB2PK520HGCPG,,order_779smfnkt5ib,order_779smfnkt5ib
razorpay,rzp_norm_pay_ylxhc7dkvj0xsj,bank,bank_norm_banktxn_kglk48i6n8wrfjzg,1.0,AUTO_MATCH,0,,3997264,3997264,LSV3O7WFIG9L75W2,LSV3O7WFIG9L75W2,order_sh1scu9q6vmq,
razorpay,rzp_norm_pay_ylxhc7dkvj0xsj,merchant,merch_norm_led_04r5s3og7jjk,1.0,AUTO_MATCH,0,,3997264,3997264,LSV3O7WFIG9L75W2,,order_sh1scu9q6vmq,order_sh1scu9q6vmq
razorpay,rzp_norm_pay_yokvy24fie5r66,bank,bank_norm_banktxn_0tiya4smjrgtjcou,1.0,AUTO_MATCH,0,,50070,50070,FXQBAB5OFV9ETGTG,FXQBAB5OFV9ETGTG,order_saj12k3imnr9,
razorpay,rzp_norm_pay_yokvy24fie5r66,merchant,merch_norm_led_6fomii1ph03v,1.0,AUTO_MATCH,0,,50070,50070,FXQBAB5OFV9ETGTG,,order_saj12k3imnr9,order_saj12k3imnr9
razorpay,rzp_norm_pay_yq8ek40uqk44u2,bank,bank_norm_banktxn_hpnf7p3vu03i0f0j,1.0,AUTO_MATCH,0,,500450,500450,CG24ZMW0MMY56KSG,CG24ZMW0MMY56KSG,order_zm5ufaym5hmo,
razorpay,rzp_norm_pay_yq8ek40uqk44u2,merchant,merch_norm_led_kj7yh1fy9b5y,1.0,AUTO_MATCH,0,,500450,500450,CG24ZMW0MMY56KSG,,order_zm5ufaym5hmo,order_zm5ufaym5hmo
razorpay,rzp_norm_pay_yqesh0arlh9dl6,bank,bank_norm_banktxn_nmdh4ayfatohzek3,1.0,AUTO_MATCH,0,,60786,60786,ZINC42EI5E6OHTNA,ZINC42EI5E6OHTNA,order_5o6mmg2ty7o5,
razorpay,rzp_norm_pay_yqesh0arlh9dl6,merchant,merch_norm_led_e2kph4dkdvpt,1.0,AUTO_MATCH,0,,60786,60786,ZINC42EI5E6OHTNA,,order_5o6mmg2ty7o5,order_5o6mmg2ty7o5
razorpay,rzp_norm_pay_yqghh47ym526lg,bank,bank_norm_banktxn_mav9f47hei4ooeya,1.0,AUTO_MATCH,0,,216317,211212,V8LWJBE18AUBVNA7,V8LWJBE18AUBVNA7,order_asbklte06w2x,
razorpay,rzp_norm_pay_yqghh47ym526lg,merchant,merch_norm_led_qtsns8tst7wh,1.0,AUTO_MATCH,0,,216317,216317,V8LWJBE18AUBVNA7,,order_asbklte06w2x,order_asbklte06w2x
razorpay,rzp_norm_pay_yr8gnc57kv6y8o,merchant,merch_norm_led_u87f45foxf3a,1.0,AUTO_MATCH,0,,175087,175087,MQNYG2IB53DSHSCR,,order_l8bt70pxgqrr,order_l8bt70pxgqrr
razorpay,rzp_norm_pay_yrbkzp9pfkr12o,merchant,merch_norm_led_98gs2w606hx6,1.0,AUTO_MATCH,0,,539793,539793,XGLD4BTCHGLX14VR,,order_blm4n5usn4cu,order_blm4n5usn4cu
razorpay,rzp_norm_pay_yrf9zm50exlbj9,bank,bank_norm_banktxn_4u3wvd239519tdoo,1.0,AUTO_MATCH,0,,80314,78419,QEGLI0CZMKIQNRNC,QEGLI0CZMKIQNRNC,order_uoa96kmpfsid,
razorpay,rzp_norm_pay_yrf9zm50exlbj9,merchant,merch_norm_led_eamotdbadiws,1.0,AUTO_MATCH,0,,80314,80314,QEGLI0CZMKIQNRNC,,order_uoa96kmpfsid,order_uoa96kmpfsid
razorpay,rzp_norm_pay_yx5rbprpwuh8af,bank,bank_norm_banktxn_yd4e96x7ou2j6np6,1.0,AUTO_MATCH,0,,71539,70019,T45S0IGJ4NCO7GL4,T45S0IGJ4NCO7GL4,order_exijjp45tkjn,
razorpay,rzp_norm_pay_yx5rbprpwuh8af,merchant,merch_norm_led_03v8r3towm4q,1.0,AUTO_MATCH,0,,71539,71539,T45S0IGJ4NCO7GL4,,order_exijjp45tkjn,order_exijjp45tkjn
razorpay,rzp_norm_pay_yy7o0cnfj6vrmj,bank,bank_norm_banktxn_v6kowlc06sihvg0x,1.0,AUTO_MATCH,0,,1691936,1652006,AWFKXGIZ068TU48S,AWFKXGIZ068TU48S,order_q6g66626ite5,
razorpay,rzp_norm_pay_yy7o0cnfj6vrmj,merchant,merch_norm_led_0c1yaa2pg6ok,1.0,AUTO_MATCH,0,,1691936,1691936,AWFKXGIZ068TU48S,,order_q6g66626ite5,order_q6g66626ite5
razorpay,rzp_norm_pay_yzph1syy09pkal,bank,bank_norm_banktxn_275yie55c9oo66ly,1.0,AUTO_MATCH,0,,63534,63534,CTJG1WW3RV2WZU2A,CTJG1WW3RV2WZU2A,order_5oirddflq8c3,
razorpay,rzp_norm_pay_yzph1syy09pkal,merchant,merch_norm_led_hzlz3lapfb77,1.0,AUTO_MATCH,0,,63534,63534,CTJG1WW3RV2WZU2A,,order_5oirddflq8c3,order_5oirddflq8c3
razorpay,rzp_norm_pay_z18hmmym7o2866,bank,bank_norm_banktxn_g1wesz572vi85rj2,1.0,AUTO_MATCH,0,,49926,49926,UZRWQ8DTO30WXHJT,UZRWQ8DTO30WXHJT,order_7ky5arypiyqg,
razorpay,rzp_norm_pay_z18hmmym7o2866,merchant,merch_norm_led_3pxcp8ckehyh,1.0,AUTO_MATCH,0,,49926,49926,UZRWQ8DTO30WXHJT,,order_7ky5arypiyqg,order_7ky5arypiyqg
razorpay,rzp_norm_pay_z2ec9j8p0n3w07,bank,bank_norm_banktxn_4afqnegq3r2kp1cn,1.0,AUTO_MATCH,0,,126919,123175,UUD6BOZY498W94UW,UUD6BOZY498W94UW,order_xhx0j8kfudcu,
razorpay,rzp_norm_pay_z2ec9j8p0n3w07,merchant,merch_norm_led_pse8uwqafxiv,1.0,AUTO_MATCH,0,,126919,126919,UUD6BOZY498W94UW,,order_xhx0j8kfudcu,order_xhx0j8kfudcu
razorpay,rzp_norm_pay_z2vsmuirmxlszn,bank,bank_norm_banktxn_uxpfg4hizuvsjsqc,1.0,AUTO_MATCH,0,,99952,97003,8ZN5PM9BXVDK65ZT,8ZN5PM9BXVDK65ZT,order_pjn5bh8sfgoy,
razorpay,rzp_norm_pay_z2vsmuirmxlszn,merchant,merch_norm_led_s41c4xysbvvq,1.0,AUTO_MATCH,0,,99952,99952,8ZN5PM9BXVDK65ZT,,order_pjn5bh8sfgoy,order_pjn5bh8sfgoy
razorpay,rzp_norm_pay_z3kwzctsjfmh3j,bank,bank_norm_banktxn_hy1f1gmyw0u7yr4j,1.0,AUTO_MATCH,0,,75774,74164,KKWRBTSYZYBP2E5S,KKWRBTSYZYBP2E5S,order_vpblcn2657la,
razorpay,rzp_norm_pay_z3kwzctsjfmh3j,merchant,merch_norm_led_8benlinb2kmq,1.0,AUTO_MATCH,0,,75774,75774,KKWRBTSYZYBP2E5S,,order_vpblcn2657la,order_vpblcn2657la
razorpay,rzp_norm_pay_z3ockwme15159s,bank,bank_norm_banktxn_idgpwofe6y49cens,1.0,AUTO_MATCH,0,,41950,41059,MXOU3DOKQ93CRDGJ,MXOU3DOKQ93CRDGJ,order_zol5d0iwn9vt,
razorpay,rzp_norm_pay_z3ockwme15159s,merchant,merch_norm_led_q5u3se7sjhmt,1.0,AUTO_MATCH,0,,41950,41950,MXOU3DOKQ93CRDGJ,,order_zol5d0iwn9vt,order_zol5d0iwn9vt
razorpay,rzp_norm_pay_z49tv9hifsqiko,bank,bank_norm_banktxn_omr7uyoy48opq7oa,1.0,AUTO_MATCH,0,,15672,15303,SJV26IWT7B0WEEX8,SJV26IWT7B0WEEX8,order_4xjrz6nycdpl,
razorpay,rzp_norm_pay_z49tv9hifsqiko,merchant,merch_norm_led_ts1wromtiyrn,1.0,AUTO_MATCH,0,,15672,15672,SJV26IWT7B0WEEX8,,order_4xjrz6nycdpl,order_4xjrz6nycdpl
razorpay,rzp_norm_pay_z7is9ctdmqi1tx,merchant,merch_norm_led_djf5w3sd9128,1.0,AUTO_MATCH,0,,28691,28691,IZDQT5GOUG2ROXWQ,,order_e1ye3psxn6gm,order_e1ye3psxn6gm
razorpay,rzp_norm_pay_z7q4bkm1ip723t,bank,bank_norm_banktxn_yn0vrrkegjo2jb9s,1.0,AUTO_MATCH,0,,19345,19345,X9T515BC8R4M581G,X9T515BC8R4M581G,order_be3grq1358zf,
razorpay,rzp_norm_pay_z7q4bkm1ip723t,merchant,merch_norm_led_qejo165lf0nv,1.0,AUTO_MATCH,0,,19345,19345,X9T515BC8R4M581G,,order_be3grq1358zf,order_be3grq1358zf
razorpay,rzp_norm_pay_z87vvgwsivsfnl,bank,bank_norm_banktxn_nf2d4fzuzd2kpx8w,1.0,AUTO_MATCH,0,,694248,694248,25C3OGR79OV75QCD,25C3OGR79OV75QCD,order_zjdyfnou7bm9,
razorpay,rzp_norm_pay_z87vvgwsivsfnl,merchant,merch_norm_led_unefllbra38h,1.0,AUTO_MATCH,0,,694248,694248,25C3OGR79OV75QCD,,order_zjdyfnou7bm9,order_zjdyfnou7bm9
razorpay,rzp_norm_pay_z8vmypxnz6vhwz,bank,bank_norm_banktxn_3qr59hm154r26ah7,1.0,AUTO_MATCH,0,,2127884,2082688,AL0JQHT5VI8ONYYJ,AL0JQHT5VI8ONYYJ,order_jqsgy9acaypg,
razorpay,rzp_norm_pay_z8vmypxnz6vhwz,merchant,merch_norm_led_z66q3tpb61pa,1.0,AUTO_MATCH,0,,2127884,2127884,AL0JQHT5VI8ONYYJ,,order_jqsgy9acaypg,order_jqsgy9acaypg
razorpay,rzp_norm_pay_z9bbmp3obldn3o,bank,bank_norm_banktxn_p3wipeuno4khu2nk,1.0,AUTO_MATCH,0,,189525,185500,F0VKEZJ7ZK904EOB,F0VKEZJ7ZK904EOB,order_fuf47y3hpvh6,
razorpay,rzp_norm_pay_z9bbmp3obldn3o,merchant,merch_norm_led_g4b4n5rh44ll,1.0,AUTO_MATCH,0,,189525,189525,F0VKEZJ7ZK904EOB,,order_fuf47y3hpvh6,order_fuf47y3hpvh6
razorpay,rzp_norm_pay_zawcocatzrx1u2,bank,bank_norm_banktxn_0zzjipcmtowqq84f,1.0,AUTO_MATCH,0,,53397,52263,RB5CKFJT3M0U0VUN,RB5CKFJT3M0U0VUN,order_hbemte5xnf45,
razorpay,rzp_norm_pay_zawcocatzrx1u2,merchant,merch_norm_led_y0km4gzhmhaa,1.0,AUTO_MATCH,0,,53397,53397,RB5CKFJT3M0U0VUN,,order_hbemte5xnf45,order_hbemte5xnf45
razorpay,rzp_norm_pay_zcfe4ao970le1u,merchant,merch_norm_led_nwk8hvq0q1rg,1.0,AUTO_MATCH,0,,145050,145050,SHBT3KIZKVYYSAZ9,,order_5abq23z89wet,order_5abq23z89wet
razorpay,rzp_norm_pay_zdekiwwdmv5b6i,bank,bank_norm_banktxn_av8i02291yp35jo1,1.0,AUTO_MATCH,0,,217961,217961,1D5V8QRN9X9JPYLG,1D5V8QRN9X9JPYLG,order_pu5gofwqoif9,
razorpay,rzp_norm_pay_zdekiwwdmv5b6i,merchant,merch_norm_led_k51zlhd9v7pc,1.0,AUTO_MATCH,0,,217961,217961,1D5V8QRN9X9JPYLG,,order_pu5gofwqoif9,order_pu5gofwqoif9
razorpay,rzp_norm_pay_zdfw5rtjacfrbf,bank,bank_norm_banktxn_otjtiozu4l8uc9c0,1.0,AUTO_MATCH,0,,32005,32005,SRWR9U1OR5JY9ZBG,SRWR9U1OR5JY9ZBG,order_jischu5npoau,
razorpay,rzp_norm_pay_zdfw5rtjacfrbf,merchant,merch_norm_led_0wnvpqpnovj4,1.0,AUTO_MATCH,0,,32005,32005,SRWR9U1OR5JY9ZBG,,order_jischu5npoau,order_jischu5npoau
razorpay,rzp_norm_pay_zdudlj0dc7ufdp,merchant,merch_norm_led_a8yvby3x2430,1.0,AUTO_MATCH,0,,41063,41063,VT6UKDNKQ2E91GZQ,,order_fzkiotymjgnw,order_fzkiotymjgnw
razorpay,rzp_norm_pay_zem0chirjnpgzy,bank,bank_norm_banktxn_38wsrukjw7fzpoou,1.0,AUTO_MATCH,0,,124828,121882,LHUDA0ED599AU0K4,LHUDA0ED599AU0K4,order_c496dhbg68xo,
razorpay,rzp_norm_pay_zem0chirjnpgzy,merchant,merch_norm_led_mjxkx5dah9rz,1.0,AUTO_MATCH,0,,124828,124828,LHUDA0ED599AU0K4,,order_c496dhbg68xo,order_c496dhbg68xo
razorpay,rzp_norm_pay_zeth3tsvr4a1zs,bank,bank_norm_banktxn_3m744xqacfbb1v7l,1.0,AUTO_MATCH,0,,196120,191955,R8PDSJYJLEWQ9YK0,R8PDSJYJLEWQ9YK0,order_z3mu94m4hg1v,
razorpay,rzp_norm_pay_zeth3tsvr4a1zs,merchant,merch_norm_led_56poqou8lb6j,1.0,AUTO_MATCH,0,,196120,196120,R8PDSJYJLEWQ9YK0,,order_z3mu94m4hg1v,order_z3mu94m4hg1v
razorpay,rzp_norm_pay_zf6u6k754gag7a,bank,bank_norm_banktxn_075vp5t1o6d2768s,1.0,AUTO_MATCH,0,,211539,207046,UG50QPKJK3YMU0CG,UG50QPKJK3YMU0CG,order_iwjnjqsd4ds4,
razorpay,rzp_norm_pay_zf6u6k754gag7a,merchant,merch_norm_led_dye5x5ta1fku,1.0,AUTO_MATCH,0,,211539,211539,UG50QPKJK3YMU0CG,,order_iwjnjqsd4ds4,order_iwjnjqsd4ds4
razorpay,rzp_norm_pay_zhrplbslacc8x9,bank,bank_norm_banktxn_umkf3bhnd35bezgv,1.0,AUTO_MATCH,0,,116191,116191,1ECGQTS47RTN0SR9,1ECGQTS47RTN0SR9,order_e0818lp6dd0e,
razorpay,rzp_norm_pay_zhrplbslacc8x9,merchant,merch_norm_led_af1dh828yit4,1.0,AUTO_MATCH,0,,116191,116191,1ECGQTS47RTN0SR9,,order_e0818lp6dd0e,order_e0818lp6dd0e
razorpay,rzp_norm_pay_zim49ah3bexsyc,bank,bank_norm_banktxn_s8s82rptnh0nvd1f,1.0,AUTO_MATCH,0,,370050,362190,R9A9MMCSRA70ZNCB,R9A9MMCSRA70ZNCB,order_2cy7itp3h0pb,
razorpay,rzp_norm_pay_zim49ah3bexsyc,merchant,merch_norm_led_tkfugn3wxd0p,1.0,AUTO_MATCH,0,,370050,370050,R9A9MMCSRA70ZNCB,,order_2cy7itp3h0pb,order_2cy7itp3h0pb
razorpay,rzp_norm_pay_zizybp4c55pg9l,bank,bank_norm_banktxn_1usqzzcqbxpogngr,1.0,AUTO_MATCH,0,,119912,117366,FZ9H1VEEFESD90IF,FZ9H1VEEFESD90IF,order_ymp8o6i5kes2,
razorpay,rzp_norm_pay_zizybp4c55pg9l,merchant,merch_norm_led_nnfkym48kfy8,1.0,AUTO_MATCH,0,,119912,119912,FZ9H1VEEFESD90IF,,order_ymp8o6i5kes2,order_ymp8o6i5kes2
razorpay,rzp_norm_pay_zjkm0hx9psdysm,bank,bank_norm_banktxn_73ngwm737sj0tlfy,1.0,AUTO_MATCH,0,,465282,465282,D5WZJXLA11YGFJRW,D5WZJXLA11YGFJRW,order_pcj52ylo8xyi,
razorpay,rzp_norm_pay_zjkm0hx9psdysm,merchant,merch_norm_led_emji8oxf6kxc,1.0,AUTO_MATCH,0,,465282,465282,D5WZJXLA11YGFJRW,,order_pcj52ylo8xyi,order_pcj52ylo8xyi
razorpay,rzp_norm_pay_zkoxitwr67zdrs,bank,bank_norm_banktxn_qmr3ijm6wd9ue6mz,1.0,AUTO_MATCH,0,,57055,57055,9U4555R6N8Z3ZZL7,9U4555R6N8Z3ZZL7,order_eqltpq6krkgn,
razorpay,rzp_norm_pay_zkoxitwr67zdrs,merchant,merch_norm_led_n7herzz1h1bh,1.0,AUTO_MATCH,0,,57055,57055,9U4555R6N8Z3ZZL7,,order_eqltpq6krkgn,order_eqltpq6krkgn
razorpay,rzp_norm_pay_znglw9j91cg04n,bank,bank_norm_banktxn_98ewsi09p92xmw4v,1.0,AUTO_MATCH,0,,69957,68471,HPRS9363Z8H18Y5W,HPRS9363Z8H18Y5W,order_dkfhqq1skogi,
razorpay,rzp_norm_pay_znglw9j91cg04n,merchant,merch_norm_led_gk8temcqjaem,1.0,AUTO_MATCH,0,,69957,69957,HPRS9363Z8H18Y5W,,order_dkfhqq1skogi,order_dkfhqq1skogi
razorpay,rzp_norm_pay_znx5736io28cnf,bank,bank_norm_banktxn_txzzhtwt5y4cyejv,1.0,AUTO_MATCH,0,,247229,241978,FLRE5PVOP39S6PZB,FLRE5PVOP39S6PZB,order_lpwaw06h3y78,
razorpay,rzp_norm_pay_znx5736io28cnf,merchant,merch_norm_led_s2m50gue0z1b,1.0,AUTO_MATCH,0,,247229,247229,FLRE5PVOP39S6PZB,,order_lpwaw06h3y78,order_lpwaw06h3y78
razorpay,rzp_norm_pay_zosg80o7duryac,merchant,merch_norm_led_evbybwg16am8,1.0,AUTO_MATCH,0,,1998977,1998977,14BW4B5APDKZ7NRU,,order_so5z8kd1yvxv,order_so5z8kd1yvxv
razorpay,rzp_norm_pay_zoxhwgx4t0fp61,merchant,merch_norm_led_nae6u1denf03,1.0,AUTO_MATCH,0,,45926,45926,C2SX674S6R32H1A5,,order_3tt04sveukjc,order_3tt04sveukjc
razorpay,rzp_norm_pay_zq26o9m3wg6itx,bank,bank_norm_banktxn_q6r1zw7u98coguv7,1.0,AUTO_MATCH,0,,21336,21336,71UAZXSX0U8T3ET7,71UAZXSX0U8T3ET7,order_ln074dslelxa,
razorpay,rzp_norm_pay_zq26o9m3wg6itx,merchant,merch_norm_led_ycvle2sqz60b,1.0,AUTO_MATCH,0,,21336,21336,71UAZXSX0U8T3ET7,,order_ln074dslelxa,order_ln074dslelxa
razorpay,rzp_norm_pay_zq9fabq1blqfha,bank,bank_norm_banktxn_26rmkrw7ocg2r0xy,1.0,AUTO_MATCH,0,,41366,41366,CPLH4HMWPYL17GBG,CPLH4HMWPYL17GBG,order_6o2uectmjee1,
razorpay,rzp_norm_pay_zq9fabq1blqfha,merchant,merch_norm_led_cnr4lk7jwjqk,1.0,AUTO_MATCH,0,,41366,41366,CPLH4HMWPYL17GBG,,order_6o2uectmjee1,order_6o2uectmjee1
razorpay,rzp_norm_pay_ztguvzyg0s0hqk,bank,bank_norm_banktxn_lcv4xr2lopyw0c4p,1.0,AUTO_MATCH,0,,11834,11554,J9PX38W9P4OG7S10,J9PX38W9P4OG7S10,order_utt3r59wwt9y,
razorpay,rzp_norm_pay_ztguvzyg0s0hqk,merchant,merch_norm_led_ojun49txc7bg,1.0,AUTO_MATCH,0,,11834,11834,J9PX38W9P4OG7S10,,order_utt3r59wwt9y,order_utt3r59wwt9y
razorpay,rzp_norm_pay_zttl5kcrqdssz1,bank,bank_norm_banktxn_u6lsj5a6zb2v1bc4,1.0,AUTO_MATCH,0,,23815,23815,YJK1289LPODP4YOC,YJK1289LPODP4YOC,order_n88j0vmleqrp,
razorpay,rzp_norm_pay_zttl5kcrqdssz1,merchant,merch_norm_led_oideix4t3nx0,1.0,AUTO_MATCH,0,,23815,23815,YJK1289LPODP4YOC,,order_n88j0vmleqrp,order_n88j0vmleqrp
razorpay,rzp_norm_pay_zyef6yfy17pchu,bank,bank_norm_banktxn_4cfpd4i0zb5av2bf,1.0,AUTO_MATCH,0,,261825,254101,14OD6WNB109F6N9D,14OD6WNB109F6N9D,order_q48dvvfz05aa,
razorpay,rzp_norm_pay_zyef6yfy17pchu,merchant,merch_norm_led_7zrub27bm1f6,1.0,AUTO_MATCH,0,,261825,261825,14OD6WNB109F6N9D,,order_q48dvvfz05aa,order_q48dvvfz05aa
razorpay,rzp_norm_pay_zzelom6tpbi2qi,bank,bank_norm_banktxn_80wehypywe2r8gpu,1.0,AUTO_MATCH,0,,1803146,1803146,4S09ZL6O9AMFQHYY,4S09ZL6O9AMFQHYY,order_ooyfgr1hswj9,
razorpay,rzp_norm_pay_zzelom6tpbi2qi,merchant,merch_norm_led_9xs4r145j4d7,1.0,AUTO_MATCH,0,,1803146,1803146,4S09ZL6O9AMFQHYY,,order_ooyfgr1hswj9,order_ooyfgr1hswj9
razorpay,rzp_norm_pay_3vca6qpnp62s3y,bank,bank_norm_banktxn_kcivvg55q0awnmcz,0.95,AUTO_MATCH,0,,384943,384943,QHB9TQGFJJQL8RM3,QHB9TQGFJJQL8RM3,order_p47v5dg09m21,
razorpay,rzp_norm_pay_7h3ktzq4u1qe1h,bank,bank_norm_banktxn_hgomdwi2ay4j5p78,0.95,AUTO_MATCH,0,,47814,46798,NYAFYRZS20TIA03U,NYAFYRZS20TIA03U,order_z6fz8jqs5wd9,
razorpay,rzp_norm_pay_9v609jz5v6tkai,bank,bank_norm_banktxn_qwsg23fz096ioap4,0.95,AUTO_MATCH,0,,719507,702527,S87V2NIPQ8SNWKN5,S87V2NIPQ8SNWKN5,order_a4hnm54btgug,
razorpay,rzp_norm_pay_bq82e3on4rkv5a,bank,bank_norm_banktxn_zw61o6pz3im1ma54,0.95,AUTO_MATCH,0,,143821,143821,C3BKMWV83R9E7ILR,C3BKMWV83R9E7ILR,order_77zr34y578ee,
razorpay,rzp_norm_pay_bxfgway01a1mfo,bank,bank_norm_banktxn_rxq5buscfeflrj91,0.95,AUTO_MATCH,0,,300323,300323,DC5K8J0H7KTKWH9T,DC5K8J0H7KTKWH9T,order_k1impxrq225a,
razorpay,rzp_norm_pay_doc053323xf4zs,bank,bank_norm_banktxn_y1w588rx4mjtgt0m,0.95,AUTO_MATCH,0,,299108,292755,LYB3E3GESQR5FQPA,LYB3E3GESQR5FQPA,order_x70jy2bxelh4,
razorpay,rzp_norm_pay_kj3myiugfzivl8,bank,bank_norm_banktxn_khnd2msyoo8rbdfl,0.95,AUTO_MATCH,0,,177289,177289,MI1H97107JP77USX,MI1H97107JP77USX,order_wuajltzybbil,
razorpay,rzp_norm_pay_o6qwgihoqinwbg,bank,bank_norm_banktxn_gpf9izwvz1ufupuq,0.95,AUTO_MATCH,0,,42897,41986,HVATK5HJXJ10JOLY,HVATK5HJXJ10JOLY,order_j5yebw45fs8h,
razorpay,rzp_norm_pay_uf1c6ovzu6aq6n,bank,bank_norm_banktxn_wu8jo6pd0cifxe31,0.95,AUTO_MATCH,0,,112577,110186,LK13LI2W2ZDVPTFX,LK13LI2W2ZDVPTFX,order_izu9069g38ni,
razorpay,rzp_norm_pay_v1qz42c2dev0m5,bank,bank_norm_banktxn_pdb72o6dcjdjnt3e,0.95,AUTO_MATCH,0,,40604,39646,WOACGLCKGP7IS1SW,WOACGLCKGP7IS1SW,order_nwapd9y0ihzn,
razorpay,rzp_norm_pay_067dcbm159hmma,bank,bank_norm_banktxn_q7k7t7x8vniz25kv,0.9,LIKELY_MATCH,0,,186216,182261,06DWUNBS6BMORDWE,06DWUNBS6BMORDWE,order_wfw460xdciay,
razorpay,rzp_norm_pay_6ejhuo3gzdvsi1,bank,bank_norm_banktxn_8kpfhb2888ehy24d,0.9,LIKELY_MATCH,0,,319177,319177,OB7ZCQOST7OQQR40,OB7ZCQOST7OQQR40,order_88ypifc19rm1,
razorpay,rzp_norm_pay_7q2dyik9p1qwba,bank,bank_norm_banktxn_iu45b38ud18exnl6,0.9,LIKELY_MATCH,0,,29378,29378,ACALSX2ZWL2R0C3E,ACALSX2ZWL2R0C3E,order_wtkp4j50oo4n,
razorpay,rzp_norm_pay_e19cqg7rfrwck4,bank,bank_norm_banktxn_qggjxhfryrw774je,0.9,LIKELY_MATCH,0,,95088,95088,8Y9PT6BOFTGKABKB,8Y9PT6BOFTGKABKB,order_qtrh0f9e4ebl,
razorpay,rzp_norm_pay_eb9pm9sxamiof1,bank,bank_norm_banktxn_kcz0ncplu9rxdn2t,0.9,LIKELY_MATCH,0,,29613,28914,ZSAHKZ5ZT2WWJ0VL,ZSAHKZ5ZT2WWJ0VL,order_lj5mrv74tskd,
razorpay,rzp_norm_pay_exqnt56w8p43r8,bank,bank_norm_banktxn_g75aj2dk95fmpw3j,0.9,LIKELY_MATCH,0,,62570,61094,8696ASTKQ7YMDSJT,8696ASTKQ7YMDSJT,order_figkpkkshe4c,
razorpay,rzp_norm_pay_h10ss4q361ze7s,bank,bank_norm_banktxn_cvly5yel22b9zuh0,0.9,LIKELY_MATCH,0,,61356,61356,C6VK8YO6BAG1328K,C6VK8YO6BAG1328K,order_fjrcb6nneftk,
razorpay,rzp_norm_pay_jgulm1w9ez9xyz,bank,bank_norm_banktxn_ysb3dacxe98u3jgf,0.9,LIKELY_MATCH,0,,86761,84918,9V7JOEMLI9YJRXQD,9V7JOEMLI9YJRXQD,order_6p5et5kwy1ve,
razorpay,rzp_norm_pay_juyeooug9xr0is,bank,bank_norm_banktxn_6x6smeigc2153d77,0.9,LIKELY_MATCH,0,,74135,72561,6GPTFCXLBKZ0040Q,6GPTFCXLBKZ0040Q,order_okx26ymrhlhh,
razorpay,rzp_norm_pay_kzpqd8yuxuaxvc,bank,bank_norm_banktxn_bxvjl5919a05vnjn,0.9,LIKELY_MATCH,0,,103434,101237,7R0FCBYZW0U01K52,7R0FCBYZW0U01K52,order_4gajnqb7upjj,
razorpay,rzp_norm_pay_l9ests8rpkqcct,bank,bank_norm_banktxn_r1je7dpx5va2c7co,0.9,LIKELY_MATCH,0,,256961,250897,KX2219UB84JBKTC7,KX2219UB84JBKTC7,order_07h32m9sy41n,
razorpay,rzp_norm_pay_lutsmjvz6b5h8y,bank,bank_norm_banktxn_0faw8sab9um2eve4,0.9,LIKELY_MATCH,0,,1395119,1395119,YYU9NPEI8TWW5PNW,YYU9NPEI8TWW5PNW,order_cg441w1pd2zg,
razorpay,rzp_norm_pay_r0abnalkc5cg5s,bank,bank_norm_banktxn_p61yarmr683oiohq,0.9,LIKELY_MATCH,0,,73782,73782,6OFS2MZHZAZ7SCDD,6OFS2MZHZAZ7SCDD,order_qbby1mj4vnh2,
razorpay,rzp_norm_pay_rcmn4sa2wgqixm,bank,bank_norm_banktxn_dxd6zh4qrkkcc3vv,0.9,LIKELY_MATCH,0,,709903,693149,N9K70K0LDTKEZ4OI,N9K70K0LDTKEZ4OI,order_p17bkrbmf4dn,
razorpay,rzp_norm_pay_yrbkzp9pfkr12o,bank,bank_norm_banktxn_a7chq5pho4k9rlf9,0.9,LIKELY_MATCH,0,,539793,527054,XGLD4BTCHGLX14VR,XGLD4BTCHGLX14VR,order_blm4n5usn4cu,
razorpay,rzp_norm_pay_0vsf6ad6kll2ks,bank,bank_norm_banktxn_3cpys7kpy42sssy3,0.85,LIKELY_MATCH,0,,208253,209253,JNWYD64J4JU369EK,JNWYD64J4JU369EK,order_2m85xuexhhg2,
razorpay,rzp_norm_pay_1q97t8ol4sdaw7,bank,bank_norm_banktxn_sim5nc3ghk30b08o,0.85,LIKELY_MATCH,0,,409032,399344,P4KSDTRU71M8WSV0,P4KSDTRU71M8WSV0,order_r953wve9a6zf,
razorpay,rzp_norm_pay_7fm1kcks9ax80r,bank,bank_norm_banktxn_uzqti8z2b5wze1oe,0.85,LIKELY_MATCH,0,,53900,53255,141J6ILFJ4L8W6GI,141J6ILFJ4L8W6GI,order_i7nvz2txf18y,
razorpay,rzp_norm_pay_hk8ysxp8wf0bzi,bank,bank_norm_banktxn_h0fyrmjt4bv3ngwt,0.85,LIKELY_MATCH,0,,449731,437464,669Q3GYMXQKGZ4ZH,669Q3GYMXQKGZ4ZH,order_3n94wm3ko3zc,
razorpay,rzp_norm_pay_pdtcl6q27stw8v,bank,bank_norm_banktxn_kzdcdim8bwyk7mzu,0.85,LIKELY_MATCH,0,,420925,412484,KWOQFHPLIS88QWJZ,KWOQFHPLIS88QWJZ,order_0x3zruwbb86o,
razorpay,rzp_norm_pay_v5kteeelewdv2b,bank,bank_norm_banktxn_kr7sfs935u147skl,0.85,LIKELY_MATCH,0,,65490,64599,X792TP9HY2MAAG8T,X792TP9HY2MAAG8T,order_fyi3krito6at,
razorpay,rzp_norm_pay_wl99htpun78lzc,bank,bank_norm_banktxn_bld62eeu30yj9dg2,0.85,LIKELY_MATCH,0,,388020,377074,EDG89YMPAXET8EVB,EDG89YMPAXET8EVB,order_u13mdpqdc8vr,
bank,bank_norm_banktxn_1earsme4z2mvpf52,merchant,merch_norm_led_51ypliq6akep,0.8,LIKELY_MATCH,0,,823661,823661,XS0EF6EPI5BPJ40O,,,order_kuh3th1edsgg
bank,bank_norm_banktxn_1x3nmy88q9c5qtn1,merchant,merch_norm_led_45nc8s1dj6is,0.8,LIKELY_MATCH,0,,565483,565483,BNMXSBCS1RANWTDO,,,order_x2jxai2uyaxo
bank,bank_norm_banktxn_3gdobbm5rg8f078u,merchant,merch_norm_led_ip07vod65wrf,0.8,LIKELY_MATCH,0,,43637,43637,OVZJXUWQC5RE3MAV,,,order_9npp4859rsjz
bank,bank_norm_banktxn_3k37ykvljudyw0yi,merchant,merch_norm_led_bvj1oawawk0s,0.8,LIKELY_MATCH,0,,107877,107877,3GU08VX1ATRGN7C0,,,order_hfun0iit3kzf
bank,bank_norm_banktxn_3r7nauezvh3a3s5r,merchant,merch_norm_led_r1qe88ix6lkg,0.8,LIKELY_MATCH,0,,220526,220526,MZKYNOJ8D1G4919U,,,order_m8v16et79hcr
bank,bank_norm_banktxn_4ouxjdj2vd3s6tto,merchant,merch_norm_led_6ck10vwydoa9,0.8,LIKELY_MATCH,0,,288661,288661,DXL3TRNWKSWEVLQZ,,,order_iejsm6p1gflw
bank,bank_norm_banktxn_5bf17p3jxr0fv96w,merchant,merch_norm_led_o33ca3c6sz35,0.8,LIKELY_MATCH,0,,92673,92673,1PPG1M662B5ANJCH,,,order_eliwwb4xxhqy
bank,bank_norm_banktxn_5mpb6031gv4i2rlr,merchant,merch_norm_led_xl23cs0yq4jr,0.8,LIKELY_MATCH,0,,820109,820109,Z7XR8FDTXH3WT4NU,,,order_64uy5wzvlw5n
bank,bank_norm_banktxn_68b272s8lxsfcd2i,merchant,merch_norm_led_croldy0btjx6,0.8,LIKELY_MATCH,0,,412327,412327,97DA7TQT837577OP,,,order_0qu5dv579p39
bank,bank_norm_banktxn_7z8x0foluvgi7q0d,merchant,merch_norm_led_pnm834j47xi6,0.8,LIKELY_MATCH,0,,48897,48897,O6TWQZX00BD116LQ,,,order_8pke2q245wvk
bank,bank_norm_banktxn_8do9hbiiu208m72p,merchant,merch_norm_led_s8jhr3nuvaiy,0.8,LIKELY_MATCH,0,,354570,354570,8LMNQW1ZHR006LZ7,,,order_1mt15vidksk9
bank,bank_norm_banktxn_8mga2g4ae52mst80,merchant,merch_norm_led_hh413vh6dahn,0.8,LIKELY_MATCH,0,,99240,99240,0G6E007MCWQ1BY8P,,,order_zusmweedpius
bank,bank_norm_banktxn_9nf4uk3g0du157xk,merchant,merch_norm_led_pzsh1ma1km2m,0.8,LIKELY_MATCH,0,,298042,298042,JVFFHENUFRU26RWN,,,order_37zxe0h6khiv
bank,bank_norm_banktxn_av8i02291yp35jo1,merchant,merch_norm_led_k51zlhd9v7pc,0.8,LIKELY_MATCH,0,,217961,217961,1D5V8QRN9X9JPYLG,,,order_pu5gofwqoif9
bank,bank_norm_banktxn_b7eoszzoimln8q7k,merchant,merch_norm_led_71s0mnv0nan2,0.8,LIKELY_MATCH,0,,278484,278484,AWR4TZ0NZ4FX2LSE,,,order_0kebha7qhele
bank,bank_norm_banktxn_c2pqk3pwxwntr2bt,merchant,merch_norm_led_c7r1fm39jl0p,0.8,LIKELY_MATCH,0,,127087,127087,O4S705IUYBGTM67V,,,order_a2yfmo3xx1ir
bank,bank_norm_banktxn_d2ettxdd5n1fa6wn,merchant,merch_norm_led_qmn518l0prrx,0.8,LIKELY_MATCH,0,,20810,20810,,,,order_mjj96nvyetar
bank,bank_norm_banktxn_dsi4qv8jfg9ro4su,merchant,merch_norm_led_pywqy2ny56fm,0.8,LIKELY_MATCH,0,,178092,178092,KIVFKOHPN7CYBZ1T,,,order_lslr8jkcukbp
bank,bank_norm_banktxn_ehmnuflrbc8sv23g,merchant,merch_norm_led_ldlxmud38te8,0.8,LIKELY_MATCH,0,,1253898,1253898,F90WUSZEHS50QBYE,,,order_o8rylbu9xto1
bank,bank_norm_banktxn_fg8unnsotb47li1i,merchant,merch_norm_led_gc5xcjfrne52,0.8,LIKELY_MATCH,0,,263018,263018,5I939NFPJN29ZBF6,,,order_6bdhexzx2jwm
bank,bank_norm_banktxn_h4o5n2bzsz9qb8kl,merchant,merch_norm_led_lsj6gm2x2ro1,0.8,LIKELY_MATCH,0,,71240,71240,R1S0HOR12LLF4HCH,,,order_sfufpqy2f5rs
bank,bank_norm_banktxn_i9g4qw7i90soy5s0,merchant,merch_norm_led_2ry4gernu9et,0.8,LIKELY_MATCH,0,,98494,98494,3M24L7ESWQBQWGS2,,,order_i5jh8g9pv1xy
bank,bank_norm_banktxn_j6twpw2gaxyvwakx,merchant,merch_norm_led_ps9i7mi7nu4u,0.8,LIKELY_MATCH,0,,108753,108753,8S9Q0OLURWARU9XB,,,order_hzg0xnabxq5x
bank,bank_norm_banktxn_jrwxoz2yspcgbvaj,merchant,merch_norm_led_st67msztcuy5,0.8,LIKELY_MATCH,0,,240940,240940,E18TFZKJHBH39GY0,,,order_wyl9xs4mxehh
bank,bank_norm_banktxn_jx2u5bo6kizbu038,merchant,merch_norm_led_fd6d8pwcugq1,0.8,LIKELY_MATCH,0,,44829,44829,UFQNAUAKYPSTU3LN,,,order_3swt3jw65dnc
bank,bank_norm_banktxn_kglk48i6n8wrfjzg,merchant,merch_norm_led_04r5s3og7jjk,0.8,LIKELY_MATCH,0,,3997264,3997264,LSV3O7WFIG9L75W2,,,order_sh1scu9q6vmq
bank,bank_norm_banktxn_kwe93psw5erip98l,merchant,merch_norm_led_5u3zpg5pwr88,0.8,LIKELY_MATCH,0,,34112,34112,3LMRQ7E0O3JX2KY9,,,order_pd4kubv6j2o5
bank,bank_norm_banktxn_m6i1vaehq6n2h74v,merchant,merch_norm_led_3w99839k5d10,0.8,LIKELY_MATCH,0,,157501,157501,CNGTROE3SSVK401P,,,order_znvg2j1navt1
bank,bank_norm_banktxn_m83vw6yvi6jomqqf,merchant,merch_norm_led_s2v2gfuctn5g,0.8,LIKELY_MATCH,0,,55078,55078,FIBNF278X5I00658,,,order_fe02e0ht6op9
bank,bank_norm_banktxn_p68posye1nnvdt6c,merchant,merch_norm_led_yxui2a8dio4j,0.8,LIKELY_MATCH,0,,171260,171260,BTRV5FSS7WWQ9RFM,,,order_jngnqu9pmlo7
bank,bank_norm_banktxn_q9jobyufej9t3zqq,merchant,merch_norm_led_zx8ofgdl5sn5,0.8,LIKELY_MATCH,0,,116768,116768,EQJH3ZBRZV3MOXKQ,,,order_d38wiekkfj9x
bank,bank_norm_banktxn_ssvvhnbni78dws9i,merchant,merch_norm_led_fuu21v3ilniz,0.8,LIKELY_MATCH,0,,101396,101396,MMDNLWW43W89SSLJ,,,order_8giqi2fl1sqn
bank,bank_norm_banktxn_teiwkrcnu88c5k8p,merchant,merch_norm_led_2ntiz4ktkx71,0.8,LIKELY_MATCH,0,,746492,746492,ERGOJJ897PQXAWRV,,,order_h13040lrxuu3
bank,bank_norm_banktxn_tj6bq11arshlwo4x,merchant,merch_norm_led_g81o9iyytw81,0.8,LIKELY_MATCH,0,,771377,771377,Y7FC3IFX37Z3YVMC,,,order_2tch5n9uh959
bank,bank_norm_banktxn_tnjh9a0r4zn2qayt,merchant,merch_norm_led_exrh23ou8jqr,0.8,LIKELY_MATCH,0,,332764,332764,KB4VN3IYXVX8ZWV9,,,order_p2zm80wl8rjl
bank,bank_norm_banktxn_umkf3bhnd35bezgv,merchant,merch_norm_led_af1dh828yit4,0.8,LIKELY_MATCH,0,,116191,116191,1ECGQTS47RTN0SR9,,,order_e0818lp6dd0e
bank,bank_norm_banktxn_w9ev71nq0acew1hs,merchant,merch_norm_led_f9vb8hcvky66,0.8,LIKELY_MATCH,0,,710969,710969,WJG6YM4QWDAUQ9Y3,,,order_967ahkzr5mhu
bank,bank_norm_banktxn_wfwmp27rrwlzqtsx,merchant,merch_norm_led_le8jsldd2ep4,0.8,LIKELY_MATCH,0,,82542,82542,WHVNJWV23RGQ7HOH,,,order_57fxyu3ku6ra
bank,bank_norm_banktxn_wgpibyvfjnsocnwt,merchant,merch_norm_led_c655dnibkzou,0.8,LIKELY_MATCH,0,,158861,158861,OSD0T97VZB48U13P,,,order_4qejtzstq9uh
bank,bank_norm_banktxn_wyqczi5o8yj6ggsi,merchant,merch_norm_led_o1nvafa4ycku,0.8,LIKELY_MATCH,0,,102932,102932,0XC36NCL8SZ12KQ2,,,order_2ch67pcyq425
bank,bank_norm_banktxn_x9gfsy0hs0i2ucom,merchant,merch_norm_led_4wsnpbr83eau,0.8,LIKELY_MATCH,0,,73768,73768,FSYKDTU34AHD7RHM,,,order_453prt9ri5ws
bank,bank_norm_banktxn_xmtlnrij9bvvl15d,merchant,merch_norm_led_9n8qsjh8bb5r,0.8,LIKELY_MATCH,0,,244556,244556,PWIXPNKXJ9AMBTSO,,,order_n2y3fg2q13xu
bank,bank_norm_banktxn_zgwxpxqlo9anybax,merchant,merch_norm_led_ay07xd9fnd2r,0.8,LIKELY_MATCH,0,,322676,322676,S8ZFM5QUD3LE8PV0,,,order_zaij47gt3nej
bank,bank_norm_banktxn_zyvf3mxwry73ald6,merchant,merch_norm_led_8brq8khvw32k,0.8,LIKELY_MATCH,0,,637305,637305,VU2KGPSCF4PG0LHR,,,order_u0t60mpkvicq
razorpay,rzp_norm_pay_09z2fes5g97dui,bank,bank_norm_banktxn_w6q4w1w1yz3g1dep,0.75,LIKELY_MATCH,0,,87503,0,VQ8FFPWD9J1UBW5M,VQ8FFPWD9J1UBW5M,order_sbveb9qwhkga,
razorpay,rzp_norm_pay_0bqzvpy54y1s7m,bank,bank_norm_banktxn_p7hwvazcb4848gex,0.75,LIKELY_MATCH,0,,222645,0,1HMC5JEEVN2HVD0C,1HMC5JEEVN2HVD0C,order_omob07tncs0e,
razorpay,rzp_norm_pay_0dv5t3nzqn3hx2,bank,bank_norm_banktxn_laysmkzknqrkfydo,0.75,LIKELY_MATCH,0,,115332,45846,XFBZZQ6MTR6ABZPW,XFBZZQ6MTR6ABZPW,order_4j4dx66eyocc,
razorpay,rzp_norm_pay_0odte4hn24dqjv,bank,bank_norm_banktxn_538nvic9od2fsl8h,0.75,LIKELY_MATCH,0,,149007,0,4L1SOWEW0E17JFRF,4L1SOWEW0E17JFRF,order_6yag6ko8lbku,
razorpay,rzp_norm_pay_14bimt6y5nz3o5,bank,bank_norm_banktxn_n1v6r59ed84chma8,0.75,LIKELY_MATCH,0,,64188,0,YS5WRV4U0Y0J9DAZ,YS5WRV4U0Y0J9DAZ,order_i7cpn2ml76eq,
razorpay,rzp_norm_pay_14st1d5pcs2l02,bank,bank_norm_banktxn_mzk6ee8tavby5a7o,0.75,LIKELY_MATCH,0,,484445,0,SAHSRFZ0YE2PKG3A,SAHSRFZ0YE2PKG3A,order_icdbqtbghoe7,
razorpay,rzp_norm_pay_15xdoqtlanjk53,bank,bank_norm_banktxn_d8gik70vrb8oyewz,0.75,LIKELY_MATCH,0,,124308,0,W7MR7IVXJ2EP30DJ,W7MR7IVXJ2EP30DJ,order_9a35hsrvsqhd,
razorpay,rzp_norm_pay_29x1mtln113gjh,bank,bank_norm_banktxn_7eup1tb0d9hxc9et,0.75,LIKELY_MATCH,0,,746801,0,9B1A7SKYBZD1KCT1,9B1A7SKYBZD1KCT1,order_4mrof2nsavnr,
razorpay,rzp_norm_pay_2m4q5zu8h262vw,bank,bank_norm_banktxn_clr3fe50eqy20f34,0.75,LIKELY_MATCH,0,,260254,0,1ZU3OO8RRZ87S7NM,1ZU3OO8RRZ87S7NM,order_emruje131cyo,
razorpay,rzp_norm_pay_32qfhtj5w0g829,bank,bank_norm_banktxn_n1rohwuxapjwu7e2,0.75,LIKELY_MATCH,0,,199228,0,WUOMSNMM8LWQZKOY,WUOMSNMM8LWQZKOY,order_ac0kumtfdrzb,
razorpay,rzp_norm_pay_32sdxwkgpsejvi,bank,bank_norm_banktxn_652cmj0iai4bks2e,0.75,LIKELY_MATCH,0,,44787,11580,V4XE96C0MI8YGBM4,V4XE96C0MI8YGBM4,order_fpe2zh6d6xko,
razorpay,rzp_norm_pay_3q9riplwyzvbhh,bank,bank_norm_banktxn_dowh2ki6olaev00y,0.75,LIKELY_MATCH,0,,582593,301294,F2X55982B4L68WM5,F2X55982B4L68WM5,order_jof59xh82btj,
razorpay,rzp_norm_pay_3rjtq4jj9swvfk,bank,bank_norm_banktxn_uzeltcfw6ef1uehl,0.75,LIKELY_MATCH,0,,147662,31800,SNHECJEP1HKDBMBW,SNHECJEP1HKDBMBW,order_kg3ibf7pv93r,
razorpay,rzp_norm_pay_3x4qnclyn4nc93,bank,bank_norm_banktxn_phaxrcxqw06bqoc3,0.75,LIKELY_MATCH,0,,216468,0,AY03QGXQ7KSTDBHP,AY03QGXQ7KSTDBHP,order_azenfh9hl05k,
razorpay,rzp_norm_pay_4bw1q52ugppqvh,bank,bank_norm_banktxn_k0uz53vbxejtohq4,0.75,LIKELY_MATCH,0,,56164,0,F3D9MCON9NKYSOVD,F3D9MCON9NKYSOVD,order_u95t7aienorw,
razorpay,rzp_norm_pay_5g414cs85l72t3,bank,bank_norm_banktxn_cxfy1omuyvmwkohb,0.75,LIKELY_MATCH,0,,380363,38036300,HS92FIVQZU35HO8Q,HS92FIVQZU35HO8Q,order_arpv1orbmdbh,
razorpay,rzp_norm_pay_5wm36re4lpk1hs,bank,bank_norm_banktxn_85brszzwq615mz5k,0.75,LIKELY_MATCH,0,,558490,55849000,5H9O9OKN650JSNH6,5H9O9OKN650JSNH6,order_vemzorbo5if4,
razorpay,rzp_norm_pay_62dcqyaodmdc0n,bank,bank_norm_banktxn_ri65651q6vy6sw2i,0.75,LIKELY_MATCH,1,,98467,49233,YRXL7BTRNBZAYROI,YRXL7BTRNBZAYROI,order_n1jjw7vtqqmm,
razorpay,rzp_norm_pay_64u7vg01cgmpxw,bank,bank_norm_banktxn_0crxdw9m8yi0jdfn,0.75,LIKELY_MATCH,0,,285079,28507900,0S8EPO3IUG690Z6Y,0S8EPO3IUG690Z6Y,order_hxplvduihopo,
razorpay,rzp_norm_pay_6km1xy0rclxilh,bank,bank_norm_banktxn_btnngv37hbl1fcrf,0.75,LIKELY_MATCH,1,,9979,4989,W3ZMPZFK3M6XFHJ1,W3ZMPZFK3M6XFHJ1,order_m0kbomfu2guq,
razorpay,rzp_norm_pay_6pxkois7vszg25,bank,bank_norm_banktxn_aq4u2k1lydncgmy4,0.75,LIKELY_MATCH,0,,165873,0,6NXORXR75UOSMXCC,6NXORXR75UOSMXCC,order_29t6pxzdu6r5,
razorpay,rzp_norm_pay_6q9fj5ogeczlf8,bank,bank_norm_banktxn_ltphlcnfrnuhpowo,0.75,LIKELY_MATCH,0,,19296,0,2F45NXVP1NHNTOHV,2F45NXVP1NHNTOHV,order_itbn3nyfefgc,
razorpay,rzp_norm_pay_7rnqpktpj0pdfo,bank,bank_norm_banktxn_qbxdvissi4vdefq3,0.75,LIKELY_MATCH,0,,108027,10573300,OEBHQ9EJICRBWK5M,OEBHQ9EJICRBWK5M,order_mlwp7s753rqt,
razorpay,rzp_norm_pay_7xcxqhxyco8qq5,bank,bank_norm_banktxn_su2n2yull2kragiy,0.75,LIKELY_MATCH,0,,216405,0,BO6MHYTYY5G68GKA,BO6MHYTYY5G68GKA,order_qcosu4ttkbqj,
razorpay,rzp_norm_pay_8024z5vjtf475i,bank,bank_norm_banktxn_51ja1wi5wbyqkh2t,0.75,LIKELY_MATCH,1,,301116,147005,O6SH31NVNXDGIMHA,O6SH31NVNXDGIMHA,order_rfdr1y63k0ik,
razorpay,rzp_norm_pay_8158rmtxzbo0j5,bank,bank_norm_banktxn_p8rhba9ulw4s3gnh,0.75,LIKELY_MATCH,0,,29696,0,VTI58VIOB46YZ9H5,VTI58VIOB46YZ9H5,order_z0n84tnlwk7t,
razorpay,rzp_norm_pay_8it9zqfde3879o,bank,bank_norm_banktxn_i7932bwa0prtzgwj,0.75,LIKELY_MATCH,0,,560812,0,5F40Q9BU8XJUQLS0,5F40Q9BU8XJUQLS0,order_1rn364ua19n9,
razorpay,rzp_norm_pay_92tqyep8mdpqqt,bank,bank_norm_banktxn_jq3cdlzaoxrbs1do,0.75,LIKELY_MATCH,0,,859309,0,DCCNTZQNJDP9U6YS,DCCNTZQNJDP9U6YS,order_ssotnlkp8xdf,
razorpay,rzp_norm_pay_97prbooxbuegax,bank,bank_norm_banktxn_djymqgm0ijqag1ji,0.75,LIKELY_MATCH,0,,16844,0,XLWF944EC2HJ86UK,XLWF944EC2HJ86UK,order_3gapykiip0pw,
razorpay,rzp_norm_pay_9pn0rb9bd61pu9,bank,bank_norm_banktxn_vdqv0jaljr78xiln,0.75,LIKELY_MATCH,0,,810077,536503,VVRRAV3M64KUI9FX,VVRRAV3M64KUI9FX,order_hlc1vpajzhec,
razorpay,rzp_norm_pay_9qp18cm4nwn14n,bank,bank_norm_banktxn_3ognd6kt3kt75xyp,0.75,LIKELY_MATCH,0,,66706,39074,MXS3N8BGJ4DFKJSG,MXS3N8BGJ4DFKJSG,order_c04se5rv6kr3,
razorpay,rzp_norm_pay_9uafpaqpcfm4eh,bank,bank_norm_banktxn_g7traviex65nfvrq,0.75,LIKELY_MATCH,0,,213610,0,JX6UESJ7YT94LH2O,JX6UESJ7YT94LH2O,order_8p79ds9hk07x,
razorpay,rzp_norm_pay_b3unfo2m74u5r3,bank,bank_norm_banktxn_ioohzrrvq3krga0j,0.75,LIKELY_MATCH,1,,50346,20281,GKN3OV031J8JXGB3,GKN3OV031J8JXGB3,order_eyzpdqkfq86w,
razorpay,rzp_norm_pay_baizbtn25jkno4,bank,bank_norm_banktxn_vvbeic071t7dqq2l,0.75,LIKELY_MATCH,0,,1509798,0,DD36X5UIRKGXM8VX,DD36X5UIRKGXM8VX,order_rz4iu87hlxqx,
razorpay,rzp_norm_pay_bi4r65mh2obvw1,bank,bank_norm_banktxn_xmr7rbt7g5chbvvc,0.75,LIKELY_MATCH,0,,53660,0,8Z9ADF5BLOVV8M0D,8Z9ADF5BLOVV8M0D,order_wy3pwc5797tl,
razorpay,rzp_norm_pay_bph6ckugxmph8n,bank,bank_norm_banktxn_111agb148sto1op8,0.75,LIKELY_MATCH,0,,2114850,945380,BMQMOEDVCGCJYZ43,BMQMOEDVCGCJYZ43,order_9vld5sv40nes,
razorpay,rzp_norm_pay_bqli36plme30ra,bank,bank_norm_banktxn_o30y06uxpuvz8c5b,0.75,LIKELY_MATCH,0,,580114,56779200,8K4O165BH65NWGYX,8K4O165BH65NWGYX,order_b7b9ibsruujp,
razorpay,rzp_norm_pay_cxim8pqihf7qgv,bank,bank_norm_banktxn_s997nkqoxhsc9dom,0.75,LIKELY_MATCH,0,,1120426,473895,F24P8DH70D70Q6LD,F24P8DH70D70Q6LD,order_07pcg8b7f82e,
razorpay,rzp_norm_pay_cy14ds2b1z5j04,bank,bank_norm_banktxn_bq8k42jho7vf2n4l,0.75,LIKELY_MATCH,0,,68427,6681200,2IN3Z0RDMEFDN17P,2IN3Z0RDMEFDN17P,order_hoo5fp2tv9va,
razorpay,rzp_norm_pay_dzowa8ptbflq64,bank,bank_norm_banktxn_lpciv6rzx36ut53y,0.75,LIKELY_MATCH,0,,410779,0,9FMLD4YGIJO2JWXC,9FMLD4YGIJO2JWXC,order_icq6ivko8szy,
razorpay,rzp_norm_pay_ed31bvof8tbadv,bank,bank_norm_banktxn_jn6cmri9q3o31zta,0.75,LIKELY_MATCH,0,,291725,157744,TEMDK9AQNGD3MDTC,TEMDK9AQNGD3MDTC,order_erk3gd9o2l3g,
razorpay,rzp_norm_pay_fajz0zq5e7t79v,bank,bank_norm_banktxn_mlzyotkcfoeq2kuo,0.75,LIKELY_MATCH,0,,733877,0,W84HQLWH0IJV9SYU,W84HQLWH0IJV9SYU,order_iwhquuftz9oc,
razorpay,rzp_norm_pay_feo1p9rcy9e78i,bank,bank_norm_banktxn_tv7m57g7epjjsua6,0.75,LIKELY_MATCH,1,,124045,62022,QWONBUJX7BQIKIX8,QWONBUJX7BQIKIX8,order_uwuhmgnq0c7y,
razorpay,rzp_norm_pay_fvtxya4g7y723t,bank,bank_norm_banktxn_hv51duxiypkad2y0,0.75,LIKELY_MATCH,0,,108534,0,PHTRLYNTNS1EEPTK,PHTRLYNTNS1EEPTK,order_a1wguy266t3m,
razorpay,rzp_norm_pay_g3ifxodo9e4vlm,bank,bank_norm_banktxn_vwkx6hj8xcqytq71,0.75,LIKELY_MATCH,0,,78205,77205,YMW9TRMJO4MZVE1F,YMW9TRMJO4MZVE1F,order_ddtcjutrd3rk,
razorpay,rzp_norm_pay_gbmtc3po9iw4eb,bank,bank_norm_banktxn_0o03o7e2y41uoios,0.75,LIKELY_MATCH,0,,242182,70552,ZK374QXY1AKN296E,ZK374QXY1AKN296E,order_cls1s4fxiza9,
razorpay,rzp_norm_pay_gucfhzjejidvku,bank,bank_norm_banktxn_3xee36qlu680zaqu,0.75,LIKELY_MATCH,0,,113714,11103100,I5MSGUDCYHZH86FF,I5MSGUDCYHZH86FF,order_mzhi7yopm9i2,
razorpay,rzp_norm_pay_gxkoforpsc6dpb,bank,bank_norm_banktxn_mqno0i3bztijtt1o,0.75,LIKELY_MATCH,0,,171355,16731100,B5ICMCEGASAW9YW7,B5ICMCEGASAW9YW7,order_xpfdytljv175,
razorpay,rzp_norm_pay_hy85l5ul1vqf5e,bank,bank_norm_banktxn_nst6t7b4c5vou0v0,0.75,LIKELY_MATCH,0,,257847,25024100,U5HMU3RKYRWRADSW,U5HMU3RKYRWRADSW,order_9h3ho5qk5ppa,
razorpay,rzp_norm_pay_i7s6oluzc48mpm,bank,bank_norm_banktxn_c1769l04wp2vha1p,0.75,LIKELY_MATCH,0,,63738,0,20BGHBXSZVMT3E19,20BGHBXSZVMT3E19,order_5yys57jxr23n,
razorpay,rzp_norm_pay_icrjdrmc5jkhnq,bank,bank_norm_banktxn_xf6o09k19v1g01jf,0.75,LIKELY_MATCH,0,,238235,142661,SZUQEF28C0H9DFEX,SZUQEF28C0H9DFEX,order_z7n2yk6ioe6y,
razorpay,rzp_norm_pay_iog3xvy6ufr7wx,bank,bank_norm_banktxn_jrfcfz6uyg9sq26t,0.75,LIKELY_MATCH,0,,179110,0,57X3XAKGZK85587N,57X3XAKGZK85587N,order_lsl9hna7oia2,
razorpay,rzp_norm_pay_iud1xszysl8oea,bank,bank_norm_banktxn_rbtj5nu3wxcawp2g,0.75,LIKELY_MATCH,0,,769791,251715,43DUU019FDKY8CL1,43DUU019FDKY8CL1,order_axgi7eeckz3b,
razorpay,rzp_norm_pay_j3fuaminxlwelq,bank,bank_norm_banktxn_7ypegmg6dzgke6ko,0.75,LIKELY_MATCH,0,,66366,0,SH4BKZ4GVQB6BCP2,SH4BKZ4GVQB6BCP2,order_fz79uhd99kl6,
razorpay,rzp_norm_pay_ktvt45zfs8uhaa,bank,bank_norm_banktxn_3ocfnfc51q10lc4e,0.75,LIKELY_MATCH,0,,160440,40918,SMBD2YDS3X6OJS30,SMBD2YDS3X6OJS30,order_16bi7ypa40h9,
razorpay,rzp_norm_pay_lgu33q3fx43sm6,bank,bank_norm_banktxn_cdcrpn08xl4lrkz7,0.75,LIKELY_MATCH,0,,86139,0,6VLP4OW2LRG5XLH7,6VLP4OW2LRG5XLH7,order_pcl84g5b0aai,
razorpay,rzp_norm_pay_lnl0rav7z73oc4,bank,bank_norm_banktxn_ha4j7n9fzssxv310,0.75,LIKELY_MATCH,0,,126510,0,82QK4PM58PKGUCU2,82QK4PM58PKGUCU2,order_ynihy3rosohr,
razorpay,rzp_norm_pay_m8gzf0wu7d06p5,bank,bank_norm_banktxn_6redjyfnnsj1ylsj,0.75,LIKELY_MATCH,0,,426027,42602700,0R738OUHQUSW1CIC,0R738OUHQUSW1CIC,order_zx1j46b48o73,
razorpay,rzp_norm_pay_mk8k11c3ytcuq3,bank,bank_norm_banktxn_xxffp8z7sk0r2it4,0.75,LIKELY_MATCH,0,,128291,28020,PD2C8WMXRTHEO1IW,PD2C8WMXRTHEO1IW,order_buxu3cf87lwd,
razorpay,rzp_norm_pay_mo32i7c6qpvtm9,bank,bank_norm_banktxn_8as29mjf4pe4kwjq,0.75,LIKELY_MATCH,0,,307338,0,0QIBTA1IDWZ6VQTP,0QIBTA1IDWZ6VQTP,order_u0s79st6srdk,
razorpay,rzp_norm_pay_mxt30m78kew3qc,bank,bank_norm_banktxn_v81sksc6jjgh7ohk,0.75,LIKELY_MATCH,1,,3291092,1610594,IOBBPWUKC54MAGDY,IOBBPWUKC54MAGDY,order_60ldvodaztav,
razorpay,rzp_norm_pay_n0d5nxwtzk2oq0,bank,bank_norm_banktxn_6l775rbu6gdncg72,0.75,LIKELY_MATCH,0,,139358,0,P1M7H8TU394LEYO7,P1M7H8TU394LEYO7,order_rsm7h7gxem4l,
razorpay,rzp_norm_pay_n1ifksz7i59uv1,bank,bank_norm_banktxn_gdaevo2dkou8hh9i,0.75,LIKELY_MATCH,0,,26638,0,FW75ZVH23VGE9OAY,FW75ZVH23VGE9OAY,order_4nfcxv8yfa79,
razorpay,rzp_norm_pay_nf4b6txj0os8rs,bank,bank_norm_banktxn_lk0gp6r7ieyh3et8,0.75,LIKELY_MATCH,0,,139089,0,ZSKZOGVG079NMF7S,ZSKZOGVG079NMF7S,order_93h5zrac46os,
razorpay,rzp_norm_pay_nxp0bpj8dpbjlw,bank,bank_norm_banktxn_wgahjesdpor3ijyp,0.75,LIKELY_MATCH,0,,38160,30472,X1MT44VXGJH339VG,X1MT44VXGJH339VG,order_yiods4htzvm1,
razorpay,rzp_norm_pay_oautkq0r1j7wro,bank,bank_norm_banktxn_7g8wq6xp7ukpyrdg,0.75,LIKELY_MATCH,1,,668458,258742,UKWRJENZF1VKECOC,UKWRJENZF1VKECOC,order_0nop65zbz851,
razorpay,rzp_norm_pay_ohpagejemgxplb,bank,bank_norm_banktxn_shtr75r5bb7l2fpk,0.75,LIKELY_MATCH,0,,182885,0,Y2DLJQIOR0J3DUPG,Y2DLJQIOR0J3DUPG,order_7b6mo2fws40x,
razorpay,rzp_norm_pay_oq5ijronxh3xmu,bank,bank_norm_banktxn_1hywiyp4y6viksks,0.75,LIKELY_MATCH,0,,38307,0,LQ0OMXLMBBN1JIDR,LQ0OMXLMBBN1JIDR,order_73u2o76g0bad,
razorpay,rzp_norm_pay_ovd9dq2t0ogxv9,bank,bank_norm_banktxn_dyatjdze9pa8l3rd,0.75,LIKELY_MATCH,0,,833013,0,TU12JXC0SP8TFANL,TU12JXC0SP8TFANL,order_flxczl5tn83j,
razorpay,rzp_norm_pay_qjx53044ade17q,bank,bank_norm_banktxn_cw0ln0hax4ryep9l,0.75,LIKELY_MATCH,0,,134783,44147,WJ6IFJIPABW1VG3K,WJ6IFJIPABW1VG3K,order_tolnotfbezco,
razorpay,rzp_norm_pay_rkwswaj8nqnz8d,bank,bank_norm_banktxn_ebze4mc1u1t62ixv,0.75,LIKELY_MATCH,0,,2686150,0,XCGOO1X7GIXP28PL,XCGOO1X7GIXP28PL,order_zlg2jil1ezpc,
razorpay,rzp_norm_pay_s87n42z531gie0,bank,bank_norm_banktxn_jf53tlewu5h6hbri,0.75,LIKELY_MATCH,0,,14782,14968,SQCZ0XBOCAPSQE65,SQCZ0XBOCAPSQE65,order_28tve80olpi9,
razorpay,rzp_norm_pay_sbqllw4d8r6clg,bank,bank_norm_banktxn_lpiwekqbztlc6wgy,0.75,LIKELY_MATCH,0,,8720,8015,KE2HPUJ1T6YNEE74,KE2HPUJ1T6YNEE74,order_8s05z8dc833a,
razorpay,rzp_norm_pay_sst7oc7kcx3p9t,bank,bank_norm_banktxn_zia0jngbwvotlrsk,0.75,LIKELY_MATCH,0,,74847,19835,8R2WELZYTIDNJ3WK,8R2WELZYTIDNJ3WK,order_wp75x4azehh2,
razorpay,rzp_norm_pay_tmrdzconb0csnx,bank,bank_norm_banktxn_19b85q73s3k6yhc1,0.75,LIKELY_MATCH,0,,100854,0,UP2GH31UTVBUY62N,UP2GH31UTVBUY62N,order_c0jl6ngw0h2h,
razorpay,rzp_norm_pay_torryb7aviqa6d,bank,bank_norm_banktxn_mqiwmyrjvrqmkvv0,0.75,LIKELY_MATCH,0,,472424,302474,AK2JJ4JVNDSRCSZB,AK2JJ4JVNDSRCSZB,order_djnmzbnpmpa4,
razorpay,rzp_norm_pay_twd0sl06pc9v1c,bank,bank_norm_banktxn_ujoubowqc05ede8v,0.75,LIKELY_MATCH,0,,1153482,0,AT94BPGKICOVQWUR,AT94BPGKICOVQWUR,order_h7g61m8opcqj,
razorpay,rzp_norm_pay_tx751y39fyzfpu,bank,bank_norm_banktxn_93e4um4gk021cnu8,0.75,LIKELY_MATCH,0,,1923167,0,CMISBXPFPAJ1AEWG,CMISBXPFPAJ1AEWG,order_08mskfmrjh44,
razorpay,rzp_norm_pay_uc3xt5hc1c0913,bank,bank_norm_banktxn_db8tbkg27ifzivni,0.75,LIKELY_MATCH,0,,613436,0,KSXYXA4EATEY7LB9,KSXYXA4EATEY7LB9,order_lpbp2u0biviw,
razorpay,rzp_norm_pay_ueuq8iapo88ng9,bank,bank_norm_banktxn_xh8edlxhsjaayfkq,0.75,LIKELY_MATCH,0,,151603,60794,F67TBBPJ4GVLQ004,F67TBBPJ4GVLQ004,order_2eqe35h36l9t,
razorpay,rzp_norm_pay_v603h026dx0oxh,bank,bank_norm_banktxn_wqc0k1n2ksevp5mr,0.75,LIKELY_MATCH,0,,245339,180485,3ML60TP817XHFNSU,3ML60TP817XHFNSU,order_vulrlnlkfnpo,
razorpay,rzp_norm_pay_vdkewic0u4wjqr,bank,bank_norm_banktxn_fwrmy8pe16o4w3c2,0.75,LIKELY_MATCH,0,,24070,0,CO2MU93SC54NQVQB,CO2MU93SC54NQVQB,order_01fl7h3dde6f,
razorpay,rzp_norm_pay_vjxkvwf3glkoks,bank,bank_norm_banktxn_rmcggb23i95wrsgt,0.75,LIKELY_MATCH,0,,1186963,0,PURGGGDQEAT2NQ6G,PURGGGDQEAT2NQ6G,order_pntwoz03ml48,
razorpay,rzp_norm_pay_vkrhd2ua6wwtt4,bank,bank_norm_banktxn_4z97avzywnag4p1x,0.75,LIKELY_MATCH,0,,1002159,0,72GYLSZQS79OKUAZ,72GYLSZQS79OKUAZ,order_r6okwtbeqfj4,
razorpay,rzp_norm_pay_vrw2tqzv3bhiqg,bank,bank_norm_banktxn_yzdpc6lpmwoqx6h3,0.75,LIKELY_MATCH,1,,185519,92759,192VNG99GZZ25JTO,192VNG99GZZ25JTO,order_hacmxohwh1bu,
razorpay,rzp_norm_pay_vxsa46oc07rl5q,bank,bank_norm_banktxn_ysx03kbg9e8mmgcc,0.75,LIKELY_MATCH,0,,609518,0,1DLWS5V3B03MKN06,1DLWS5V3B03MKN06,order_y21hub6kclu2,
razorpay,rzp_norm_pay_wv5o9yefmrz3kz,bank,bank_norm_banktxn_imvllnn1lkfo85s7,0.75,LIKELY_MATCH,0,,481761,48176100,PT18SVAWT4KONRNT,PT18SVAWT4KONRNT,order_42y17nddthck,
razorpay,rzp_norm_pay_x492vl031p5mnx,bank,bank_norm_banktxn_fz5krk2u0mrn40rd,0.75,LIKELY_MATCH,0,,18909,0,B86JYJH5CN5SPCD3,B86JYJH5CN5SPCD3,order_mea9ggkmrlbd,
razorpay,rzp_norm_pay_x6gjjfghqappbq,bank,bank_norm_banktxn_35d67fvws4yutxaf,0.75,LIKELY_MATCH,0,,476901,0,KLBATTUT5CNYQ7P1,KLBATTUT5CNYQ7P1,order_dm6x6eyechj5,
razorpay,rzp_norm_pay_xjgl6hdrvaxpx6,bank,bank_norm_banktxn_zrrden5kwy1t0kc8,0.75,LIKELY_MATCH,1,,227753,113876,FVY5HL01A6ST3NK9,FVY5HL01A6ST3NK9,order_5bd1dxwlry75,
razorpay,rzp_norm_pay_xt0g5c7zte8eck,bank,bank_norm_banktxn_axlw4ixy0kl4mlqv,0.75,LIKELY_MATCH,0,,473668,0,ZYFFCDSXVDEKX3KZ,ZYFFCDSXVDEKX3KZ,order_6l3q8cfjh1nf,
razorpay,rzp_norm_pay_ybsp1rt2p9n05u,bank,bank_norm_banktxn_a19tab7pf4vi6ez8,0.75,LIKELY_MATCH,0,,2643345,264334500,F8CRVFPLG35UD745,F8CRVFPLG35UD745,order_ap66y3kr3ofb,
razorpay,rzp_norm_pay_yikue94rm3bh9d,bank,bank_norm_banktxn_ec7v5gtkmg4azaib,0.75,LIKELY_MATCH,1,,119185,58186,XN1AF1M1RRS6GYLE,XN1AF1M1RRS6GYLE,order_xcmhg0t440ta,
razorpay,rzp_norm_pay_z7is9ctdmqi1tx,bank,bank_norm_banktxn_sn4zlv65rjmr2mnp,0.75,LIKELY_MATCH,0,,28691,0,IZDQT5GOUG2ROXWQ,IZDQT5GOUG2ROXWQ,order_e1ye3psxn6gm,
razorpay,rzp_norm_pay_zcfe4ao970le1u,bank,bank_norm_banktxn_3pc9ax15aqz3igqq,0.75,LIKELY_MATCH,0,,145050,14162700,SHBT3KIZKVYYSAZ9,SHBT3KIZKVYYSAZ9,order_5abq23z89wet,
razorpay,rzp_norm_pay_zdudlj0dc7ufdp,bank,bank_norm_banktxn_i9cleofvzlgvvtam,0.75,LIKELY_MATCH,0,,41063,0,VT6UKDNKQ2E91GZQ,VT6UKDNKQ2E91GZQ,order_fzkiotymjgnw,
razorpay,rzp_norm_pay_zosg80o7duryac,bank,bank_norm_banktxn_42boaak6cckq8wii,0.75,LIKELY_MATCH,0,,1998977,0,14BW4B5APDKZ7NRU,14BW4B5APDKZ7NRU,order_so5z8kd1yvxv,
razorpay,rzp_norm_pay_zoxhwgx4t0fp61,bank,bank_norm_banktxn_hii5mlrsheeexjql,0.75,LIKELY_MATCH,0,,45926,44450,C2SX674S6R32H1A5,C2SX674S6R32H1A5,order_3tt04sveukjc,
razorpay,rzp_norm_pay_3l5kmc9dj4nksu,bank,bank_norm_banktxn_ua1nsbs1vml5n4b8,0.7,LIKELY_MATCH,0,,433135,108477,QAZZUHF79S628OUO,QAZZUHF79S628OUO,order_lbij6za9aq7y,
razorpay,rzp_norm_pay_bc0qcmqudmvtnp,bank,bank_norm_banktxn_57zw90fy0rlwq84z,0.7,LIKELY_MATCH,0,,536863,0,D1D8JXBSJODK8ELQ,D1D8JXBSJODK8ELQ,order_iaxj40j02dau,
razorpay,rzp_norm_pay_x3gv2uwfsxvvla,bank,bank_norm_banktxn_auisyv6nlecd4se4,0.65,EXCEPTION,0,,478771,0,EWNS9XAP916QM6KK,EWNS9XAP916QM6KK,order_crco6xjnhh6y,
bank,bank_norm_banktxn_m6m3altyirh3xlwm,merchant,merch_norm_led_c48c90j53o05,0.6,EXCEPTION,0,,556718,556696,B0JYUV2RVOCDFAZR,,,order_d0klu2xdrzb6
